query_id,verse_id,query,positive,query_language,positive_language
BG_1_1_sa_en,BG_1_1,धृतराष्ट्र उवाच |धर्मक्षेत्रे कुरुक्षेत्रे समवेता युयुत्सवः |मामकाः पाण्डवाश्चैव किमकुर्वत सञ्जय |,"Dhritarashtra said: Sanjaya, gathered on the sacred soil of Kurukshetra, eager to fight, what did my children and the children of Pandu do?",sanskrit,english
BG_1_1_en_sa,BG_1_1,"Dhritarashtra said: Sanjaya, gathered on the sacred soil of Kurukshetra, eager to fight, what did my children and the children of Pandu do?",धृतराष्ट्र उवाच |धर्मक्षेत्रे कुरुक्षेत्रे समवेता युयुत्सवः |मामकाः पाण्डवाश्चैव किमकुर्वत सञ्जय |,english,sanskrit
BG_1_2_sa_en,BG_1_2,सञ्जय उवाच |दृष्ट्वा तु पाण्डवानीकं व्यूढं दुर्योधनस्तदा |आचार्यमुपसंगम्य राजा वचनमब्रवीत् |,"Sanjaya said: At that time, seeing the army of the Pandavas drawn up for battle and approaching Dronacharya King Duryodhana spoke these words:",sanskrit,english
BG_1_2_en_sa,BG_1_2,"Sanjaya said: At that time, seeing the army of the Pandavas drawn up for battle and approaching Dronacharya King Duryodhana spoke these words:",सञ्जय उवाच |दृष्ट्वा तु पाण्डवानीकं व्यूढं दुर्योधनस्तदा |आचार्यमुपसंगम्य राजा वचनमब्रवीत् |,english,sanskrit
BG_1_3_sa_en,BG_1_3,पश्यैतां पाण्डुपुत्राणामाचार्य महतीं चमूम् |व्यूढां द्रुपदपुत्रेण तव शिष्येण धीमता |,"Behold, Master, the mighty army of the sons of Pandu arrayed for battle by your talented pupil, Dhristadyumna, son of Drupada.",sanskrit,english
BG_1_3_en_sa,BG_1_3,"Behold, Master, the mighty army of the sons of Pandu arrayed for battle by your talented pupil, Dhristadyumna, son of Drupada.",पश्यैतां पाण्डुपुत्राणामाचार्य महतीं चमूम् |व्यूढां द्रुपदपुत्रेण तव शिष्येण धीमता |,english,sanskrit
BG_1_4_sa_en,BG_1_4,अत्र शूरा महेष्वासा भीमार्जुनसमा युधि |युयुधानो विराटश्च द्रुपदश्च महारथः |,"The strong Yodhamanyu and the brave Uttamaujas, the son\nof Subhadra, and the sons of Draupadi, all of great chariots",sanskrit,english
BG_1_4_en_sa,BG_1_4,"The strong Yodhamanyu and the brave Uttamaujas, the son\nof Subhadra, and the sons of Draupadi, all of great chariots",अत्र शूरा महेष्वासा भीमार्जुनसमा युधि |युयुधानो विराटश्च द्रुपदश्च महारथः |,english,sanskrit
BG_1_5_sa_en,BG_1_5,धृष्टकेतुश्चेकितानः काशिराजश्च वीर्यवान् |पुरुजित्कुन्तिभोजश्च शैब्यश्च नरपुंगवः |,"Dhrishtaketu, chekitana and the valiant king of Kasi, Purujit and Kuntibhoja and Saibya, the best men",sanskrit,english
BG_1_5_en_sa,BG_1_5,"Dhrishtaketu, chekitana and the valiant king of Kasi, Purujit and Kuntibhoja and Saibya, the best men",धृष्टकेतुश्चेकितानः काशिराजश्च वीर्यवान् |पुरुजित्कुन्तिभोजश्च शैब्यश्च नरपुंगवः |,english,sanskrit
BG_1_6_sa_en,BG_1_6,युधामन्युश्च विक्रान्त उत्तमौजाश्च वीर्यवान् |सौभद्रो द्रौपदेयाश्च सर्व एव महारथाः |,"the best of men and mighty Yudhamanyu, and valiant Uttamauja, Abhimanyu, the son of Subhadra, and the five sons of Draupadi,—all of them Maharathis.",sanskrit,english
BG_1_6_en_sa,BG_1_6,"the best of men and mighty Yudhamanyu, and valiant Uttamauja, Abhimanyu, the son of Subhadra, and the five sons of Draupadi,—all of them Maharathis.",युधामन्युश्च विक्रान्त उत्तमौजाश्च वीर्यवान् |सौभद्रो द्रौपदेयाश्च सर्व एव महारथाः |,english,sanskrit
BG_1_7_sa_en,BG_1_7,अस्माकं तु विशिष्टा ये तान्निबोध द्विजोत्तम |नायका मम सैन्यस्य संज्ञार्थं तान्ब्रवीमि ते |,"Know also, O best among the twice-born! the names of those who are the most distinguished amongst ourselves, the leaders of my army; these I name to thee for thy information.",sanskrit,english
BG_1_7_en_sa,BG_1_7,"Know also, O best among the twice-born! the names of those who are the most distinguished amongst ourselves, the leaders of my army; these I name to thee for thy information.",अस्माकं तु विशिष्टा ये तान्निबोध द्विजोत्तम |नायका मम सैन्यस्य संज्ञार्थं तान्ब्रवीमि ते |,english,sanskrit
BG_1_9_sa_en,BG_1_9,अन्ये च बहवः शूरा मदर्थे त्यक्तजीविताः |नानाशस्त्रप्रहरणाः सर्वे युद्धविशारदाः |,"And there are many other heroes, equipped with various weapons and missiles, who have staked their lives for me, all skilled in warfare.",sanskrit,english
BG_1_9_en_sa,BG_1_9,"And there are many other heroes, equipped with various weapons and missiles, who have staked their lives for me, all skilled in warfare.",अन्ये च बहवः शूरा मदर्थे त्यक्तजीविताः |नानाशस्त्रप्रहरणाः सर्वे युद्धविशारदाः |,english,sanskrit
BG_1_10_sa_en,BG_1_10,अपर्याप्तं तदस्माकं बलं भीष्माभिरक्षितम् |पर्याप्तं त्विदमेतेषां बलं भीमाभिरक्षितम् |,"This army of ours, fully protected byBhishma, is unconquerable; while that army of theirs, guarded in every way by Bhima, is easy to conquer.",sanskrit,english
BG_1_10_en_sa,BG_1_10,"This army of ours, fully protected byBhishma, is unconquerable; while that army of theirs, guarded in every way by Bhima, is easy to conquer.",अपर्याप्तं तदस्माकं बलं भीष्माभिरक्षितम् |पर्याप्तं त्विदमेतेषां बलं भीमाभिरक्षितम् |,english,sanskrit
BG_1_12_sa_en,BG_1_12,तस्य सञ्जनयन्हर्षं कुरुवृद्धः पितामहः |सिंहनादं विनद्योच्चैः शङ्खं दध्मौ प्रतापवान् |,"The grand old man of the Kaurava race, their glorious grand-uncle Bhishma, cheering up Duryodhana, roared terribly like a lion and blew his conch.",sanskrit,english
BG_1_12_en_sa,BG_1_12,"The grand old man of the Kaurava race, their glorious grand-uncle Bhishma, cheering up Duryodhana, roared terribly like a lion and blew his conch.",तस्य सञ्जनयन्हर्षं कुरुवृद्धः पितामहः |सिंहनादं विनद्योच्चैः शङ्खं दध्मौ प्रतापवान् |,english,sanskrit
BG_1_13_sa_en,BG_1_13,ततः शङ्खाश्च भेर्यश्च पणवानकगोमुखाः |सहसैवाभ्यहन्यन्त स शब्दस्तुमुलोऽभवत् |,"Then conches kettledrums tabors, drums and trumpets suddenly blared forth and the noise was tumultuous.",sanskrit,english
BG_1_13_en_sa,BG_1_13,"Then conches kettledrums tabors, drums and trumpets suddenly blared forth and the noise was tumultuous.",ततः शङ्खाश्च भेर्यश्च पणवानकगोमुखाः |सहसैवाभ्यहन्यन्त स शब्दस्तुमुलोऽभवत् |,english,sanskrit
BG_1_14_sa_en,BG_1_14,ततः श्वेतैर्हयैर्युक्ते महति स्यन्दने स्थितौ |माधवः पाण्डवश्चैव दिव्यौ शङ्खौ प्रदध्मतुः |,"Then seated in a glorious chariot drawn by white horses, Shree Krishna as well as Arjuna blew their celestial conches.",sanskrit,english
BG_1_14_en_sa,BG_1_14,"Then seated in a glorious chariot drawn by white horses, Shree Krishna as well as Arjuna blew their celestial conches.",ततः श्वेतैर्हयैर्युक्ते महति स्यन्दने स्थितौ |माधवः पाण्डवश्चैव दिव्यौ शङ्खौ प्रदध्मतुः |,english,sanskrit
BG_1_16_sa_en,BG_1_16,अनन्तविजयं राजा कुन्तीपुत्रो युधिष्ठिरः |नकुलः सहदेवश्च सुघोषमणिपुष्पकौ |,"King Yudhisthira, son of Kunti, blew his conch Anantavijaya; while Nakula and Sahadeva blew theirs, known as Sughosa and Manipuspaka respectively.",sanskrit,english
BG_1_16_en_sa,BG_1_16,"King Yudhisthira, son of Kunti, blew his conch Anantavijaya; while Nakula and Sahadeva blew theirs, known as Sughosa and Manipuspaka respectively.",अनन्तविजयं राजा कुन्तीपुत्रो युधिष्ठिरः |नकुलः सहदेवश्च सुघोषमणिपुष्पकौ |,english,sanskrit
BG_1_17_sa_en,BG_1_17,काश्यश्च परमेष्वासः शिखण्डी च महारथः |धृष्टद्युम्नो विराटश्च सात्यकिश्चापराजितः |,"And the excellent archer, the King of Kasi and Sikhandi the Maharathi,",sanskrit,english
BG_1_17_en_sa,BG_1_17,"And the excellent archer, the King of Kasi and Sikhandi the Maharathi,",काश्यश्च परमेष्वासः शिखण्डी च महारथः |धृष्टद्युम्नो विराटश्च सात्यकिश्चापराजितः |,english,sanskrit
BG_1_18_sa_en,BG_1_18,द्रुपदो द्रौपदेयाश्च सर्वशः पृथिवीपते |सौभद्रश्च महाबाहुः शङ्खान्दध्मुः पृथक्पृथक् |,"and the sons of Drupada and Draupadi, and the mighty-armed Subhadra's son Abhimanyu—all of them, O King, blew their respective conches separately.",sanskrit,english
BG_1_18_en_sa,BG_1_18,"and the sons of Drupada and Draupadi, and the mighty-armed Subhadra's son Abhimanyu—all of them, O King, blew their respective conches separately.",द्रुपदो द्रौपदेयाश्च सर्वशः पृथिवीपते |सौभद्रश्च महाबाहुः शङ्खान्दध्मुः पृथक्पृथक् |,english,sanskrit
BG_1_20_sa_en,BG_1_20,अथ व्यवस्थितान्दृष्ट्वा धार्तराष्ट्रान् कपिध्वजः |प्रवृत्ते शस्त्रसम्पाते धनुरुद्यम्य पाण्डवः |हृषीकेशं तदा वाक्यमिदमाह महीपते |,"Then, seeing the arranged armies of the sons of Dhritarashtra, the one with the banner of Hanumantook up his bow, ready for battle. Now, O lord of the earth, seeing your sons arrayed against him, and when missiles were ready to be hurled, Arjuna, son of Pandu, took up his bow and then addressed the following words to Shree Krishna; Krishna, place my chariot between the two armies.",sanskrit,english
BG_1_20_en_sa,BG_1_20,"Then, seeing the arranged armies of the sons of Dhritarashtra, the one with the banner of Hanumantook up his bow, ready for battle. Now, O lord of the earth, seeing your sons arrayed against him, and when missiles were ready to be hurled, Arjuna, son of Pandu, took up his bow and then addressed the following words to Shree Krishna; Krishna, place my chariot between the two armies.",अथ व्यवस्थितान्दृष्ट्वा धार्तराष्ट्रान् कपिध्वजः |प्रवृत्ते शस्त्रसम्पाते धनुरुद्यम्य पाण्डवः |हृषीकेशं तदा वाक्यमिदमाह महीपते |,english,sanskrit
BG_1_22_sa_en,BG_1_22,यावदेतान्निरीक्षेऽहं योद्धुकामानवस्थितान् |कैर्मया सह योद्धव्यमस्मिन् रणसमुद्यमे |,"And keep it there till I have carefully observed these warriors drawn up for battle, and have seen with whom I have to engage in this fight.",sanskrit,english
BG_1_22_en_sa,BG_1_22,"And keep it there till I have carefully observed these warriors drawn up for battle, and have seen with whom I have to engage in this fight.",यावदेतान्निरीक्षेऽहं योद्धुकामानवस्थितान् |कैर्मया सह योद्धव्यमस्मिन् रणसमुद्यमे |,english,sanskrit
BG_1_24_sa_en,BG_1_24,सञ्जय उवाच |एवमुक्तो हृषीकेशो गुडाकेशेन भारत |सेनयोरुभयोर्मध्ये स्थापयित्वा रथोत्तमम् |,"Thus addressed, Hrishikesha, the son of Gudakesha, stationed the best chariot in the midst of the armies, sounding the war-cry.",sanskrit,english
BG_1_24_en_sa,BG_1_24,"Thus addressed, Hrishikesha, the son of Gudakesha, stationed the best chariot in the midst of the armies, sounding the war-cry.",सञ्जय उवाच |एवमुक्तो हृषीकेशो गुडाकेशेन भारत |सेनयोरुभयोर्मध्ये स्थापयित्वा रथोत्तमम् |,english,sanskrit
BG_1_25_sa_en,BG_1_25,भीष्मद्रोणप्रमुखतः सर्वेषां च महीक्षिताम् |उवाच पार्थ पश्यैतान्समवेतान्कुरूनिति |,"At the head of all the kings, led by Bhishma and Drona, Arjuna, O son of Kunti, behold these Kurus gathered together",sanskrit,english
BG_1_25_en_sa,BG_1_25,"At the head of all the kings, led by Bhishma and Drona, Arjuna, O son of Kunti, behold these Kurus gathered together",भीष्मद्रोणप्रमुखतः सर्वेषां च महीक्षिताम् |उवाच पार्थ पश्यैतान्समवेतान्कुरूनिति |,english,sanskrit
BG_1_26_sa_en,BG_1_26,तत्रापश्यत्स्थितान्पार्थः पितॄनथ पितामहान् |आचार्यान्मातुलान्भ्रातॄन्पुत्रान्पौत्रान्सखींस्तथा |,"Now Arjuna saw stationed there in both the armies his uncles, grand-uncles and teachers, even great grand-uncles, maternal uncles, brothers and cousins, sons and nephews, and grand-nephews, even so friends, fathers-in-law and well-wishers as well.",sanskrit,english
BG_1_26_en_sa,BG_1_26,"Now Arjuna saw stationed there in both the armies his uncles, grand-uncles and teachers, even great grand-uncles, maternal uncles, brothers and cousins, sons and nephews, and grand-nephews, even so friends, fathers-in-law and well-wishers as well.",तत्रापश्यत्स्थितान्पार्थः पितॄनथ पितामहान् |आचार्यान्मातुलान्भ्रातॄन्पुत्रान्पौत्रान्सखींस्तथा |,english,sanskrit
BG_1_27_sa_en,BG_1_27,श्वशुरान्सुहृदश्चैव सेनयोरुभयोरपि |तान्समीक्ष्य स कौन्तेयः सर्वान्बन्धूनवस्थितान् |,"Seeing all those relations present there, Arjuna was filled with deep compassion, and uttered these words in sadness..",sanskrit,english
BG_1_27_en_sa,BG_1_27,"Seeing all those relations present there, Arjuna was filled with deep compassion, and uttered these words in sadness..",श्वशुरान्सुहृदश्चैव सेनयोरुभयोरपि |तान्समीक्ष्य स कौन्तेयः सर्वान्बन्धूनवस्थितान् |,english,sanskrit
BG_1_28_sa_en,BG_1_28,कृपया परयाविष्टो विषीदन्निदमब्रवीत् |अर्जुन उवाच |दृष्ट्वेमं स्वजनं कृष्ण युयुत्सुं समुपस्थितम् |,"Arjuna said—O Krishna! Seeing my own kinsmen eager to fight, my limbs are weakening, my mouth is drying up, and my body is trembling with shivers and goosebumps.",sanskrit,english
BG_1_28_en_sa,BG_1_28,"Arjuna said—O Krishna! Seeing my own kinsmen eager to fight, my limbs are weakening, my mouth is drying up, and my body is trembling with shivers and goosebumps.",कृपया परयाविष्टो विषीदन्निदमब्रवीत् |अर्जुन उवाच |दृष्ट्वेमं स्वजनं कृष्ण युयुत्सुं समुपस्थितम् |,english,sanskrit
BG_1_29_sa_en,BG_1_29,सीदन्ति मम गात्राणि मुखं च परिशुष्यति |वेपथुश्च शरीरे मे रोमहर्षश्च जायते |,"My mouth is drying up, my body shivers, and my hair stands on end.",sanskrit,english
BG_1_29_en_sa,BG_1_29,"My mouth is drying up, my body shivers, and my hair stands on end.",सीदन्ति मम गात्राणि मुखं च परिशुष्यति |वेपथुश्च शरीरे मे रोमहर्षश्च जायते |,english,sanskrit
BG_1_30_sa_en,BG_1_30,गाण्डीवं स्रंसते हस्तात्त्वक्चैव परिदह्यते |न च शक्नोम्यवस्थातुं भ्रमतीव च मे मनः |,"The bow, Gandiva, slips from my hand and my skin too burns all over; my brain is whirling, as it were, and I can stand no longer.",sanskrit,english
BG_1_30_en_sa,BG_1_30,"The bow, Gandiva, slips from my hand and my skin too burns all over; my brain is whirling, as it were, and I can stand no longer.",गाण्डीवं स्रंसते हस्तात्त्वक्चैव परिदह्यते |न च शक्नोम्यवस्थातुं भ्रमतीव च मे मनः |,english,sanskrit
BG_1_31_sa_en,BG_1_31,निमित्तानि च पश्यामि विपरीतानि केशव |न च श्रेयोऽनुपश्यामि हत्वा स्वजनमाहवे |,"And, Keshava, I see such omens of evil, nor do I see any good in killing my kinsmen in battle",sanskrit,english
BG_1_31_en_sa,BG_1_31,"And, Keshava, I see such omens of evil, nor do I see any good in killing my kinsmen in battle",निमित्तानि च पश्यामि विपरीतानि केशव |न च श्रेयोऽनुपश्यामि हत्वा स्वजनमाहवे |,english,sanskrit
BG_1_32_sa_en,BG_1_32,न काङ्क्षे विजयं कृष्ण न च राज्यं सुखानि च |किं नो राज्येन गोविन्द किं भोगैर्जीवितेन वा |,"Krishna, I do not covet victory, nor kingdom nor pleasures. Govinda, of what use will kingdom, or luxuries, or even life be to us!",sanskrit,english
BG_1_32_en_sa,BG_1_32,"Krishna, I do not covet victory, nor kingdom nor pleasures. Govinda, of what use will kingdom, or luxuries, or even life be to us!",न काङ्क्षे विजयं कृष्ण न च राज्यं सुखानि च |किं नो राज्येन गोविन्द किं भोगैर्जीवितेन वा |,english,sanskrit
BG_1_33_sa_en,BG_1_33,येषामर्थे काङ्क्षितं नो राज्यं भोगाः सुखानि च |त इमेऽवस्थिता युद्धे प्राणांस्त्यक्त्वा धनानि च |,"Those very persons for whose sake we covet the throne, luxuries and pleasures—are here arrayed on the battlefield, having renounced wealth and even life itself.",sanskrit,english
BG_1_33_en_sa,BG_1_33,"Those very persons for whose sake we covet the throne, luxuries and pleasures—are here arrayed on the battlefield, having renounced wealth and even life itself.",येषामर्थे काङ्क्षितं नो राज्यं भोगाः सुखानि च |त इमेऽवस्थिता युद्धे प्राणांस्त्यक्त्वा धनानि च |,english,sanskrit
BG_1_34_sa_en,BG_1_34,आचार्याः पितरः पुत्रास्तथैव च पितामहाः |मातुलाः श्वशुराः पौत्राः श्यालाः सम्बन्धिनस्तथा |,"Teachers, fathers, sons, grandfathers, maternal uncles, fathers-in-law, grandsons, brothers-in-law and other relatives are also present here in battle.",sanskrit,english
BG_1_34_en_sa,BG_1_34,"Teachers, fathers, sons, grandfathers, maternal uncles, fathers-in-law, grandsons, brothers-in-law and other relatives are also present here in battle.",आचार्याः पितरः पुत्रास्तथैव च पितामहाः |मातुलाः श्वशुराः पौत्राः श्यालाः सम्बन्धिनस्तथा |,english,sanskrit
BG_1_35_sa_en,BG_1_35,एतान्न हन्तुमिच्छामि घ्नतोऽपि मधुसूदन |अपि त्रैलोक्यराज्यस्य हेतोः किं नु महीकृते |,"O Slayer of Madhu, I do not want to kill them, though they should slay me, even for the throne of the three worlds; how much the less from earthly lordship!",sanskrit,english
BG_1_35_en_sa,BG_1_35,"O Slayer of Madhu, I do not want to kill them, though they should slay me, even for the throne of the three worlds; how much the less from earthly lordship!",एतान्न हन्तुमिच्छामि घ्नतोऽपि मधुसूदन |अपि त्रैलोक्यराज्यस्य हेतोः किं नु महीकृते |,english,sanskrit
BG_1_36_sa_en,BG_1_36,निहत्य धार्तराष्ट्रान्नः का प्रीतिः स्याज्जनार्दन |पापमेवाश्रयेदस्मान्हत्वैतानाततायिनः |,"Krishna, how can we hope to be happy slaying the sons of Dhrtarastra; killing these desperadoes sin will surely take hold of us.",sanskrit,english
BG_1_36_en_sa,BG_1_36,"Krishna, how can we hope to be happy slaying the sons of Dhrtarastra; killing these desperadoes sin will surely take hold of us.",निहत्य धार्तराष्ट्रान्नः का प्रीतिः स्याज्जनार्दन |पापमेवाश्रयेदस्मान्हत्वैतानाततायिनः |,english,sanskrit
BG_1_37_sa_en,BG_1_37,तस्मान्नार्हा वयं हन्तुं धार्तराष्ट्रान्स्वबान्धवान् |स्वजनं हि कथं हत्वा सुखिनः स्याम माधव |,"Therefore, Krishna, it does not behove us to kill our relations, the sons of Dhritarashtra. For how can we be happy after killing our own kinsmen?",sanskrit,english
BG_1_37_en_sa,BG_1_37,"Therefore, Krishna, it does not behove us to kill our relations, the sons of Dhritarashtra. For how can we be happy after killing our own kinsmen?",तस्मान्नार्हा वयं हन्तुं धार्तराष्ट्रान्स्वबान्धवान् |स्वजनं हि कथं हत्वा सुखिनः स्याम माधव |,english,sanskrit
BG_1_38_sa_en,BG_1_38,यद्यप्येते न पश्यन्ति लोभोपहतचेतसः |कुलक्षयकृतं दोषं मित्रद्रोहे च पातकम् |,"Even if these people, with minds blinded by greed; perceive no evil in destroying their own race",sanskrit,english
BG_1_38_en_sa,BG_1_38,"Even if these people, with minds blinded by greed; perceive no evil in destroying their own race",यद्यप्येते न पश्यन्ति लोभोपहतचेतसः |कुलक्षयकृतं दोषं मित्रद्रोहे च पातकम् |,english,sanskrit
BG_1_41_sa_en,BG_1_41,अधर्माभिभवात्कृष्ण प्रदुष्यन्ति कुलस्त्रियः |स्त्रीषु दुष्टासु वार्ष्णेय जायते वर्णसङ्करः |,"With the preponderance of vice, Krishna, the women of the family become corrupt; and with the corruption of women, O descendant of Vrsni, there ensues an intermixture of castes.",sanskrit,english
BG_1_41_en_sa,BG_1_41,"With the preponderance of vice, Krishna, the women of the family become corrupt; and with the corruption of women, O descendant of Vrsni, there ensues an intermixture of castes.",अधर्माभिभवात्कृष्ण प्रदुष्यन्ति कुलस्त्रियः |स्त्रीषु दुष्टासु वार्ष्णेय जायते वर्णसङ्करः |,english,sanskrit
BG_1_42_sa_en,BG_1_42,सङ्करो नरकायैव कुलघ्नानां कुलस्य च |पतन्ति पितरो ह्येषां लुप्तपिण्डोदकक्रियाः |,Admixture of blood damns the destroyers of the race as well as the race itself. Deprived of the offerings of rice and waterthe manes of their race also fall.,sanskrit,english
BG_1_42_en_sa,BG_1_42,Admixture of blood damns the destroyers of the race as well as the race itself. Deprived of the offerings of rice and waterthe manes of their race also fall.,सङ्करो नरकायैव कुलघ्नानां कुलस्य च |पतन्ति पितरो ह्येषां लुप्तपिण्डोदकक्रियाः |,english,sanskrit
BG_1_44_sa_en,BG_1_44,उत्सन्नकुलधर्माणां मनुष्याणां जनार्दन |नरके नियतं वासो भवतीत्यनुशुश्रुम (or नरकेऽनियतं) |,"Krishna, we hear that men who have lost their family traditions dwell in hell for an indefinite period of time.",sanskrit,english
BG_1_44_en_sa,BG_1_44,"Krishna, we hear that men who have lost their family traditions dwell in hell for an indefinite period of time.",उत्सन्नकुलधर्माणां मनुष्याणां जनार्दन |नरके नियतं वासो भवतीत्यनुशुश्रुम (or नरकेऽनियतं) |,english,sanskrit
BG_1_45_sa_en,BG_1_45,अहो बत महत्पापं कर्तुं व्यवसिता वयम् |यद्राज्यसुखलोभेन हन्तुं स्वजनमुद्यताः |,Oh what a pity! Though possessed of intelligence we have set our mind on the commission of a great sin in that due to lust,sanskrit,english
BG_1_45_en_sa,BG_1_45,Oh what a pity! Though possessed of intelligence we have set our mind on the commission of a great sin in that due to lust,अहो बत महत्पापं कर्तुं व्यवसिता वयम् |यद्राज्यसुखलोभेन हन्तुं स्वजनमुद्यताः |,english,sanskrit
BG_1_46_sa_en,BG_1_46,यदि मामप्रतीकारमशस्त्रं शस्त्रपाणयः |धार्तराष्ट्रा रणे हन्युस्तन्मे क्षेमतरं भवेत् |,"It would be better for me if the sons of Dhritarashtra, armed with weapons, killed me in battle while I was unarmed and unresisting.",sanskrit,english
BG_1_46_en_sa,BG_1_46,"It would be better for me if the sons of Dhritarashtra, armed with weapons, killed me in battle while I was unarmed and unresisting.",यदि मामप्रतीकारमशस्त्रं शस्त्रपाणयः |धार्तराष्ट्रा रणे हन्युस्तन्मे क्षेमतरं भवेत् |,english,sanskrit
BG_1_47_sa_en,BG_1_47,सञ्जय उवाच |एवमुक्त्वार्जुनः सङ्ख्ये रथोपस्थ उपाविशत् |विसृज्य सशरं चापं शोकसंविग्नमानसः |,"Thus addressed, Sanjaya, standing in the midst of the armies, sat down on the chariot’s seat, his mind overwhelmed with grief, and having set aside his bow and arrows.",sanskrit,english
BG_1_47_en_sa,BG_1_47,"Thus addressed, Sanjaya, standing in the midst of the armies, sat down on the chariot’s seat, his mind overwhelmed with grief, and having set aside his bow and arrows.",सञ्जय उवाच |एवमुक्त्वार्जुनः सङ्ख्ये रथोपस्थ उपाविशत् |विसृज्य सशरं चापं शोकसंविग्नमानसः |,english,sanskrit
BG_2_1_sa_en,BG_2_1,सञ्जय उवाच |तं तथा कृपयाविष्टमश्रुपूर्णाकुलेक्षणम् |विषीदन्तमिदं वाक्यमुवाच मधुसूदनः |,"Sanjaya said: Shree Krishna then addressed the following words to Arjuna, who was as mentioned before overwhelmed with pity, whose eyes were filled with tears and agitated, and who was full of sorrow.",sanskrit,english
BG_2_1_en_sa,BG_2_1,"Sanjaya said: Shree Krishna then addressed the following words to Arjuna, who was as mentioned before overwhelmed with pity, whose eyes were filled with tears and agitated, and who was full of sorrow.",सञ्जय उवाच |तं तथा कृपयाविष्टमश्रुपूर्णाकुलेक्षणम् |विषीदन्तमिदं वाक्यमुवाच मधुसूदनः |,english,sanskrit
BG_2_3_sa_en,BG_2_3,क्लैब्यं मा स्म गमः पार्थ नैतत्त्वय्युपपद्यते |क्षुद्रं हृदयदौर्बल्यं त्यक्त्वोत्तिष्ठ परन्तप |,"Yield not to unmanliness, Arjuna; ill does it become you. Shaking off this paltry faint-heartedness stand up, O scorcher of enemies.",sanskrit,english
BG_2_3_en_sa,BG_2_3,"Yield not to unmanliness, Arjuna; ill does it become you. Shaking off this paltry faint-heartedness stand up, O scorcher of enemies.",क्लैब्यं मा स्म गमः पार्थ नैतत्त्वय्युपपद्यते |क्षुद्रं हृदयदौर्बल्यं त्यक्त्वोत्तिष्ठ परन्तप |,english,sanskrit
BG_2_5_sa_en,BG_2_5,गुरूनहत्वा हि महानुभावान्श्रेयो भोक्तुं भैक्ष्यमपीह लोके |हत्वार्थकामांस्तु गुरूनिहैवभुञ्जीय भोगान् रुधिरप्रदिग्धान् |,"Therefore, I consider it better not to kill these venerable teachers in this world, even if it means living on alms. For if I kill the teachers, I shall enjoy only the blood-stained wealth and pleasures of this world.",sanskrit,english
BG_2_5_en_sa,BG_2_5,"Therefore, I consider it better not to kill these venerable teachers in this world, even if it means living on alms. For if I kill the teachers, I shall enjoy only the blood-stained wealth and pleasures of this world.",गुरूनहत्वा हि महानुभावान्श्रेयो भोक्तुं भैक्ष्यमपीह लोके |हत्वार्थकामांस्तु गुरूनिहैवभुञ्जीय भोगान् रुधिरप्रदिग्धान् |,english,sanskrit
BG_2_6_sa_en,BG_2_6,न चैतद्विद्मः कतरन्नो गरीयोयद्वा जयेम यदि वा नो जयेयुः |यानेव हत्वा न जिजीविषामस्-तेऽवस्थिताः प्रमुखे धार्तराष्ट्राः |,"Wo do not even know which is preferable for us—to fight or not to fight; nor do we know whether we shall win or whether they will conquer us. Those very sons of Dhrtarastra, killing whom we do not even wish to live, stand in the enemy ranks.",sanskrit,english
BG_2_6_en_sa,BG_2_6,"Wo do not even know which is preferable for us—to fight or not to fight; nor do we know whether we shall win or whether they will conquer us. Those very sons of Dhrtarastra, killing whom we do not even wish to live, stand in the enemy ranks.",न चैतद्विद्मः कतरन्नो गरीयोयद्वा जयेम यदि वा नो जयेयुः |यानेव हत्वा न जिजीविषामस्-तेऽवस्थिताः प्रमुखे धार्तराष्ट्राः |,english,sanskrit
BG_2_7_sa_en,BG_2_7,कार्पण्यदोषोपहतस्वभावःपृच्छामि त्वां धर्मसम्मूढचेताः |यच्छ्रेयः स्यान्निश्चितं ब्रूहि तन्मेशिष्यस्तेऽहं शाधि मां त्वां प्रपन्नम् |,"With my very being tainted by the vice of faint-heartedness and my mind puzzled with regard to duty, I am asking you. Tell me that which is decidedly good; I am Your disciple. Pray instruct me, who have put myself into Your hands.",sanskrit,english
BG_2_7_en_sa,BG_2_7,"With my very being tainted by the vice of faint-heartedness and my mind puzzled with regard to duty, I am asking you. Tell me that which is decidedly good; I am Your disciple. Pray instruct me, who have put myself into Your hands.",कार्पण्यदोषोपहतस्वभावःपृच्छामि त्वां धर्मसम्मूढचेताः |यच्छ्रेयः स्यान्निश्चितं ब्रूहि तन्मेशिष्यस्तेऽहं शाधि मां त्वां प्रपन्नम् |,english,sanskrit
BG_2_10_sa_en,BG_2_10,तमुवाच हृषीकेशः प्रहसन्निव भारत |सेनयोरुभयोर्मध्ये विषीदन्तमिदं वचः |,"Then, O Dhritarashtra, Shree Krishna, as if smiling, addressed the following words to sorrowing Arjuna, in the midst of the two armies.",sanskrit,english
BG_2_10_en_sa,BG_2_10,"Then, O Dhritarashtra, Shree Krishna, as if smiling, addressed the following words to sorrowing Arjuna, in the midst of the two armies.",तमुवाच हृषीकेशः प्रहसन्निव भारत |सेनयोरुभयोर्मध्ये विषीदन्तमिदं वचः |,english,sanskrit
BG_2_11_sa_en,BG_2_11,श्रीभगवानुवाच |अशोच्यानन्वशोचस्त्वं प्रज्ञावादांश्च भाषसे |गतासूनगतासूंश्च नानुशोचन्ति पण्डिताः |,"Shree Bhagavan said: Arjuna, you grieve over those who should not be grieved for, and yet speak like the learned; wise men do not sorrow over the dead or the living.",sanskrit,english
BG_2_11_en_sa,BG_2_11,"Shree Bhagavan said: Arjuna, you grieve over those who should not be grieved for, and yet speak like the learned; wise men do not sorrow over the dead or the living.",श्रीभगवानुवाच |अशोच्यानन्वशोचस्त्वं प्रज्ञावादांश्च भाषसे |गतासूनगतासूंश्च नानुशोचन्ति पण्डिताः |,english,sanskrit
BG_2_12_sa_en,BG_2_12,न त्वेवाहं जातु नासं न त्वं नेमे जनाधिपाः |न चैव न भविष्यामः सर्वे वयमतः परम् |,"In fact, there was never a time when I was not, or when you or these kings were not. Nor is it a fact that hereafter we shall all cease to be.",sanskrit,english
BG_2_12_en_sa,BG_2_12,"In fact, there was never a time when I was not, or when you or these kings were not. Nor is it a fact that hereafter we shall all cease to be.",न त्वेवाहं जातु नासं न त्वं नेमे जनाधिपाः |न चैव न भविष्यामः सर्वे वयमतः परम् |,english,sanskrit
BG_2_13_sa_en,BG_2_13,देहिनोऽस्मिन्यथा देहे कौमारं यौवनं जरा |तथा देहान्तरप्राप्तिर्धीरस्तत्र न मुह्यति |,"Just as boyhood, youth and old age are attributed to the soul through this body, even so it attains another body. The wise man does not get deluded about this.",sanskrit,english
BG_2_13_en_sa,BG_2_13,"Just as boyhood, youth and old age are attributed to the soul through this body, even so it attains another body. The wise man does not get deluded about this.",देहिनोऽस्मिन्यथा देहे कौमारं यौवनं जरा |तथा देहान्तरप्राप्तिर्धीरस्तत्र न मुह्यति |,english,sanskrit
BG_2_15_sa_en,BG_2_15,यं हि न व्यथयन्त्येते पुरुषं पुरुषर्षभ |समदुःखसुखं धीरं सोऽमृतत्वाय कल्पते |,"Arjuna, the wise man to whom pain and pleasure are the same, who is not disturbed by the contacts of the senses and their objects, is fit for immortality.",sanskrit,english
BG_2_15_en_sa,BG_2_15,"Arjuna, the wise man to whom pain and pleasure are the same, who is not disturbed by the contacts of the senses and their objects, is fit for immortality.",यं हि न व्यथयन्त्येते पुरुषं पुरुषर्षभ |समदुःखसुखं धीरं सोऽमृतत्वाय कल्पते |,english,sanskrit
BG_2_16_sa_en,BG_2_16,नासतो विद्यते भावो नाभावो विद्यते सतः |उभयोरपि दृष्टोऽन्तस्त्वनयोस्तत्त्वदर्शिभिः |,"The unreal has no existence, and the real never ceases to be, the reality of both has thus been perceived by the seers of truth.",sanskrit,english
BG_2_16_en_sa,BG_2_16,"The unreal has no existence, and the real never ceases to be, the reality of both has thus been perceived by the seers of truth.",नासतो विद्यते भावो नाभावो विद्यते सतः |उभयोरपि दृष्टोऽन्तस्त्वनयोस्तत्त्वदर्शिभिः |,english,sanskrit
BG_2_18_sa_en,BG_2_18,अन्तवन्त इमे देहा नित्यस्योक्ताः शरीरिणः |अनाशिनोऽप्रमेयस्य तस्माद्युध्यस्व भारत |,"Know that alone to be imperishable, which pervades this universe; for no one has power to destroy this indestructible substance.",sanskrit,english
BG_2_18_en_sa,BG_2_18,"Know that alone to be imperishable, which pervades this universe; for no one has power to destroy this indestructible substance.",अन्तवन्त इमे देहा नित्यस्योक्ताः शरीरिणः |अनाशिनोऽप्रमेयस्य तस्माद्युध्यस्व भारत |,english,sanskrit
BG_2_19_sa_en,BG_2_19,य एनं वेत्ति हन्तारं यश्चैनं मन्यते हतम् |उभौ तौ न विजानीतो नायं हन्ति न हन्यते |,"All these bodies pertaining to the imperishable, indefinable and eternal soul are spoken of as perishable; therefore, Arjuna, fight.",sanskrit,english
BG_2_19_en_sa,BG_2_19,"All these bodies pertaining to the imperishable, indefinable and eternal soul are spoken of as perishable; therefore, Arjuna, fight.",य एनं वेत्ति हन्तारं यश्चैनं मन्यते हतम् |उभौ तौ न विजानीतो नायं हन्ति न हन्यते |,english,sanskrit
BG_2_20_sa_en,BG_2_20,न जायते म्रियते वा कदाचिन्नायं भूत्वा भविता वा न भूयः |अजो नित्यः शाश्वतोऽयं पुराणोन हन्यते हन्यमाने शरीरे |,"The soul is never born nor dies; nor does it become only after being born. For it is unborn, eternal, everlasting and ancient; even though the body is slain, the soul is not.",sanskrit,english
BG_2_20_en_sa,BG_2_20,"The soul is never born nor dies; nor does it become only after being born. For it is unborn, eternal, everlasting and ancient; even though the body is slain, the soul is not.",न जायते म्रियते वा कदाचिन्नायं भूत्वा भविता वा न भूयः |अजो नित्यः शाश्वतोऽयं पुराणोन हन्यते हन्यमाने शरीरे |,english,sanskrit
BG_2_21_sa_en,BG_2_21,वेदाविनाशिनं नित्यं य एनमजमव्ययम् |कथं स पुरुषः पार्थ कं घातयति हन्ति कम् |,"Arjuna, the man who knows this soul to be imperishable, eternal and free from birth and decay,—how and whom will he cause to be killed, how and whom will he kill?",sanskrit,english
BG_2_21_en_sa,BG_2_21,"Arjuna, the man who knows this soul to be imperishable, eternal and free from birth and decay,—how and whom will he cause to be killed, how and whom will he kill?",वेदाविनाशिनं नित्यं य एनमजमव्ययम् |कथं स पुरुषः पार्थ कं घातयति हन्ति कम् |,english,sanskrit
BG_2_22_sa_en,BG_2_22,वासांसि जीर्णानि यथा विहायनवानि गृह्णाति नरोऽपराणि |तथा शरीराणि विहाय जीर्णा-न्यन्यानि संयाति नवानि देही |,"As a man shedding worn-out garments, takes other new ones, likewise the embodied soul, casting off worn-out bodies, enters into others which are new.",sanskrit,english
BG_2_22_en_sa,BG_2_22,"As a man shedding worn-out garments, takes other new ones, likewise the embodied soul, casting off worn-out bodies, enters into others which are new.",वासांसि जीर्णानि यथा विहायनवानि गृह्णाति नरोऽपराणि |तथा शरीराणि विहाय जीर्णा-न्यन्यानि संयाति नवानि देही |,english,sanskrit
BG_2_23_sa_en,BG_2_23,नैनं छिन्दन्ति शस्त्राणि नैनं दहति पावकः |न चैनं क्लेदयन्त्यापो न शोषयति मारुतः |,"Weapons cannot cut it, nor can fire burn it; water cannot wet it nor can wind dry it.",sanskrit,english
BG_2_23_en_sa,BG_2_23,"Weapons cannot cut it, nor can fire burn it; water cannot wet it nor can wind dry it.",नैनं छिन्दन्ति शस्त्राणि नैनं दहति पावकः |न चैनं क्लेदयन्त्यापो न शोषयति मारुतः |,english,sanskrit
BG_2_24_sa_en,BG_2_24,अच्छेद्योऽयमदाह्योऽयमक्लेद्योऽशोष्य एव च |नित्यः सर्वगतः स्थाणुरचलोऽयं सनातनः |,"For this soul is incapable of being cut; it is proof against fire, impervious to water and undriable as well. This soul is eternal, omnipresent, immovable, constant and everlasting.",sanskrit,english
BG_2_24_en_sa,BG_2_24,"For this soul is incapable of being cut; it is proof against fire, impervious to water and undriable as well. This soul is eternal, omnipresent, immovable, constant and everlasting.",अच्छेद्योऽयमदाह्योऽयमक्लेद्योऽशोष्य एव च |नित्यः सर्वगतः स्थाणुरचलोऽयं सनातनः |,english,sanskrit
BG_2_25_sa_en,BG_2_25,अव्यक्तोऽयमचिन्त्योऽयमविकार्योऽयमुच्यते |तस्मादेवं विदित्वैनं नानुशोचितुमर्हसि |,"This soul is unmanifest; it is unthinkable; and it is spoken of as immutable. Therefore, knowing this as such, you should not grieve.",sanskrit,english
BG_2_25_en_sa,BG_2_25,"This soul is unmanifest; it is unthinkable; and it is spoken of as immutable. Therefore, knowing this as such, you should not grieve.",अव्यक्तोऽयमचिन्त्योऽयमविकार्योऽयमुच्यते |तस्मादेवं विदित्वैनं नानुशोचितुमर्हसि |,english,sanskrit
BG_2_26_sa_en,BG_2_26,अथ चैनं नित्यजातं नित्यं वा मन्यसे मृतम् |तथापि त्वं महाबाहो नैवं शोचितुमर्हसि |,"And, Arjuna, if you should suppose this soul to be subject to constant birth and death, even than you should not grieve like this.Hardly anyone perceives this soul as marvellous, scarce another likewise speaks thereof as marvellous, and scarce another hears of it as marvellous; while there are some who know it not even on hearing of it.",sanskrit,english
BG_2_26_en_sa,BG_2_26,"And, Arjuna, if you should suppose this soul to be subject to constant birth and death, even than you should not grieve like this.Hardly anyone perceives this soul as marvellous, scarce another likewise speaks thereof as marvellous, and scarce another hears of it as marvellous; while there are some who know it not even on hearing of it.",अथ चैनं नित्यजातं नित्यं वा मन्यसे मृतम् |तथापि त्वं महाबाहो नैवं शोचितुमर्हसि |,english,sanskrit
BG_2_27_sa_en,BG_2_27,जातस्य हि ध्रुवो मृत्युर्ध्रुवं जन्म मृतस्य च |तस्मादपरिहार्येऽर्थे न त्वं शोचितुमर्हसि |,"For in that case death is certain for the born, and rebirth is inevitable for the dead. You should not, therefore, grieve over the inevitable.",sanskrit,english
BG_2_27_en_sa,BG_2_27,"For in that case death is certain for the born, and rebirth is inevitable for the dead. You should not, therefore, grieve over the inevitable.",जातस्य हि ध्रुवो मृत्युर्ध्रुवं जन्म मृतस्य च |तस्मादपरिहार्येऽर्थे न त्वं शोचितुमर्हसि |,english,sanskrit
BG_2_28_sa_en,BG_2_28,अव्यक्तादीनि भूतानि व्यक्तमध्यानि भारत |अव्यक्तनिधनान्येव तत्र का परिदेवना |,"Arjuna, before birth beings are not manifest to our human senses; at death they return to the unmanifest. What is there to grieve about in such a state?",sanskrit,english
BG_2_28_en_sa,BG_2_28,"Arjuna, before birth beings are not manifest to our human senses; at death they return to the unmanifest. What is there to grieve about in such a state?",अव्यक्तादीनि भूतानि व्यक्तमध्यानि भारत |अव्यक्तनिधनान्येव तत्र का परिदेवना |,english,sanskrit
BG_2_29_sa_en,BG_2_29,आश्चर्यवत्पश्यति कश्चिदेन-माश्चर्यवद्वदति तथैव चान्यः |आश्चर्यवच्चैनमन्यः शृणोतिश्रुत्वाप्येनं वेद न चैव कश्चित् |,"Hardly anyone perceives this soul as marvellous, scarce another likewise speaks thereof as marvellous, and scarce another hears of it as marvellous; while there are some who know it not even on hearing of it.",sanskrit,english
BG_2_29_en_sa,BG_2_29,"Hardly anyone perceives this soul as marvellous, scarce another likewise speaks thereof as marvellous, and scarce another hears of it as marvellous; while there are some who know it not even on hearing of it.",आश्चर्यवत्पश्यति कश्चिदेन-माश्चर्यवद्वदति तथैव चान्यः |आश्चर्यवच्चैनमन्यः शृणोतिश्रुत्वाप्येनं वेद न चैव कश्चित् |,english,sanskrit
BG_2_30_sa_en,BG_2_30,देही नित्यमवध्योऽयं देहे सर्वस्य भारत |तस्मात्सर्वाणि भूतानि न त्वं शोचितुमर्हसि |,"Arjuna, this soul dwelling in the bodies of all can never be slain; therefore, you should not mourn for anyone.",sanskrit,english
BG_2_30_en_sa,BG_2_30,"Arjuna, this soul dwelling in the bodies of all can never be slain; therefore, you should not mourn for anyone.",देही नित्यमवध्योऽयं देहे सर्वस्य भारत |तस्मात्सर्वाणि भूतानि न त्वं शोचितुमर्हसि |,english,sanskrit
BG_2_31_sa_en,BG_2_31,स्वधर्ममपि चावेक्ष्य न विकम्पितुमर्हसि |धर्म्याद्धि युद्धाच्छ्रेयोऽन्यत्क्षत्रियस्य न विद्यते |,Besides: considering your own duty too you should not waver; for there is nothing superior for a warrior than a righteous war.,sanskrit,english
BG_2_31_en_sa,BG_2_31,Besides: considering your own duty too you should not waver; for there is nothing superior for a warrior than a righteous war.,स्वधर्ममपि चावेक्ष्य न विकम्पितुमर्हसि |धर्म्याद्धि युद्धाच्छ्रेयोऽन्यत्क्षत्रियस्य न विद्यते |,english,sanskrit
BG_2_32_sa_en,BG_2_32,यदृच्छया चोपपन्नं स्वर्गद्वारमपावृतम् |सुखिनः क्षत्रियाः पार्थ लभन्ते युद्धमीदृशम् |,"Arjuna, happy are the Ksatriyas who get such an unsolicited opportunity for war; which opens the door to heaven.",sanskrit,english
BG_2_32_en_sa,BG_2_32,"Arjuna, happy are the Ksatriyas who get such an unsolicited opportunity for war; which opens the door to heaven.",यदृच्छया चोपपन्नं स्वर्गद्वारमपावृतम् |सुखिनः क्षत्रियाः पार्थ लभन्ते युद्धमीदृशम् |,english,sanskrit
BG_2_33_sa_en,BG_2_33,अथ चेत्त्वमिमं धर्म्यं संग्रामं न करिष्यसि |ततः स्वधर्मं कीर्तिं च हित्वा पापमवाप्स्यसि |,"Now, if you refuse to fight this righteous war, then, shirking your duty and losing your reputation, you will incur sin.",sanskrit,english
BG_2_33_en_sa,BG_2_33,"Now, if you refuse to fight this righteous war, then, shirking your duty and losing your reputation, you will incur sin.",अथ चेत्त्वमिमं धर्म्यं संग्रामं न करिष्यसि |ततः स्वधर्मं कीर्तिं च हित्वा पापमवाप्स्यसि |,english,sanskrit
BG_2_34_sa_en,BG_2_34,अकीर्तिं चापि भूतानि कथयिष्यन्ति तेऽव्ययाम् |सम्भावितस्य चाकीर्तिर्मरणादतिरिच्यते |,"Nay, people will also pour undying infamy on you; and infamy brought on a man enjoying popular esteem is worse than death.",sanskrit,english
BG_2_34_en_sa,BG_2_34,"Nay, people will also pour undying infamy on you; and infamy brought on a man enjoying popular esteem is worse than death.",अकीर्तिं चापि भूतानि कथयिष्यन्ति तेऽव्ययाम् |सम्भावितस्य चाकीर्तिर्मरणादतिरिच्यते |,english,sanskrit
BG_2_37_sa_en,BG_2_37,हतो वा प्राप्स्यसि स्वर्गं जित्वा वा भोक्ष्यसे महीम् |तस्मादुत्तिष्ठ कौन्तेय युद्धाय कृतनिश्चयः |,"Die, and you will win heaven; conquer, and you enjoy sovereignty of the earth; therefore, stand up, Arjuna, determined to fight.",sanskrit,english
BG_2_37_en_sa,BG_2_37,"Die, and you will win heaven; conquer, and you enjoy sovereignty of the earth; therefore, stand up, Arjuna, determined to fight.",हतो वा प्राप्स्यसि स्वर्गं जित्वा वा भोक्ष्यसे महीम् |तस्मादुत्तिष्ठ कौन्तेय युद्धाय कृतनिश्चयः |,english,sanskrit
BG_2_38_sa_en,BG_2_38,सुखदुःखे समे कृत्वा लाभालाभौ जयाजयौ |ततो युद्धाय युज्यस्व नैवं पापमवाप्स्यसि |,"Treating alike victory and defeat, gain and loss, pleasure and pain, get ready for the fight, then; fighting thus you will not incur sin.",sanskrit,english
BG_2_38_en_sa,BG_2_38,"Treating alike victory and defeat, gain and loss, pleasure and pain, get ready for the fight, then; fighting thus you will not incur sin.",सुखदुःखे समे कृत्वा लाभालाभौ जयाजयौ |ततो युद्धाय युज्यस्व नैवं पापमवाप्स्यसि |,english,sanskrit
BG_2_39_sa_en,BG_2_39,एषा तेऽभिहिता साङ्ख्ये बुद्धिर्योगे त्विमां शृणु |बुद्ध्या युक्तो यया पार्थ कर्मबन्धं प्रहास्यसि |,"Arjuna, this attitude of mind has been declared to you in the knowledge yoga; now hear it in the karma yoga by which, being united with wisdom, you will thoroughly destroy the bondage of actions.",sanskrit,english
BG_2_39_en_sa,BG_2_39,"Arjuna, this attitude of mind has been declared to you in the knowledge yoga; now hear it in the karma yoga by which, being united with wisdom, you will thoroughly destroy the bondage of actions.",एषा तेऽभिहिता साङ्ख्ये बुद्धिर्योगे त्विमां शृणु |बुद्ध्या युक्तो यया पार्थ कर्मबन्धं प्रहास्यसि |,english,sanskrit
BG_2_41_sa_en,BG_2_41,व्यवसायात्मिका बुद्धिरेकेह कुरुनन्दन |बहुशाखा ह्यनन्ताश्च बुद्धयोऽव्यवसायिनाम् |,"Arjuna, in this Yogathe intellect is determinate and directed singly towards one ideal; whereas the intellect of the undecidedwanders in all directions, after innumerable aims.",sanskrit,english
BG_2_41_en_sa,BG_2_41,"Arjuna, in this Yogathe intellect is determinate and directed singly towards one ideal; whereas the intellect of the undecidedwanders in all directions, after innumerable aims.",व्यवसायात्मिका बुद्धिरेकेह कुरुनन्दन |बहुशाखा ह्यनन्ताश्च बुद्धयोऽव्यवसायिनाम् |,english,sanskrit
BG_2_42_sa_en,BG_2_42,यामिमां पुष्पितां वाचं प्रवदन्त्यविपश्चितः |वेदवादरताः पार्थ नान्यदस्तीति वादिनः |,"Arjuna, those unwise ones who are devoted to the letter of the Vedas and argue that there is nothing beyond heaven, utter flowery speech.",sanskrit,english
BG_2_42_en_sa,BG_2_42,"Arjuna, those unwise ones who are devoted to the letter of the Vedas and argue that there is nothing beyond heaven, utter flowery speech.",यामिमां पुष्पितां वाचं प्रवदन्त्यविपश्चितः |वेदवादरताः पार्थ नान्यदस्तीति वादिनः |,english,sanskrit
BG_2_43_sa_en,BG_2_43,कामात्मानः स्वर्गपरा जन्मकर्मफलप्रदाम् |क्रियाविशेषबहुलां भोगैश्वर्यगतिं प्रति |,"Those who are full of desires, whose goal is heaven, who cling to rebirth and the fruits of action, who delight in various ritualistic works aimed at enjoyment and power.",sanskrit,english
BG_2_43_en_sa,BG_2_43,"Those who are full of desires, whose goal is heaven, who cling to rebirth and the fruits of action, who delight in various ritualistic works aimed at enjoyment and power.",कामात्मानः स्वर्गपरा जन्मकर्मफलप्रदाम् |क्रियाविशेषबहुलां भोगैश्वर्यगतिं प्रति |,english,sanskrit
BG_2_45_sa_en,BG_2_45,त्रैगुण्यविषया वेदा निस्त्रैगुण्यो भवार्जुन |निर्द्वन्द्वो नित्यसत्त्वस्थो निर्योगक्षेम आत्मवान् |,"Arjuna, the Vedas thus deal with evolutes of the three Gunas; viz., worldly enjoyments and the means of attaining such enjoyments; be thou indifferent to these enjoyments and their means, rising above pairs of opposites like pleasure and pain etc., established in the Eternal Existence, absolutely unconcerned about the supply of wants and the preservation of what has been already attained, and self-controlled.",sanskrit,english
BG_2_45_en_sa,BG_2_45,"Arjuna, the Vedas thus deal with evolutes of the three Gunas; viz., worldly enjoyments and the means of attaining such enjoyments; be thou indifferent to these enjoyments and their means, rising above pairs of opposites like pleasure and pain etc., established in the Eternal Existence, absolutely unconcerned about the supply of wants and the preservation of what has been already attained, and self-controlled.",त्रैगुण्यविषया वेदा निस्त्रैगुण्यो भवार्जुन |निर्द्वन्द्वो नित्यसत्त्वस्थो निर्योगक्षेम आत्मवान् |,english,sanskrit
BG_2_46_sa_en,BG_2_46,यावानर्थ उदपाने सर्वतः सम्प्लुतोदके |तावान्सर्वेषु वेदेषु ब्राह्मणस्य विजानतः |,"A Brahmana, who has obtained enlightenment, has the same use for all the Vedas as one who stands at the brink of a sheet of water overflowing on all sides has for a small reservoir of water.",sanskrit,english
BG_2_46_en_sa,BG_2_46,"A Brahmana, who has obtained enlightenment, has the same use for all the Vedas as one who stands at the brink of a sheet of water overflowing on all sides has for a small reservoir of water.",यावानर्थ उदपाने सर्वतः सम्प्लुतोदके |तावान्सर्वेषु वेदेषु ब्राह्मणस्य विजानतः |,english,sanskrit
BG_2_48_sa_en,BG_2_48,योगस्थः कुरु कर्माणि सङ्गं त्यक्त्वा धनञ्जय |सिद्ध्यसिद्ध्योः समो भूत्वा समत्वं योग उच्यते |,"Arjuna, perform your duties established in Yoga, renouncing attachment, and even-tempered in success and failure; evenness of temper is called Yoga.",sanskrit,english
BG_2_48_en_sa,BG_2_48,"Arjuna, perform your duties established in Yoga, renouncing attachment, and even-tempered in success and failure; evenness of temper is called Yoga.",योगस्थः कुरु कर्माणि सङ्गं त्यक्त्वा धनञ्जय |सिद्ध्यसिद्ध्योः समो भूत्वा समत्वं योग उच्यते |,english,sanskrit
BG_2_49_sa_en,BG_2_49,दूरेण ह्यवरं कर्म बुद्धियोगाद्धनञ्जय |बुद्धौ शरणमन्विच्छ कृपणाः फलहेतवः |,"Far inferior is action performed with attachment, O Dhananjaya, compared with the yoga of wisdom. The wise seek refuge in wisdom, renouncing the fruits of action, for the ignorant are attached to the fruits.",sanskrit,english
BG_2_49_en_sa,BG_2_49,"Far inferior is action performed with attachment, O Dhananjaya, compared with the yoga of wisdom. The wise seek refuge in wisdom, renouncing the fruits of action, for the ignorant are attached to the fruits.",दूरेण ह्यवरं कर्म बुद्धियोगाद्धनञ्जय |बुद्धौ शरणमन्विच्छ कृपणाः फलहेतवः |,english,sanskrit
BG_2_51_sa_en,BG_2_51,कर्मजं बुद्धियुक्ता हि फलं त्यक्त्वा मनीषिणः |जन्मबन्धविनिर्मुक्ताः पदं गच्छन्त्यनामयम् |,"For wise men possessing an equipo­sied mind, renouncing the fruit of actions and freed from the shackles of birth, attain the blissful supreme state.",sanskrit,english
BG_2_51_en_sa,BG_2_51,"For wise men possessing an equipo­sied mind, renouncing the fruit of actions and freed from the shackles of birth, attain the blissful supreme state.",कर्मजं बुद्धियुक्ता हि फलं त्यक्त्वा मनीषिणः |जन्मबन्धविनिर्मुक्ताः पदं गच्छन्त्यनामयम् |,english,sanskrit
BG_2_52_sa_en,BG_2_52,यदा ते मोहकलिलं बुद्धिर्व्यतितरिष्यति |तदा गन्तासि निर्वेदं श्रोतव्यस्य श्रुतस्य च |,"When your mind will have fully crossed the more of delusion, you will then grow indifferent to the enjoyments of this world.",sanskrit,english
BG_2_52_en_sa,BG_2_52,"When your mind will have fully crossed the more of delusion, you will then grow indifferent to the enjoyments of this world.",यदा ते मोहकलिलं बुद्धिर्व्यतितरिष्यति |तदा गन्तासि निर्वेदं श्रोतव्यस्य श्रुतस्य च |,english,sanskrit
BG_2_54_sa_en,BG_2_54,अर्जुन उवाच |स्थितप्रज्ञस्य का भाषा समाधिस्थस्य केशव |स्थितधीः किं प्रभाषेत किमासीत व्रजेत किम् |,"Arjuna said: O Keshava, what is the description of a man of steady wisdom, who is established in Samadhi? What does he do at dawn, what in the evening, and what at night? Arjuna said: Krishna, what is the definitionof a God-realized soul, stable to mind and established in Samadhi? How does the man of stable mind speak, how does he sit, how does he walk?",sanskrit,english
BG_2_54_en_sa,BG_2_54,"Arjuna said: O Keshava, what is the description of a man of steady wisdom, who is established in Samadhi? What does he do at dawn, what in the evening, and what at night? Arjuna said: Krishna, what is the definitionof a God-realized soul, stable to mind and established in Samadhi? How does the man of stable mind speak, how does he sit, how does he walk?",अर्जुन उवाच |स्थितप्रज्ञस्य का भाषा समाधिस्थस्य केशव |स्थितधीः किं प्रभाषेत किमासीत व्रजेत किम् |,english,sanskrit
BG_2_55_sa_en,BG_2_55,श्रीभगवानुवाच |प्रजहाति यदा कामान्सर्वान्पार्थ मनोगतान् |आत्मन्येवात्मना तुष्टः स्थितप्रज्ञस्तदोच्यते |,"Shree Bhagavan said: Arjuna, when one thoroughly dismisses all cravings of the mind, and is satisfied in the self throughthe self, then he is called stable of mind.",sanskrit,english
BG_2_55_en_sa,BG_2_55,"Shree Bhagavan said: Arjuna, when one thoroughly dismisses all cravings of the mind, and is satisfied in the self throughthe self, then he is called stable of mind.",श्रीभगवानुवाच |प्रजहाति यदा कामान्सर्वान्पार्थ मनोगतान् |आत्मन्येवात्मना तुष्टः स्थितप्रज्ञस्तदोच्यते |,english,sanskrit
BG_2_56_sa_en,BG_2_56,दुःखेष्वनुद्विग्नमनाः सुखेषु विगतस्पृहः |वीतरागभयक्रोधः स्थितधीर्मुनिरुच्यते |,"The sage, whose mind remains unperturbed amid sorrows, whose thirst for pleasure has altogether disappeared, and who is free from passion, fear and anger, is called stale of mind.",sanskrit,english
BG_2_56_en_sa,BG_2_56,"The sage, whose mind remains unperturbed amid sorrows, whose thirst for pleasure has altogether disappeared, and who is free from passion, fear and anger, is called stale of mind.",दुःखेष्वनुद्विग्नमनाः सुखेषु विगतस्पृहः |वीतरागभयक्रोधः स्थितधीर्मुनिरुच्यते |,english,sanskrit
BG_2_57_sa_en,BG_2_57,यः सर्वत्रानभिस्नेहस्तत्तत्प्राप्य शुभाशुभम् |नाभिनन्दति न द्वेष्टि तस्य प्रज्ञा प्रतिष्ठिता |,"He who is unattached to everything, and meeting with good and evil, neither rejoices nor recoils, his mind is stable.",sanskrit,english
BG_2_57_en_sa,BG_2_57,"He who is unattached to everything, and meeting with good and evil, neither rejoices nor recoils, his mind is stable.",यः सर्वत्रानभिस्नेहस्तत्तत्प्राप्य शुभाशुभम् |नाभिनन्दति न द्वेष्टि तस्य प्रज्ञा प्रतिष्ठिता |,english,sanskrit
BG_2_58_sa_en,BG_2_58,यदा संहरते चायं कूर्मोऽङ्गानीव सर्वशः |इन्द्रियाणीन्द्रियार्थेभ्यस्तस्य प्रज्ञा प्रतिष्ठिता |,"When like a tortoise, which draws in its limbs from all directions, he withdraws his senses from the sense-objects, his mind isstable.",sanskrit,english
BG_2_58_en_sa,BG_2_58,"When like a tortoise, which draws in its limbs from all directions, he withdraws his senses from the sense-objects, his mind isstable.",यदा संहरते चायं कूर्मोऽङ्गानीव सर्वशः |इन्द्रियाणीन्द्रियार्थेभ्यस्तस्य प्रज्ञा प्रतिष्ठिता |,english,sanskrit
BG_2_59_sa_en,BG_2_59,विषया विनिवर्तन्ते निराहारस्य देहिनः |रसवर्जं रसोऽप्यस्य परं दृष्ट्वा निवर्तते |,"Objects of the senses turn away from the abstinent embodied soul; having tasted the sweetness of the sense-objects, he turns away from them.",sanskrit,english
BG_2_59_en_sa,BG_2_59,"Objects of the senses turn away from the abstinent embodied soul; having tasted the sweetness of the sense-objects, he turns away from them.",विषया विनिवर्तन्ते निराहारस्य देहिनः |रसवर्जं रसोऽप्यस्य परं दृष्ट्वा निवर्तते |,english,sanskrit
BG_2_61_sa_en,BG_2_61,तानि सर्वाणि संयम्य युक्त आसीत मत्परः |वशे हि यस्येन्द्रियाणि तस्य प्रज्ञा प्रतिष्ठिता |,"Having restrained all the senses, he should sit with his mind fixed on Me, devoted and controlling his senses; for the man who has his senses under control, his wisdom is firmly established.",sanskrit,english
BG_2_61_en_sa,BG_2_61,"Having restrained all the senses, he should sit with his mind fixed on Me, devoted and controlling his senses; for the man who has his senses under control, his wisdom is firmly established.",तानि सर्वाणि संयम्य युक्त आसीत मत्परः |वशे हि यस्येन्द्रियाणि तस्य प्रज्ञा प्रतिष्ठिता |,english,sanskrit
BG_2_62_sa_en,BG_2_62,ध्यायतो विषयान्पुंसः सङ्गस्तेषूपजायते |सङ्गात्सञ्जायते कामः कामात्क्रोधोऽभिजायते |,"The man dwelling on sense-objects develops attachment for them; from attachment springs up desire, and from desireensues anger.",sanskrit,english
BG_2_62_en_sa,BG_2_62,"The man dwelling on sense-objects develops attachment for them; from attachment springs up desire, and from desireensues anger.",ध्यायतो विषयान्पुंसः सङ्गस्तेषूपजायते |सङ्गात्सञ्जायते कामः कामात्क्रोधोऽभिजायते |,english,sanskrit
BG_2_63_sa_en,BG_2_63,क्रोधाद्भवति सम्मोहः सम्मोहात्स्मृतिविभ्रमः |स्मृतिभ्रंशाद् बुद्धिनाशो बुद्धिनाशात्प्रणश्यति |,"From anger arises delusion; from delusion, loss of memory; from loss of memory, the destruction of intelligence; and when intelligence is destroyed, one falls down again into the material pool.",sanskrit,english
BG_2_63_en_sa,BG_2_63,"From anger arises delusion; from delusion, loss of memory; from loss of memory, the destruction of intelligence; and when intelligence is destroyed, one falls down again into the material pool.",क्रोधाद्भवति सम्मोहः सम्मोहात्स्मृतिविभ्रमः |स्मृतिभ्रंशाद् बुद्धिनाशो बुद्धिनाशात्प्रणश्यति |,english,sanskrit
BG_2_64_sa_en,BG_2_64,रागद्वेषविमुक्तैस्तु विषयानिन्द्रियैश्चरन् | (or वियुक्तैस्तु)आत्मवश्यैर्विधेयात्मा प्रसादमधिगच्छति |,"But the self-controlled practicant, while enjoying the various sense-objects through his senses, which are disciplined and free from likes and dislikes, attains placidity of mind.",sanskrit,english
BG_2_64_en_sa,BG_2_64,"But the self-controlled practicant, while enjoying the various sense-objects through his senses, which are disciplined and free from likes and dislikes, attains placidity of mind.",रागद्वेषविमुक्तैस्तु विषयानिन्द्रियैश्चरन् | (or वियुक्तैस्तु)आत्मवश्यैर्विधेयात्मा प्रसादमधिगच्छति |,english,sanskrit
BG_2_65_sa_en,BG_2_65,प्रसादे सर्वदुःखानां हानिरस्योपजायते |प्रसन्नचेतसो ह्याशु बुद्धिः पर्यवतिष्ठते |,"With the attainment of such placidity of mind, all his sorrows come to an end; and the intellect of such a person of tranquil mind, soon withdrawing itself from all sides, becomes firmly established in God.",sanskrit,english
BG_2_65_en_sa,BG_2_65,"With the attainment of such placidity of mind, all his sorrows come to an end; and the intellect of such a person of tranquil mind, soon withdrawing itself from all sides, becomes firmly established in God.",प्रसादे सर्वदुःखानां हानिरस्योपजायते |प्रसन्नचेतसो ह्याशु बुद्धिः पर्यवतिष्ठते |,english,sanskrit
BG_2_66_sa_en,BG_2_66,नास्ति बुद्धिरयुक्तस्य न चायुक्तस्य भावना |न चाभावयतः शान्तिरशान्तस्य कुतः सुखम् |,"He who has not controlled his mind and senses can have no reason; nor can such an undisciplined man think of God. the unthinking man can have no peace; and how That which is night to all beings, in that statethe God-realized Yogi keeps awake. And thatin which all beings keep awake is night to the seer.",sanskrit,english
BG_2_66_en_sa,BG_2_66,"He who has not controlled his mind and senses can have no reason; nor can such an undisciplined man think of God. the unthinking man can have no peace; and how That which is night to all beings, in that statethe God-realized Yogi keeps awake. And thatin which all beings keep awake is night to the seer.",नास्ति बुद्धिरयुक्तस्य न चायुक्तस्य भावना |न चाभावयतः शान्तिरशान्तस्य कुतः सुखम् |,english,sanskrit
BG_2_67_sa_en,BG_2_67,इन्द्रियाणां हि चरतां यन्मनोऽनुविधीयते |तदस्य हरति प्रज्ञां वायुर्नावमिवाम्भसि |,"As the wind carries away a boat upon the waters, even so of the senses moving among sense-objects, the one to which the mind is joined takes away his discrimination.",sanskrit,english
BG_2_67_en_sa,BG_2_67,"As the wind carries away a boat upon the waters, even so of the senses moving among sense-objects, the one to which the mind is joined takes away his discrimination.",इन्द्रियाणां हि चरतां यन्मनोऽनुविधीयते |तदस्य हरति प्रज्ञां वायुर्नावमिवाम्भसि |,english,sanskrit
BG_2_68_sa_en,BG_2_68,तस्माद्यस्य महाबाहो निगृहीतानि सर्वशः |इन्द्रियाणीन्द्रियार्थेभ्यस्तस्य प्रज्ञा प्रतिष्ठिता |,"Therefore, Arjuna, he whose senses are restrained in all respects from their objects, his intelligence is firmly established.",sanskrit,english
BG_2_68_en_sa,BG_2_68,"Therefore, Arjuna, he whose senses are restrained in all respects from their objects, his intelligence is firmly established.",तस्माद्यस्य महाबाहो निगृहीतानि सर्वशः |इन्द्रियाणीन्द्रियार्थेभ्यस्तस्य प्रज्ञा प्रतिष्ठिता |,english,sanskrit
BG_2_69_sa_en,BG_2_69,या निशा सर्वभूतानां तस्यां जागर्ति संयमी |यस्यां जाग्रति भूतानि सा निशा पश्यतो मुनेः |,"That which is night to all beings, in that statethe God-realized Yogi keeps awake. And thatin which all beings keep awake is night to the seer.",sanskrit,english
BG_2_69_en_sa,BG_2_69,"That which is night to all beings, in that statethe God-realized Yogi keeps awake. And thatin which all beings keep awake is night to the seer.",या निशा सर्वभूतानां तस्यां जागर्ति संयमी |यस्यां जाग्रति भूतानि सा निशा पश्यतो मुनेः |,english,sanskrit
BG_2_71_sa_en,BG_2_71,विहाय कामान्यः सर्वान्पुमांश्चरति निःस्पृहः |निर्ममो निरहङ्कारः स शान्तिमधिगच्छति |,"He who has given up all desires, and moves free from attachment, egoism and thirst for enjoyment attains peace.",sanskrit,english
BG_2_71_en_sa,BG_2_71,"He who has given up all desires, and moves free from attachment, egoism and thirst for enjoyment attains peace.",विहाय कामान्यः सर्वान्पुमांश्चरति निःस्पृहः |निर्ममो निरहङ्कारः स शान्तिमधिगच्छति |,english,sanskrit
BG_2_72_sa_en,BG_2_72,एषा ब्राह्मी स्थितिः पार्थ नैनां प्राप्य विमुह्यति |स्थित्वास्यामन्तकालेऽपि ब्रह्मनिर्वाणमृच्छति |,"Arjuna, such is the state of the God-realized soul; having reached this state, he overcomes delusion. And established in this state, even at the last moment, he attains Brahmic Bliss.",sanskrit,english
BG_2_72_en_sa,BG_2_72,"Arjuna, such is the state of the God-realized soul; having reached this state, he overcomes delusion. And established in this state, even at the last moment, he attains Brahmic Bliss.",एषा ब्राह्मी स्थितिः पार्थ नैनां प्राप्य विमुह्यति |स्थित्वास्यामन्तकालेऽपि ब्रह्मनिर्वाणमृच्छति |,english,sanskrit
BG_3_2_sa_en,BG_3_2,व्यामिश्रेणेव वाक्येन बुद्धिं मोहयसीव मे |तदेकं वद निश्चित्य येन श्रेयोऽहमाप्नुयाम् |,"You are, as it were, puzzling my mind by these seemingly involved expressions; therefore, tell me definitely the one discipline by which I may obtain the highest good.",sanskrit,english
BG_3_2_en_sa,BG_3_2,"You are, as it were, puzzling my mind by these seemingly involved expressions; therefore, tell me definitely the one discipline by which I may obtain the highest good.",व्यामिश्रेणेव वाक्येन बुद्धिं मोहयसीव मे |तदेकं वद निश्चित्य येन श्रेयोऽहमाप्नुयाम् |,english,sanskrit
BG_3_3_sa_en,BG_3_3,श्रीभगवानुवाच |लोकेऽस्मिन् द्विविधा निष्ठा पुरा प्रोक्ता मयानघ |ज्ञानयोगेन साङ्ख्यानां कर्मयोगेन योगिनाम् |,"Shree Bhagavan said: Arjuna, in this world there are two kinds of disciplines, as I have explained before: the discipline of the Sankhyas is by knowledge, and the discipline of the Yogis is by action.",sanskrit,english
BG_3_3_en_sa,BG_3_3,"Shree Bhagavan said: Arjuna, in this world there are two kinds of disciplines, as I have explained before: the discipline of the Sankhyas is by knowledge, and the discipline of the Yogis is by action.",श्रीभगवानुवाच |लोकेऽस्मिन् द्विविधा निष्ठा पुरा प्रोक्ता मयानघ |ज्ञानयोगेन साङ्ख्यानां कर्मयोगेन योगिनाम् |,english,sanskrit
BG_3_4_sa_en,BG_3_4,न कर्मणामनारम्भान्नैष्कर्म्यं पुरुषोऽश्नुते |न च संन्यसनादेव सिद्धिं समधिगच्छति |,Man does not attain freedom from actionwithout entering upon action; nor does he reach perfectionmerely by ceasing to act.,sanskrit,english
BG_3_4_en_sa,BG_3_4,Man does not attain freedom from actionwithout entering upon action; nor does he reach perfectionmerely by ceasing to act.,न कर्मणामनारम्भान्नैष्कर्म्यं पुरुषोऽश्नुते |न च संन्यसनादेव सिद्धिं समधिगच्छति |,english,sanskrit
BG_3_5_sa_en,BG_3_5,न हि कश्चित्क्षणमपि जातु तिष्ठत्यकर्मकृत् |कार्यते ह्यवशः कर्म सर्वः प्रकृतिजैर्गुणैः |,Surely none can ever remain inactive even for a moment; for everyone helplessly driven to action by nature-born qualities.,sanskrit,english
BG_3_5_en_sa,BG_3_5,Surely none can ever remain inactive even for a moment; for everyone helplessly driven to action by nature-born qualities.,न हि कश्चित्क्षणमपि जातु तिष्ठत्यकर्मकृत् |कार्यते ह्यवशः कर्म सर्वः प्रकृतिजैर्गुणैः |,english,sanskrit
BG_3_6_sa_en,BG_3_6,कर्मेन्द्रियाणि संयम्य य आस्ते मनसा स्मरन् |इन्द्रियार्थान्विमूढात्मा मिथ्याचारः स उच्यते |,"He who outwardly restraining the organs of sense and action, sits mentally dwelling on the objects of senses, that man of deluded intellect is called a hypocrite.",sanskrit,english
BG_3_6_en_sa,BG_3_6,"He who outwardly restraining the organs of sense and action, sits mentally dwelling on the objects of senses, that man of deluded intellect is called a hypocrite.",कर्मेन्द्रियाणि संयम्य य आस्ते मनसा स्मरन् |इन्द्रियार्थान्विमूढात्मा मिथ्याचारः स उच्यते |,english,sanskrit
BG_3_7_sa_en,BG_3_7,यस्त्विन्द्रियाणि मनसा नियम्यारभतेऽर्जुन |कर्मेन्द्रियैः कर्मयोगमसक्तः स विशिष्यते |,"On the other hand, he who controlling the organs of sense and action by the power of his will, and remaining unattached, undertakes the Yoga of Action through those organs, Arjuna, he excels.",sanskrit,english
BG_3_7_en_sa,BG_3_7,"On the other hand, he who controlling the organs of sense and action by the power of his will, and remaining unattached, undertakes the Yoga of Action through those organs, Arjuna, he excels.",यस्त्विन्द्रियाणि मनसा नियम्यारभतेऽर्जुन |कर्मेन्द्रियैः कर्मयोगमसक्तः स विशिष्यते |,english,sanskrit
BG_3_8_sa_en,BG_3_8,नियतं कुरु कर्म त्वं कर्म ज्यायो ह्यकर्मणः |शरीरयात्रापि च ते न प्रसिद्ध्येदकर्मणः |,"Therefore, do you perform your allotted duty, because action is indeed better than inaction; and even the maintenance of your body would not be possible without action.",sanskrit,english
BG_3_8_en_sa,BG_3_8,"Therefore, do you perform your allotted duty, because action is indeed better than inaction; and even the maintenance of your body would not be possible without action.",नियतं कुरु कर्म त्वं कर्म ज्यायो ह्यकर्मणः |शरीरयात्रापि च ते न प्रसिद्ध्येदकर्मणः |,english,sanskrit
BG_3_9_sa_en,BG_3_9,यज्ञार्थात्कर्मणोऽन्यत्र लोकोऽयं कर्मबन्धनः |तदर्थं कर्म कौन्तेय मुक्तसङ्गः समाचर |,"Man is bound by his own action except when it is performed for the sake of sacrifice. Therefore, Arjuna, do you efficiently perform your duty, free from attachment; for the sake of sacrifice alone.",sanskrit,english
BG_3_9_en_sa,BG_3_9,"Man is bound by his own action except when it is performed for the sake of sacrifice. Therefore, Arjuna, do you efficiently perform your duty, free from attachment; for the sake of sacrifice alone.",यज्ञार्थात्कर्मणोऽन्यत्र लोकोऽयं कर्मबन्धनः |तदर्थं कर्म कौन्तेय मुक्तसङ्गः समाचर |,english,sanskrit
BG_3_10_sa_en,BG_3_10,सहयज्ञाः प्रजाः सृष्ट्वा पुरोवाच प्रजापतिः |अनेन प्रसविष्यध्वमेष वोऽस्त्विष्टकामधुक् |,"Having created mankind together with sacrifices, the Lord of creatures said: By this shall the creatures prosper; let the sacrifice be duly performed. Having created mankind along with the spirit of sacrifice at the beginning of Creation the Creator, Brahma, said to them, “You shall prosper by this; may this yield the enjoyment you seek.”",sanskrit,english
BG_3_10_en_sa,BG_3_10,"Having created mankind together with sacrifices, the Lord of creatures said: By this shall the creatures prosper; let the sacrifice be duly performed. Having created mankind along with the spirit of sacrifice at the beginning of Creation the Creator, Brahma, said to them, “You shall prosper by this; may this yield the enjoyment you seek.”",सहयज्ञाः प्रजाः सृष्ट्वा पुरोवाच प्रजापतिः |अनेन प्रसविष्यध्वमेष वोऽस्त्विष्टकामधुक् |,english,sanskrit
BG_3_11_sa_en,BG_3_11,देवान्भावयतानेन ते देवा भावयन्तु वः |परस्परं भावयन्तः श्रेयः परमवाप्स्यथ |,"Foster the gods through this, and let the gods be gracious to you. Each fostering other disinterestedly, you will attain the highest good.",sanskrit,english
BG_3_11_en_sa,BG_3_11,"Foster the gods through this, and let the gods be gracious to you. Each fostering other disinterestedly, you will attain the highest good.",देवान्भावयतानेन ते देवा भावयन्तु वः |परस्परं भावयन्तः श्रेयः परमवाप्स्यथ |,english,sanskrit
BG_3_12_sa_en,BG_3_12,इष्टान्भोगान्हि वो देवा दास्यन्ते यज्ञभाविताः |तैर्दत्तानप्रदायैभ्यो यो भुङ्क्ते स्तेन एव सः |,"Fostered by sacrifice, the gods will surely bestow on you unasked all the desired enjoyments. He who enjoys the gifts bestowed by them, without giving them in return, is undoubtedly a thief.",sanskrit,english
BG_3_12_en_sa,BG_3_12,"Fostered by sacrifice, the gods will surely bestow on you unasked all the desired enjoyments. He who enjoys the gifts bestowed by them, without giving them in return, is undoubtedly a thief.",इष्टान्भोगान्हि वो देवा दास्यन्ते यज्ञभाविताः |तैर्दत्तानप्रदायैभ्यो यो भुङ्क्ते स्तेन एव सः |,english,sanskrit
BG_3_13_sa_en,BG_3_13,यज्ञशिष्टाशिनः सन्तो मुच्यन्ते सर्वकिल्बिषैः |भुञ्जते ते त्वघं पापा ये पचन्त्यात्मकारणात् |,The men who eat the remnants of sacrifices are freed from all sins; but those who cook food only for their own body’s nourishment eat sin.,sanskrit,english
BG_3_13_en_sa,BG_3_13,The men who eat the remnants of sacrifices are freed from all sins; but those who cook food only for their own body’s nourishment eat sin.,यज्ञशिष्टाशिनः सन्तो मुच्यन्ते सर्वकिल्बिषैः |भुञ्जते ते त्वघं पापा ये पचन्त्यात्मकारणात् |,english,sanskrit
BG_3_14_sa_en,BG_3_14,अन्नाद्भवन्ति भूतानि पर्जन्यादन्नसम्भवः |यज्ञाद्भवति पर्जन्यो यज्ञः कर्मसमुद्भवः |,All beings are evolved from food; production of food is dependent on rain; rain ensues from sacrifice.,sanskrit,english
BG_3_14_en_sa,BG_3_14,All beings are evolved from food; production of food is dependent on rain; rain ensues from sacrifice.,अन्नाद्भवन्ति भूतानि पर्जन्यादन्नसम्भवः |यज्ञाद्भवति पर्जन्यो यज्ञः कर्मसमुद्भवः |,english,sanskrit
BG_3_15_sa_en,BG_3_15,कर्म ब्रह्मोद्भवं विद्धि ब्रह्माक्षरसमुद्भवम् |तस्मात्सर्वगतं ब्रह्म नित्यं यज्ञे प्रतिष्ठितम् |,"And sacrifice is rooted in prescribed action. Know that prescribed action has its origin in the Vedas, and the Vedas proceed from the Indestructible; hence the all-pervading supreme imperishable Spirit is always established in sacrifice.",sanskrit,english
BG_3_15_en_sa,BG_3_15,"And sacrifice is rooted in prescribed action. Know that prescribed action has its origin in the Vedas, and the Vedas proceed from the Indestructible; hence the all-pervading supreme imperishable Spirit is always established in sacrifice.",कर्म ब्रह्मोद्भवं विद्धि ब्रह्माक्षरसमुद्भवम् |तस्मात्सर्वगतं ब्रह्म नित्यं यज्ञे प्रतिष्ठितम् |,english,sanskrit
BG_3_16_sa_en,BG_3_16,एवं प्रवर्तितं चक्रं नानुवर्तयतीह यः |अघायुरिन्द्रियारामो मोघं पार्थ स जीवति |,"Arjuna, he who does not follow the wheel of creation thus set going in this world, sinful and sensual, he lives in vain.",sanskrit,english
BG_3_16_en_sa,BG_3_16,"Arjuna, he who does not follow the wheel of creation thus set going in this world, sinful and sensual, he lives in vain.",एवं प्रवर्तितं चक्रं नानुवर्तयतीह यः |अघायुरिन्द्रियारामो मोघं पार्थ स जीवति |,english,sanskrit
BG_3_17_sa_en,BG_3_17,यस्त्वात्मरतिरेव स्यादात्मतृप्तश्च मानवः |आत्मन्येव च सन्तुष्टस्तस्य कार्यं न विद्यते |,"He, however, who takes delight in the self alone and is gratified with the Self, and is contented in the self, has no duty.",sanskrit,english
BG_3_17_en_sa,BG_3_17,"He, however, who takes delight in the self alone and is gratified with the Self, and is contented in the self, has no duty.",यस्त्वात्मरतिरेव स्यादात्मतृप्तश्च मानवः |आत्मन्येव च सन्तुष्टस्तस्य कार्यं न विद्यते |,english,sanskrit
BG_3_18_sa_en,BG_3_18,नैव तस्य कृतेनार्थो नाकृतेनेह कश्चन |न चास्य सर्वभूतेषु कश्चिदर्थव्यपाश्रयः |,In this world that great soul has no use whatsoever for things done nor for things not done; nor has he selfish dependence of any kind on any creature.,sanskrit,english
BG_3_18_en_sa,BG_3_18,In this world that great soul has no use whatsoever for things done nor for things not done; nor has he selfish dependence of any kind on any creature.,नैव तस्य कृतेनार्थो नाकृतेनेह कश्चन |न चास्य सर्वभूतेषु कश्चिदर्थव्यपाश्रयः |,english,sanskrit
BG_3_19_sa_en,BG_3_19,तस्मादसक्तः सततं कार्यं कर्म समाचर |असक्तो ह्याचरन्कर्म परमाप्नोति पूरुषः |,"Therefore, go on efficiently doing your duty without attachment. Doing work without attachment man attains the Supreme.",sanskrit,english
BG_3_19_en_sa,BG_3_19,"Therefore, go on efficiently doing your duty without attachment. Doing work without attachment man attains the Supreme.",तस्मादसक्तः सततं कार्यं कर्म समाचर |असक्तो ह्याचरन्कर्म परमाप्नोति पूरुषः |,english,sanskrit
BG_3_20_sa_en,BG_3_20,कर्मणैव हि संसिद्धिमास्थिता जनकादयः |लोकसंग्रहमेवापि सम्पश्यन्कर्तुमर्हसि |,It is through actionalone that Janaka and otherwise men reached perfection. Having an eye to maintenance of the world order too you should take to action.,sanskrit,english
BG_3_20_en_sa,BG_3_20,It is through actionalone that Janaka and otherwise men reached perfection. Having an eye to maintenance of the world order too you should take to action.,कर्मणैव हि संसिद्धिमास्थिता जनकादयः |लोकसंग्रहमेवापि सम्पश्यन्कर्तुमर्हसि |,english,sanskrit
BG_3_21_sa_en,BG_3_21,यद्यदाचरति श्रेष्ठस्तत्तदेवेतरो जनः |स यत्प्रमाणं कुरुते लोकस्तदनुवर्तते |,"For whatever a great man does, that very thing other men also do; whatever standard he sets up; the generality of men follow the same.",sanskrit,english
BG_3_21_en_sa,BG_3_21,"For whatever a great man does, that very thing other men also do; whatever standard he sets up; the generality of men follow the same.",यद्यदाचरति श्रेष्ठस्तत्तदेवेतरो जनः |स यत्प्रमाणं कुरुते लोकस्तदनुवर्तते |,english,sanskrit
BG_3_23_sa_en,BG_3_23,यदि ह्यहं न वर्तेयं जातु कर्मण्यतन्द्रितः |मम वर्त्मानुवर्तन्ते मनुष्याः पार्थ सर्वशः |,"Should I not engage in action, scrupulously at any time, great harm will come to the world; for, Arjuna, men follow My way in all matters.",sanskrit,english
BG_3_23_en_sa,BG_3_23,"Should I not engage in action, scrupulously at any time, great harm will come to the world; for, Arjuna, men follow My way in all matters.",यदि ह्यहं न वर्तेयं जातु कर्मण्यतन्द्रितः |मम वर्त्मानुवर्तन्ते मनुष्याः पार्थ सर्वशः |,english,sanskrit
BG_3_25_sa_en,BG_3_25,सक्ताः कर्मण्यविद्वांसो यथा कुर्वन्ति भारत |कुर्याद्विद्वांस्तथासक्तश्चिकीर्षुर्लोकसंग्रहम् |,"Arjuna, as the unwise act with attachment, so should the wise man, seeking maintenance of the world order, act without attachment.",sanskrit,english
BG_3_25_en_sa,BG_3_25,"Arjuna, as the unwise act with attachment, so should the wise man, seeking maintenance of the world order, act without attachment.",सक्ताः कर्मण्यविद्वांसो यथा कुर्वन्ति भारत |कुर्याद्विद्वांस्तथासक्तश्चिकीर्षुर्लोकसंग्रहम् |,english,sanskrit
BG_3_26_sa_en,BG_3_26,न बुद्धिभेदं जनयेदज्ञानां कर्मसङ्गिनाम् |जोषयेत्सर्वकर्माणि विद्वान्युक्तः समाचरन् |,"A wise man established in the Self, should not unsettle the mind of the ignorant attached to action, but should perform all prescribed duties properly and also make others do the same.",sanskrit,english
BG_3_26_en_sa,BG_3_26,"A wise man established in the Self, should not unsettle the mind of the ignorant attached to action, but should perform all prescribed duties properly and also make others do the same.",न बुद्धिभेदं जनयेदज्ञानां कर्मसङ्गिनाम् |जोषयेत्सर्वकर्माणि विद्वान्युक्तः समाचरन् |,english,sanskrit
BG_3_28_sa_en,BG_3_28,तत्त्ववित्तु महाबाहो गुणकर्मविभागयोः |गुणा गुणेषु वर्तन्त इति मत्वा न सज्जते |,"But, O mighty-armed, the knower of the truth about the division of the modes and the division of actions does not become attached, understanding that the modes are active within the modes.He, however, who has true insight into the respective spheres of Gunasand their actions, holding that it is the Gunasthat move among the Gunas, does not get attached to them, Arjuna.",sanskrit,english
BG_3_28_en_sa,BG_3_28,"But, O mighty-armed, the knower of the truth about the division of the modes and the division of actions does not become attached, understanding that the modes are active within the modes.He, however, who has true insight into the respective spheres of Gunasand their actions, holding that it is the Gunasthat move among the Gunas, does not get attached to them, Arjuna.",तत्त्ववित्तु महाबाहो गुणकर्मविभागयोः |गुणा गुणेषु वर्तन्त इति मत्वा न सज्जते |,english,sanskrit
BG_3_29_sa_en,BG_3_29,प्रकृतेर्गुणसम्मूढाः सज्जन्ते गुणकर्मसु |तानकृत्स्नविदो मन्दान्कृत्स्नविन्न विचालयेत् |,Those who are completely deluded by the Gunasof Prakrti remain attached to those Gunas and actions; the man of perfect Knowledge should not unsettle the mind of those insufficiently knowing fools.,sanskrit,english
BG_3_29_en_sa,BG_3_29,Those who are completely deluded by the Gunasof Prakrti remain attached to those Gunas and actions; the man of perfect Knowledge should not unsettle the mind of those insufficiently knowing fools.,प्रकृतेर्गुणसम्मूढाः सज्जन्ते गुणकर्मसु |तानकृत्स्नविदो मन्दान्कृत्स्नविन्न विचालयेत् |,english,sanskrit
BG_3_30_sa_en,BG_3_30,मयि सर्वाणि कर्माणि संन्यस्याध्यात्मचेतसा |निराशीर्निर्ममो भूत्वा युध्यस्व विगतज्वरः |,"Therefore, dedicating all actions to Me with your mind fixed on Me, the Self of all freed from hope and the feeling of meum and cured of mental fever, fight.",sanskrit,english
BG_3_30_en_sa,BG_3_30,"Therefore, dedicating all actions to Me with your mind fixed on Me, the Self of all freed from hope and the feeling of meum and cured of mental fever, fight.",मयि सर्वाणि कर्माणि संन्यस्याध्यात्मचेतसा |निराशीर्निर्ममो भूत्वा युध्यस्व विगतज्वरः |,english,sanskrit
BG_3_31_sa_en,BG_3_31,ये मे मतमिदं नित्यमनुतिष्ठन्ति मानवाः |श्रद्धावन्तोऽनसूयन्तो मुच्यन्ते तेऽपि कर्मभिः |,"Even those men who, with an uncavilling and devout mind, always follow this teaching of Mine are released from the bondage of all actions.",sanskrit,english
BG_3_31_en_sa,BG_3_31,"Even those men who, with an uncavilling and devout mind, always follow this teaching of Mine are released from the bondage of all actions.",ये मे मतमिदं नित्यमनुतिष्ठन्ति मानवाः |श्रद्धावन्तोऽनसूयन्तो मुच्यन्ते तेऽपि कर्मभिः |,english,sanskrit
BG_3_32_sa_en,BG_3_32,ये त्वेतदभ्यसूयन्तो नानुतिष्ठन्ति मे मतम् |सर्वज्ञानविमूढांस्तान्विद्धि नष्टानचेतसः |,"They, however, who, finding fault with this teaching of Mine, do not follow it, take those fools to be deluded in the matter of all knowledge, and lost.",sanskrit,english
BG_3_32_en_sa,BG_3_32,"They, however, who, finding fault with this teaching of Mine, do not follow it, take those fools to be deluded in the matter of all knowledge, and lost.",ये त्वेतदभ्यसूयन्तो नानुतिष्ठन्ति मे मतम् |सर्वज्ञानविमूढांस्तान्विद्धि नष्टानचेतसः |,english,sanskrit
BG_3_33_sa_en,BG_3_33,सदृशं चेष्टते स्वस्याः प्रकृतेर्ज्ञानवानपि |प्रकृतिं यान्ति भूतानि निग्रहः किं करिष्यति |,All living creatures follow their tendencies; even the wise man acts according to the nature he has acquired. What can stubbornness do?,sanskrit,english
BG_3_33_en_sa,BG_3_33,All living creatures follow their tendencies; even the wise man acts according to the nature he has acquired. What can stubbornness do?,सदृशं चेष्टते स्वस्याः प्रकृतेर्ज्ञानवानपि |प्रकृतिं यान्ति भूतानि निग्रहः किं करिष्यति |,english,sanskrit
BG_3_34_sa_en,BG_3_34,इन्द्रियस्येन्द्रियस्यार्थे रागद्वेषौ व्यवस्थितौ |तयोर्न वशमागच्छेत्तौ ह्यस्य परिपन्थिनौ |,"Attraction and repulsion are rooted in all sense-objects. Man should never allow himself to be swayed by them, because they are the two principal enemies standing in the way of his redemption.",sanskrit,english
BG_3_34_en_sa,BG_3_34,"Attraction and repulsion are rooted in all sense-objects. Man should never allow himself to be swayed by them, because they are the two principal enemies standing in the way of his redemption.",इन्द्रियस्येन्द्रियस्यार्थे रागद्वेषौ व्यवस्थितौ |तयोर्न वशमागच्छेत्तौ ह्यस्य परिपन्थिनौ |,english,sanskrit
BG_3_36_sa_en,BG_3_36,अर्जुन उवाच |अथ केन प्रयुक्तोऽयं पापं चरति पूरुषः |अनिच्छन्नपि वार्ष्णेय बलादिव नियोजितः |,"Arjuna said: Now impelled by what, Krishna, does this man commit sin even involuntarily, as though driven by force?",sanskrit,english
BG_3_36_en_sa,BG_3_36,"Arjuna said: Now impelled by what, Krishna, does this man commit sin even involuntarily, as though driven by force?",अर्जुन उवाच |अथ केन प्रयुक्तोऽयं पापं चरति पूरुषः |अनिच्छन्नपि वार्ष्णेय बलादिव नियोजितः |,english,sanskrit
BG_3_38_sa_en,BG_3_38,धूमेनाव्रियते वह्निर्यथादर्शो मलेन च |यथोल्बेनावृतो गर्भस्तथा तेनेदमावृतम् |,"As fire is covered by smoke, and a mirror by dust, and the embryo is covered by the womb, so is knowledge covered by desire. As a flame is covered by smoke, mirror by dirt, and embryo by the amnion, so is Knowledge covered by it.",sanskrit,english
BG_3_38_en_sa,BG_3_38,"As fire is covered by smoke, and a mirror by dust, and the embryo is covered by the womb, so is knowledge covered by desire. As a flame is covered by smoke, mirror by dirt, and embryo by the amnion, so is Knowledge covered by it.",धूमेनाव्रियते वह्निर्यथादर्शो मलेन च |यथोल्बेनावृतो गर्भस्तथा तेनेदमावृतम् |,english,sanskrit
BG_3_39_sa_en,BG_3_39,आवृतं ज्ञानमेतेन ज्ञानिनो नित्यवैरिणा |कामरूपेण कौन्तेय दुष्पूरेणानलेन च |,"And, Arjuna, Knowledge stand covered by this eternal enemy of the wise, known as desire, which is insatiable like fire.",sanskrit,english
BG_3_39_en_sa,BG_3_39,"And, Arjuna, Knowledge stand covered by this eternal enemy of the wise, known as desire, which is insatiable like fire.",आवृतं ज्ञानमेतेन ज्ञानिनो नित्यवैरिणा |कामरूपेण कौन्तेय दुष्पूरेणानलेन च |,english,sanskrit
BG_3_43_sa_en,BG_3_43,एवं बुद्धेः परं बुद्ध्वा संस्तभ्यात्मानमात्मना |जहि शत्रुं महाबाहो कामरूपं दुरासदम् |,"Thus, Arjuna, knowing that which is higher than the intellect and subduing the mind by reason, kill this enemy in the form of Desire that is hard to overcome.",sanskrit,english
BG_3_43_en_sa,BG_3_43,"Thus, Arjuna, knowing that which is higher than the intellect and subduing the mind by reason, kill this enemy in the form of Desire that is hard to overcome.",एवं बुद्धेः परं बुद्ध्वा संस्तभ्यात्मानमात्मना |जहि शत्रुं महाबाहो कामरूपं दुरासदम् |,english,sanskrit
BG_4_1_sa_en,BG_4_1,श्रीभगवानुवाच |इमं विवस्वते योगं प्रोक्तवानहमव्ययम् |विवस्वान्मनवे प्राह मनुरिक्ष्वाकवेऽब्रवीत् |,Shree Bhagavan said: I taught this immortal Yoga to Vivasvan; Vivasvan conveyed it to Manu; and Manu imparted it toIksvaku.,sanskrit,english
BG_4_1_en_sa,BG_4_1,Shree Bhagavan said: I taught this immortal Yoga to Vivasvan; Vivasvan conveyed it to Manu; and Manu imparted it toIksvaku.,श्रीभगवानुवाच |इमं विवस्वते योगं प्रोक्तवानहमव्ययम् |विवस्वान्मनवे प्राह मनुरिक्ष्वाकवेऽब्रवीत् |,english,sanskrit
BG_4_2_sa_en,BG_4_2,एवं परम्पराप्राप्तमिमं राजर्षयो विदुः |स कालेनेह महता योगो नष्टः परन्तप |,"Thus transmitted in succession from father to son, Arjuna, this Yoga remained known to the Rajarsis. It has, however, long since disappeared from this earth.",sanskrit,english
BG_4_2_en_sa,BG_4_2,"Thus transmitted in succession from father to son, Arjuna, this Yoga remained known to the Rajarsis. It has, however, long since disappeared from this earth.",एवं परम्पराप्राप्तमिमं राजर्षयो विदुः |स कालेनेह महता योगो नष्टः परन्तप |,english,sanskrit
BG_4_3_sa_en,BG_4_3,स एवायं मया तेऽद्य योगः प्रोक्तः पुरातनः |भक्तोऽसि मे सखा चेति रहस्यं ह्येतदुत्तमम् |,"The same ancient Yoga has this day been imparted to you by Me, because you are My devotee and friend; and also because this is a supreme secret.",sanskrit,english
BG_4_3_en_sa,BG_4_3,"The same ancient Yoga has this day been imparted to you by Me, because you are My devotee and friend; and also because this is a supreme secret.",स एवायं मया तेऽद्य योगः प्रोक्तः पुरातनः |भक्तोऽसि मे सखा चेति रहस्यं ह्येतदुत्तमम् |,english,sanskrit
BG_4_4_sa_en,BG_4_4,अर्जुन उवाच |अपरं भवतो जन्म परं जन्म विवस्वतः |कथमेतद्विजानीयां त्वमादौ प्रोक्तवानिति |,"Arjuna said: You are of recent origin, while the birth of Vivasvan dates back to remote antiquity. How, then, am I to believe that You taught this Yoga at the beginning of creations?",sanskrit,english
BG_4_4_en_sa,BG_4_4,"Arjuna said: You are of recent origin, while the birth of Vivasvan dates back to remote antiquity. How, then, am I to believe that You taught this Yoga at the beginning of creations?",अर्जुन उवाच |अपरं भवतो जन्म परं जन्म विवस्वतः |कथमेतद्विजानीयां त्वमादौ प्रोक्तवानिति |,english,sanskrit
BG_4_5_sa_en,BG_4_5,श्रीभगवानुवाच |बहूनि मे व्यतीतानि जन्मानि तव चार्जुन |तान्यहं वेद सर्वाणि न त्वं वेत्थ परन्तप |,"The Blessed Lord said: Many, many births both you and I have passed. I can remember all of them, but you cannot, O subduer of the enemy.",sanskrit,english
BG_4_5_en_sa,BG_4_5,"The Blessed Lord said: Many, many births both you and I have passed. I can remember all of them, but you cannot, O subduer of the enemy.",श्रीभगवानुवाच |बहूनि मे व्यतीतानि जन्मानि तव चार्जुन |तान्यहं वेद सर्वाणि न त्वं वेत्थ परन्तप |,english,sanskrit
BG_4_7_sa_en,BG_4_7,यदा यदा हि धर्मस्य ग्लानिर्भवति भारत |अभ्युत्थानमधर्मस्य तदात्मानं सृजाम्यहम् |,"Arjuna, whenever righteousness is on the decline, and unrighteousness is in the ascendant, then I body Myself forth.",sanskrit,english
BG_4_7_en_sa,BG_4_7,"Arjuna, whenever righteousness is on the decline, and unrighteousness is in the ascendant, then I body Myself forth.",यदा यदा हि धर्मस्य ग्लानिर्भवति भारत |अभ्युत्थानमधर्मस्य तदात्मानं सृजाम्यहम् |,english,sanskrit
BG_4_8_sa_en,BG_4_8,परित्राणाय साधूनां विनाशाय च दुष्कृताम् |धर्मसंस्थापनार्थाय सम्भवामि युगे युगे |,"For the protection of the virtuous, for the extirpation of evil-doers, and for establishing Dharmaon a firm footing, I born from age to age.",sanskrit,english
BG_4_8_en_sa,BG_4_8,"For the protection of the virtuous, for the extirpation of evil-doers, and for establishing Dharmaon a firm footing, I born from age to age.",परित्राणाय साधूनां विनाशाय च दुष्कृताम् |धर्मसंस्थापनार्थाय सम्भवामि युगे युगे |,english,sanskrit
BG_4_9_sa_en,BG_4_9,जन्म कर्म च मे दिव्यमेवं यो वेत्ति तत्त्वतः |त्यक्त्वा देहं पुनर्जन्म नैति मामेति सोऽर्जुन |,"Arjuna, My birth and activities are divine. he who knows this in reality is not reborn on leaving his body, but comes to Me.",sanskrit,english
BG_4_9_en_sa,BG_4_9,"Arjuna, My birth and activities are divine. he who knows this in reality is not reborn on leaving his body, but comes to Me.",जन्म कर्म च मे दिव्यमेवं यो वेत्ति तत्त्वतः |त्यक्त्वा देहं पुनर्जन्म नैति मामेति सोऽर्जुन |,english,sanskrit
BG_4_10_sa_en,BG_4_10,वीतरागभयक्रोधा मन्मया मामुपाश्रिताः |बहवो ज्ञानतपसा पूता मद्भावमागताः |,"Completely rid of passion, fear and anger, wholly absorbed in me, depending on me, and purified by the penance of wisdom, many have become one with me even in the past.",sanskrit,english
BG_4_10_en_sa,BG_4_10,"Completely rid of passion, fear and anger, wholly absorbed in me, depending on me, and purified by the penance of wisdom, many have become one with me even in the past.",वीतरागभयक्रोधा मन्मया मामुपाश्रिताः |बहवो ज्ञानतपसा पूता मद्भावमागताः |,english,sanskrit
BG_4_12_sa_en,BG_4_12,काङ्क्षन्तः कर्मणां सिद्धिं यजन्त इह देवताः |क्षिप्रं हि मानुषे लोके सिद्धिर्भवति कर्मजा |,"In this world, the gods are eager for the success of works; indeed, in the human world, success is born of works. In this world of human beings; men seeking the fruition of their activities worship the gods; for success born of actions follow quickly.",sanskrit,english
BG_4_12_en_sa,BG_4_12,"In this world, the gods are eager for the success of works; indeed, in the human world, success is born of works. In this world of human beings; men seeking the fruition of their activities worship the gods; for success born of actions follow quickly.",काङ्क्षन्तः कर्मणां सिद्धिं यजन्त इह देवताः |क्षिप्रं हि मानुषे लोके सिद्धिर्भवति कर्मजा |,english,sanskrit
BG_4_13_sa_en,BG_4_13,चातुर्वर्ण्यं मया सृष्टं गुणकर्मविभागशः |तस्य कर्तारमपि मां विद्ध्यकर्तारमव्ययम् |,The four orders of societywere created by Me classifying them according to the mode of Prakrti predominant in each and apportioning corresponding duties to them;,sanskrit,english
BG_4_13_en_sa,BG_4_13,The four orders of societywere created by Me classifying them according to the mode of Prakrti predominant in each and apportioning corresponding duties to them;,चातुर्वर्ण्यं मया सृष्टं गुणकर्मविभागशः |तस्य कर्तारमपि मां विद्ध्यकर्तारमव्ययम् |,english,sanskrit
BG_4_14_sa_en,BG_4_14,न मां कर्माणि लिम्पन्ति न मे कर्मफले स्पृहा |इति मां योऽभिजानाति कर्मभिर्न स बध्यते |,"Since I have no craving for the fruit of actions; actions do not contaminate Me, Even he who thus knows Me in reality is not bound by actions.",sanskrit,english
BG_4_14_en_sa,BG_4_14,"Since I have no craving for the fruit of actions; actions do not contaminate Me, Even he who thus knows Me in reality is not bound by actions.",न मां कर्माणि लिम्पन्ति न मे कर्मफले स्पृहा |इति मां योऽभिजानाति कर्मभिर्न स बध्यते |,english,sanskrit
BG_4_15_sa_en,BG_4_15,एवं ज्ञात्वा कृतं कर्म पूर्वैरपि मुमुक्षुभिः |कुरु कर्मैव तस्मात्त्वं पूर्वैः पूर्वतरं कृतम् |,"Having known thus, action was performed even by the ancient seekers for liberation; therefore do thou also perform action, as did the ancients in days of yore.",sanskrit,english
BG_4_15_en_sa,BG_4_15,"Having known thus, action was performed even by the ancient seekers for liberation; therefore do thou also perform action, as did the ancients in days of yore.",एवं ज्ञात्वा कृतं कर्म पूर्वैरपि मुमुक्षुभिः |कुरु कर्मैव तस्मात्त्वं पूर्वैः पूर्वतरं कृतम् |,english,sanskrit
BG_4_16_sa_en,BG_4_16,किं कर्म किमकर्मेति कवयोऽप्यत्र मोहिताः |तत्ते कर्म प्रवक्ष्यामि यज्ज्ञात्वा मोक्ष्यसेऽशुभात् |,"What is action and what is inaction? Even men of intelligence are puzzled over this question. Therefore, I shall expound to you the truth about action, knowing which you will be freed from its evil effect.",sanskrit,english
BG_4_16_en_sa,BG_4_16,"What is action and what is inaction? Even men of intelligence are puzzled over this question. Therefore, I shall expound to you the truth about action, knowing which you will be freed from its evil effect.",किं कर्म किमकर्मेति कवयोऽप्यत्र मोहिताः |तत्ते कर्म प्रवक्ष्यामि यज्ज्ञात्वा मोक्ष्यसेऽशुभात् |,english,sanskrit
BG_4_17_sa_en,BG_4_17,कर्मणो ह्यपि बोद्धव्यं बोद्धव्यं च विकर्मणः |अकर्मणश्च बोद्धव्यं गहना कर्मणो गतिः |,The truth about action must be known and the truth of inaction also must be known; even so the truth about prohibited action must be known. For mysterious are the ways of action.,sanskrit,english
BG_4_17_en_sa,BG_4_17,The truth about action must be known and the truth of inaction also must be known; even so the truth about prohibited action must be known. For mysterious are the ways of action.,कर्मणो ह्यपि बोद्धव्यं बोद्धव्यं च विकर्मणः |अकर्मणश्च बोद्धव्यं गहना कर्मणो गतिः |,english,sanskrit
BG_4_18_sa_en,BG_4_18,कर्मण्यकर्म यः पश्येदकर्मणि च कर्म यः |स बुद्धिमान्मनुष्येषु स युक्तः कृत्स्नकर्मकृत् |,"He who sees inaction in action, and action in inaction, is wise among men; he is a yogi, who has performed all action.",sanskrit,english
BG_4_18_en_sa,BG_4_18,"He who sees inaction in action, and action in inaction, is wise among men; he is a yogi, who has performed all action.",कर्मण्यकर्म यः पश्येदकर्मणि च कर्म यः |स बुद्धिमान्मनुष्येषु स युक्तः कृत्स्नकर्मकृत् |,english,sanskrit
BG_4_19_sa_en,BG_4_19,यस्य सर्वे समारम्भाः कामसङ्कल्पवर्जिताः |ज्ञानाग्निदग्धकर्माणं तमाहुः पण्डितं बुधाः |,"Even the wise call him a sage, whose undertaking are all free from desire and thoughts of the world, and whose actions are burnt up by the fire of wisdom.",sanskrit,english
BG_4_19_en_sa,BG_4_19,"Even the wise call him a sage, whose undertaking are all free from desire and thoughts of the world, and whose actions are burnt up by the fire of wisdom.",यस्य सर्वे समारम्भाः कामसङ्कल्पवर्जिताः |ज्ञानाग्निदग्धकर्माणं तमाहुः पण्डितं बुधाः |,english,sanskrit
BG_4_21_sa_en,BG_4_21,निराशीर्यतचित्तात्मा त्यक्तसर्वपरिग्रहः |शारीरं केवलं कर्म कुर्वन्नाप्नोति किल्बिषम् |,"Having subdued his mind and body, and given up all objects of enjoyment, and free from craving; he who performs sheer bodily actions, does not incur sin.",sanskrit,english
BG_4_21_en_sa,BG_4_21,"Having subdued his mind and body, and given up all objects of enjoyment, and free from craving; he who performs sheer bodily actions, does not incur sin.",निराशीर्यतचित्तात्मा त्यक्तसर्वपरिग्रहः |शारीरं केवलं कर्म कुर्वन्नाप्नोति किल्बिषम् |,english,sanskrit
BG_4_22_sa_en,BG_4_22,यदृच्छालाभसन्तुष्टो द्वन्द्वातीतो विमत्सरः |समः सिद्धावसिद्धौ च कृत्वापि न निबध्यते |,"The Karmayogi, who is contented with whatever is got unsought, is free from jealousy and has transcended all pairs of opposites, and is balanced in success and failure, is not bound by his action.",sanskrit,english
BG_4_22_en_sa,BG_4_22,"The Karmayogi, who is contented with whatever is got unsought, is free from jealousy and has transcended all pairs of opposites, and is balanced in success and failure, is not bound by his action.",यदृच्छालाभसन्तुष्टो द्वन्द्वातीतो विमत्सरः |समः सिद्धावसिद्धौ च कृत्वापि न निबध्यते |,english,sanskrit
BG_4_23_sa_en,BG_4_23,गतसङ्गस्य मुक्तस्य ज्ञानावस्थितचेतसः |यज्ञायाचरतः कर्म समग्रं प्रविलीयते |,"All his actions melt away, who is free from attachment, whose mind is established in knowledge, and who performs actions for the sake of sacrifice.",sanskrit,english
BG_4_23_en_sa,BG_4_23,"All his actions melt away, who is free from attachment, whose mind is established in knowledge, and who performs actions for the sake of sacrifice.",गतसङ्गस्य मुक्तस्य ज्ञानावस्थितचेतसः |यज्ञायाचरतः कर्म समग्रं प्रविलीयते |,english,sanskrit
BG_4_24_sa_en,BG_4_24,ब्रह्मार्पणं ब्रह्म हविर्ब्रह्माग्नौ ब्रह्मणा हुतम् |ब्रह्मैव तेन गन्तव्यं ब्रह्मकर्मसमाधिना |,"In the practice of seeing Brahma everywhere as a form of sacrifice Brahma is the ladle; Brahma, again, is the oblation; Brahma is the fire, Brahma itself",sanskrit,english
BG_4_24_en_sa,BG_4_24,"In the practice of seeing Brahma everywhere as a form of sacrifice Brahma is the ladle; Brahma, again, is the oblation; Brahma is the fire, Brahma itself",ब्रह्मार्पणं ब्रह्म हविर्ब्रह्माग्नौ ब्रह्मणा हुतम् |ब्रह्मैव तेन गन्तव्यं ब्रह्मकर्मसमाधिना |,english,sanskrit
BG_4_26_sa_en,BG_4_26,श्रोत्रादीनीन्द्रियाण्यन्ये संयमाग्निषु जुह्वति |शब्दादीन्विषयानन्य इन्द्रियाग्निषु जुह्वति |,"Offer the sacrifice of the senses, beginning with the ears, to the self alone. Offer the sacrifice of the objects of the senses, beginning with sound, to the senses themselves.",sanskrit,english
BG_4_26_en_sa,BG_4_26,"Offer the sacrifice of the senses, beginning with the ears, to the self alone. Offer the sacrifice of the objects of the senses, beginning with sound, to the senses themselves.",श्रोत्रादीनीन्द्रियाण्यन्ये संयमाग्निषु जुह्वति |शब्दादीन्विषयानन्य इन्द्रियाग्निषु जुह्वति |,english,sanskrit
BG_4_27_sa_en,BG_4_27,सर्वाणीन्द्रियकर्माणि प्राणकर्माणि चापरे |आत्मसंयमयोगाग्नौ जुह्वति ज्ञानदीपिते |,"Others sacrifice all the functions of their senses and the functions of the vital airs into the fire of Yoga in the shape of self-control, kindled by wisdom.",sanskrit,english
BG_4_27_en_sa,BG_4_27,"Others sacrifice all the functions of their senses and the functions of the vital airs into the fire of Yoga in the shape of self-control, kindled by wisdom.",सर्वाणीन्द्रियकर्माणि प्राणकर्माणि चापरे |आत्मसंयमयोगाग्नौ जुह्वति ज्ञानदीपिते |,english,sanskrit
BG_4_29_sa_en,BG_4_29,अपाने जुह्वति प्राणं प्राणेऽपानं तथापरे |प्राणापानगती रुद्ध्वा प्राणायामपरायणाः |,"Other yogis offer the act of exhalation into that of inhalation even; so others, the act of inhalation into that of exhalation. There are still others given to the practice of Pranayama, who having regulated their diet and controlled the processes of exhalation and inhalation both pour their vital airs into the vital airs themselves.",sanskrit,english
BG_4_29_en_sa,BG_4_29,"Other yogis offer the act of exhalation into that of inhalation even; so others, the act of inhalation into that of exhalation. There are still others given to the practice of Pranayama, who having regulated their diet and controlled the processes of exhalation and inhalation both pour their vital airs into the vital airs themselves.",अपाने जुह्वति प्राणं प्राणेऽपानं तथापरे |प्राणापानगती रुद्ध्वा प्राणायामपरायणाः |,english,sanskrit
BG_4_31_sa_en,BG_4_31,यज्ञशिष्टामृतभुजो यान्ति ब्रह्म सनातनम् |नायं लोकोऽस्त्ययज्ञस्य कुतोऽन्यः कुरुसत्तम |,"Those who eat the remnants of sacrifices go to the eternal Brahman; this world does not exist for one who does not perform sacrifices, how then can there be any fruit for him, O best of the Kurus?",sanskrit,english
BG_4_31_en_sa,BG_4_31,"Those who eat the remnants of sacrifices go to the eternal Brahman; this world does not exist for one who does not perform sacrifices, how then can there be any fruit for him, O best of the Kurus?",यज्ञशिष्टामृतभुजो यान्ति ब्रह्म सनातनम् |नायं लोकोऽस्त्ययज्ञस्य कुतोऽन्यः कुरुसत्तम |,english,sanskrit
BG_4_32_sa_en,BG_4_32,एवं बहुविधा यज्ञा वितता ब्रह्मणो मुखे |कर्मजान्विद्धि तान्सर्वानेवं ज्ञात्वा विमोक्ष्यसे |,"Many such forms of sacrifice have been set forth in detail through the mouth of the Vedas. Knowing all these as actions of the mind, senses, and body, you shall be freed from all bondage of actions by performing them.",sanskrit,english
BG_4_32_en_sa,BG_4_32,"Many such forms of sacrifice have been set forth in detail through the mouth of the Vedas. Knowing all these as actions of the mind, senses, and body, you shall be freed from all bondage of actions by performing them.",एवं बहुविधा यज्ञा वितता ब्रह्मणो मुखे |कर्मजान्विद्धि तान्सर्वानेवं ज्ञात्वा विमोक्ष्यसे |,english,sanskrit
BG_4_33_sa_en,BG_4_33,श्रेयान्द्रव्यमयाद्यज्ञाज्ज्ञानयज्ञः परन्तप |सर्वं कर्माखिलं पार्थ ज्ञाने परिसमाप्यते |,"Arjuna, sacrifice through Knowledge is superior to sacrifice performed with material things. For all actions without exception culminate in Knowledge, O son of Kunti.",sanskrit,english
BG_4_33_en_sa,BG_4_33,"Arjuna, sacrifice through Knowledge is superior to sacrifice performed with material things. For all actions without exception culminate in Knowledge, O son of Kunti.",श्रेयान्द्रव्यमयाद्यज्ञाज्ज्ञानयज्ञः परन्तप |सर्वं कर्माखिलं पार्थ ज्ञाने परिसमाप्यते |,english,sanskrit
BG_4_34_sa_en,BG_4_34,तद्विद्धि प्रणिपातेन परिप्रश्नेन सेवया |उपदेक्ष्यन्ति ते ज्ञानं ज्ञानिनस्तत्त्वदर्शिनः |,"Understand the true nature of that Knowledge by approaching illumined soul. If you prostrate at their feet, render them service, and question them with an open and guileless heart, those wise seers of Truth will instruct you in that Knowledge.",sanskrit,english
BG_4_34_en_sa,BG_4_34,"Understand the true nature of that Knowledge by approaching illumined soul. If you prostrate at their feet, render them service, and question them with an open and guileless heart, those wise seers of Truth will instruct you in that Knowledge.",तद्विद्धि प्रणिपातेन परिप्रश्नेन सेवया |उपदेक्ष्यन्ति ते ज्ञानं ज्ञानिनस्तत्त्वदर्शिनः |,english,sanskrit
BG_4_35_sa_en,BG_4_35,यज्ज्ञात्वा न पुनर्मोहमेवं यास्यसि पाण्डव |येन भूतान्यशेषेण द्रक्ष्यस्यात्मन्यथो मयि (var अशेषाणि) |,"Arjuna, when you have reached enlightenment, ignorance will delude you no more. In the light of that Knowledge you will see the entire creation first within your own self, and then in Me.",sanskrit,english
BG_4_35_en_sa,BG_4_35,"Arjuna, when you have reached enlightenment, ignorance will delude you no more. In the light of that Knowledge you will see the entire creation first within your own self, and then in Me.",यज्ज्ञात्वा न पुनर्मोहमेवं यास्यसि पाण्डव |येन भूतान्यशेषेण द्रक्ष्यस्यात्मन्यथो मयि (var अशेषाणि) |,english,sanskrit
BG_4_36_sa_en,BG_4_36,अपि चेदसि पापेभ्यः सर्वेभ्यः पापकृत्तमः |सर्वं ज्ञानप्लवेनैव वृजिनं सन्तरिष्यसि |,"Even though you were the foulest of all sinners, this Knowledge alone would carry you, like a raft, across all your sin.",sanskrit,english
BG_4_36_en_sa,BG_4_36,"Even though you were the foulest of all sinners, this Knowledge alone would carry you, like a raft, across all your sin.",अपि चेदसि पापेभ्यः सर्वेभ्यः पापकृत्तमः |सर्वं ज्ञानप्लवेनैव वृजिनं सन्तरिष्यसि |,english,sanskrit
BG_4_37_sa_en,BG_4_37,यथैधांसि समिद्धोऽग्निर्भस्मसात्कुरुतेऽर्जुन |ज्ञानाग्निः सर्वकर्माणि भस्मसात्कुरुते तथा |,"For as the blazing fire turns the fuel to ashes, Arjuna, even so the fire of Knowledge turns all actions to ashes.",sanskrit,english
BG_4_37_en_sa,BG_4_37,"For as the blazing fire turns the fuel to ashes, Arjuna, even so the fire of Knowledge turns all actions to ashes.",यथैधांसि समिद्धोऽग्निर्भस्मसात्कुरुतेऽर्जुन |ज्ञानाग्निः सर्वकर्माणि भस्मसात्कुरुते तथा |,english,sanskrit
BG_4_38_sa_en,BG_4_38,न हि ज्ञानेन सदृशं पवित्रमिह विद्यते |तत्स्वयं योगसंसिद्धः कालेनात्मनि विन्दति |,"On earth there is no purifier as great as Knowledge, he who has attained purity of heart through a prolonged practice of Karmayoga automatically sees the light of Truth in the self in course of time.",sanskrit,english
BG_4_38_en_sa,BG_4_38,"On earth there is no purifier as great as Knowledge, he who has attained purity of heart through a prolonged practice of Karmayoga automatically sees the light of Truth in the self in course of time.",न हि ज्ञानेन सदृशं पवित्रमिह विद्यते |तत्स्वयं योगसंसिद्धः कालेनात्मनि विन्दति |,english,sanskrit
BG_4_39_sa_en,BG_4_39,श्रद्धावाँल्लभते ज्ञानं तत्परः संयतेन्द्रियः |ज्ञानं लब्ध्वा परां शान्तिमचिरेणाधिगच्छति |,"The faithful, the devoted, and the self-controlled attain knowledge; having obtained knowledge, they soon reach supreme peace.",sanskrit,english
BG_4_39_en_sa,BG_4_39,"The faithful, the devoted, and the self-controlled attain knowledge; having obtained knowledge, they soon reach supreme peace.",श्रद्धावाँल्लभते ज्ञानं तत्परः संयतेन्द्रियः |ज्ञानं लब्ध्वा परां शान्तिमचिरेणाधिगच्छति |,english,sanskrit
BG_4_42_sa_en,BG_4_42,तस्मादज्ञानसम्भूतं हृत्स्थं ज्ञानासिनात्मनः |छित्त्वैनं संशयं योगमातिष्ठोत्तिष्ठ भारत |,"Therefore, Arjuna, slashing to pieces, with the sword of wisdom, the doubt born of ignorance in your heart, stand firm in the yoga of equanimity and prepare for battle, O Bharata.",sanskrit,english
BG_4_42_en_sa,BG_4_42,"Therefore, Arjuna, slashing to pieces, with the sword of wisdom, the doubt born of ignorance in your heart, stand firm in the yoga of equanimity and prepare for battle, O Bharata.",तस्मादज्ञानसम्भूतं हृत्स्थं ज्ञानासिनात्मनः |छित्त्वैनं संशयं योगमातिष्ठोत्तिष्ठ भारत |,english,sanskrit
BG_5_1_sa_en,BG_5_1,अर्जुन उवाच |संन्यासं कर्मणां कृष्ण पुनर्योगं च शंससि |यच्छ्रेय एतयोरेकं तन्मे ब्रूहि सुनिश्चितम् |,"Arjuna said Krishna, you extol sankhyayogaand then the yoga of Action. Pray tell me which of the two is decidedly conducive to my good.",sanskrit,english
BG_5_1_en_sa,BG_5_1,"Arjuna said Krishna, you extol sankhyayogaand then the yoga of Action. Pray tell me which of the two is decidedly conducive to my good.",अर्जुन उवाच |संन्यासं कर्मणां कृष्ण पुनर्योगं च शंससि |यच्छ्रेय एतयोरेकं तन्मे ब्रूहि सुनिश्चितम् |,english,sanskrit
BG_5_4_sa_en,BG_5_4,साङ्ख्ययोगौ पृथग्बालाः प्रवदन्ति न पण्डिताः |एकमप्यास्थितः सम्यगुभयोर्विन्दते फलम् |,"It is the ignorant, not the wise, who say that Sankhyayoga and Karmayoga lead to divergent results. For one who is firmly established in either gets the fruit of both",sanskrit,english
BG_5_4_en_sa,BG_5_4,"It is the ignorant, not the wise, who say that Sankhyayoga and Karmayoga lead to divergent results. For one who is firmly established in either gets the fruit of both",साङ्ख्ययोगौ पृथग्बालाः प्रवदन्ति न पण्डिताः |एकमप्यास्थितः सम्यगुभयोर्विन्दते फलम् |,english,sanskrit
BG_5_6_sa_en,BG_5_6,संन्यासस्तु महाबाहो दुःखमाप्तुमयोगतः |योगयुक्तो मुनिर्ब्रह्म नचिरेणाधिगच्छति |,"Without Karmayoga, however, Sankhyayogais difficult to accomplish; whereas the Karmayogi, who keeps his mind fixed on God, reaches Brahma in no time, Arjuna.",sanskrit,english
BG_5_6_en_sa,BG_5_6,"Without Karmayoga, however, Sankhyayogais difficult to accomplish; whereas the Karmayogi, who keeps his mind fixed on God, reaches Brahma in no time, Arjuna.",संन्यासस्तु महाबाहो दुःखमाप्तुमयोगतः |योगयुक्तो मुनिर्ब्रह्म नचिरेणाधिगच्छति |,english,sanskrit
BG_5_7_sa_en,BG_5_7,योगयुक्तो विशुद्धात्मा विजितात्मा जितेन्द्रियः |सर्वभूतात्मभूतात्मा कुर्वन्नपि न लिप्यते |,"The Karamayogi, who has fully conquered his mind and mastered his senses, whose heart is pure, and who has identified himself with the self of all beings, remains untainted, even though performing action.",sanskrit,english
BG_5_7_en_sa,BG_5_7,"The Karamayogi, who has fully conquered his mind and mastered his senses, whose heart is pure, and who has identified himself with the self of all beings, remains untainted, even though performing action.",योगयुक्तो विशुद्धात्मा विजितात्मा जितेन्द्रियः |सर्वभूतात्मभूतात्मा कुर्वन्नपि न लिप्यते |,english,sanskrit
BG_5_8_sa_en,BG_5_8,नैव किञ्चित्करोमीति युक्तो मन्येत तत्त्ववित् |पश्यञ्शृण्वन्स्पृशञ्जिघ्रन्नश्नन्गच्छन्स्वपञ्श्वसन् |,"The Sankhyayogi, however, who knows the reality of things, must believe, even though seeing, hearing, touching, smelling, eating or drinking, walking, sleeping, breathing, that he does nothing.",sanskrit,english
BG_5_8_en_sa,BG_5_8,"The Sankhyayogi, however, who knows the reality of things, must believe, even though seeing, hearing, touching, smelling, eating or drinking, walking, sleeping, breathing, that he does nothing.",नैव किञ्चित्करोमीति युक्तो मन्येत तत्त्ववित् |पश्यञ्शृण्वन्स्पृशञ्जिघ्रन्नश्नन्गच्छन्स्वपञ्श्वसन् |,english,sanskrit
BG_5_9_sa_en,BG_5_9,प्रलपन्विसृजन्गृह्णन्नुन्मिषन्निमिषन्नपि |इन्द्रियाणीन्द्रियार्थेषु वर्तन्त इति धारयन् |,"Speaking, letting go, grasping, opening or closing the eyes — holding that it is only the senses moving among their objects, he believes that he does nothing.",sanskrit,english
BG_5_9_en_sa,BG_5_9,"Speaking, letting go, grasping, opening or closing the eyes — holding that it is only the senses moving among their objects, he believes that he does nothing.",प्रलपन्विसृजन्गृह्णन्नुन्मिषन्निमिषन्नपि |इन्द्रियाणीन्द्रियार्थेषु वर्तन्त इति धारयन् |,english,sanskrit
BG_5_10_sa_en,BG_5_10,ब्रह्मण्याधाय कर्माणि सङ्गं त्यक्त्वा करोति यः |लिप्यते न स पापेन पद्मपत्रमिवाम्भसा |,"He who performs his duties, abandoning attachment and dedicating all actions to the Supreme, is not tainted by sin, just as a lotus leaf is untouched by water. He who acts offering all actions to God, and shaking off attachment, remains untouched by sin, as the lotus leaf by water.",sanskrit,english
BG_5_10_en_sa,BG_5_10,"He who performs his duties, abandoning attachment and dedicating all actions to the Supreme, is not tainted by sin, just as a lotus leaf is untouched by water. He who acts offering all actions to God, and shaking off attachment, remains untouched by sin, as the lotus leaf by water.",ब्रह्मण्याधाय कर्माणि सङ्गं त्यक्त्वा करोति यः |लिप्यते न स पापेन पद्मपत्रमिवाम्भसा |,english,sanskrit
BG_5_11_sa_en,BG_5_11,कायेन मनसा बुद्ध्या केवलैरिन्द्रियैरपि |योगिनः कर्म कुर्वन्ति सङ्गं त्यक्त्वात्मशुद्धये |,"The Karmayogis perform action only with their senses, mind, intellect and body as well, withdrawing the feeling of mine in respect of them and shaking off attachment simply for the sake of self-purification.",sanskrit,english
BG_5_11_en_sa,BG_5_11,"The Karmayogis perform action only with their senses, mind, intellect and body as well, withdrawing the feeling of mine in respect of them and shaking off attachment simply for the sake of self-purification.",कायेन मनसा बुद्ध्या केवलैरिन्द्रियैरपि |योगिनः कर्म कुर्वन्ति सङ्गं त्यक्त्वात्मशुद्धये |,english,sanskrit
BG_5_12_sa_en,BG_5_12,युक्तः कर्मफलं त्यक्त्वा शान्तिमाप्नोति नैष्ठिकीम् |अयुक्तः कामकारेण फले सक्तो निबध्यते |,"One who is devoted to the path of selfless action attains lasting peace; one who is attached to the fruits of actions is bound by them. Offering the fruit of actions to God, the Karmayogi attains everlasting peace in the shape of God-Realization; whereas he who works with a selfish motive, being attached to the fruit of action through desire, gets tied down.",sanskrit,english
BG_5_12_en_sa,BG_5_12,"One who is devoted to the path of selfless action attains lasting peace; one who is attached to the fruits of actions is bound by them. Offering the fruit of actions to God, the Karmayogi attains everlasting peace in the shape of God-Realization; whereas he who works with a selfish motive, being attached to the fruit of action through desire, gets tied down.",युक्तः कर्मफलं त्यक्त्वा शान्तिमाप्नोति नैष्ठिकीम् |अयुक्तः कामकारेण फले सक्तो निबध्यते |,english,sanskrit
BG_5_13_sa_en,BG_5_13,सर्वकर्माणि मनसा संन्यस्यास्ते सुखं वशी |नवद्वारे पुरे देही नैव कुर्वन्न कारयन् |,"The self-controlled Sankhyayoga, doing nothing himself and getting nothing done by others, rests happily in God, the embodiment, neither acting nor causing othersto act",sanskrit,english
BG_5_13_en_sa,BG_5_13,"The self-controlled Sankhyayoga, doing nothing himself and getting nothing done by others, rests happily in God, the embodiment, neither acting nor causing othersto act",सर्वकर्माणि मनसा संन्यस्यास्ते सुखं वशी |नवद्वारे पुरे देही नैव कुर्वन्न कारयन् |,english,sanskrit
BG_5_14_sa_en,BG_5_14,न कर्तृत्वं न कर्माणि लोकस्य सृजति प्रभुः |न कर्मफलसंयोगं स्वभावस्तु प्रवर्तते |,"God determines not the doership nor the doings of men, nor even their contact with the fruit of actions; but it is Nature alone that functions.",sanskrit,english
BG_5_14_en_sa,BG_5_14,"God determines not the doership nor the doings of men, nor even their contact with the fruit of actions; but it is Nature alone that functions.",न कर्तृत्वं न कर्माणि लोकस्य सृजति प्रभुः |न कर्मफलसंयोगं स्वभावस्तु प्रवर्तते |,english,sanskrit
BG_5_15_sa_en,BG_5_15,नादत्ते कस्यचित्पापं न चैव सुकृतं विभुः |अज्ञानेनावृतं ज्ञानं तेन मुह्यन्ति जन्तवः |,The omnipresent God does not receive the virtue or sin of anyone. Knowledge is enveloped in ignorance; hence it is that beings are constantly falling a prey to delusion.,sanskrit,english
BG_5_15_en_sa,BG_5_15,The omnipresent God does not receive the virtue or sin of anyone. Knowledge is enveloped in ignorance; hence it is that beings are constantly falling a prey to delusion.,नादत्ते कस्यचित्पापं न चैव सुकृतं विभुः |अज्ञानेनावृतं ज्ञानं तेन मुह्यन्ति जन्तवः |,english,sanskrit
BG_5_16_sa_en,BG_5_16,ज्ञानेन तु तदज्ञानं येषां नाशितमात्मनः |तेषामादित्यवज्ज्ञानं प्रकाशयति तत्परम् |,"In the case, however, to those whose said ignorance has been set aside by true Knowledge of god, that wisdom shining like the sun reveals the supreme.",sanskrit,english
BG_5_16_en_sa,BG_5_16,"In the case, however, to those whose said ignorance has been set aside by true Knowledge of god, that wisdom shining like the sun reveals the supreme.",ज्ञानेन तु तदज्ञानं येषां नाशितमात्मनः |तेषामादित्यवज्ज्ञानं प्रकाशयति तत्परम् |,english,sanskrit
BG_5_18_sa_en,BG_5_18,विद्याविनयसम्पन्ने ब्राह्मणे गवि हस्तिनि |शुनि चैव श्वपाके च पण्डिताः समदर्शिनः |,"The wise look with the same eye on a Brahmana endowed with learning and culture, a cow, an elephant, a dog, and a pariah too.",sanskrit,english
BG_5_18_en_sa,BG_5_18,"The wise look with the same eye on a Brahmana endowed with learning and culture, a cow, an elephant, a dog, and a pariah too.",विद्याविनयसम्पन्ने ब्राह्मणे गवि हस्तिनि |शुनि चैव श्वपाके च पण्डिताः समदर्शिनः |,english,sanskrit
BG_5_19_sa_en,BG_5_19,इहैव तैर्जितः सर्गो येषां साम्ये स्थितं मनः |निर्दोषं हि समं ब्रह्म तस्माद् ब्रह्मणि ते स्थिताः |,"Even here is the mortal plane conquered by those whose mind is established in unity; since the Absolute is untouched by evil and knows no distinction, hence they are established in the Eternal.",sanskrit,english
BG_5_19_en_sa,BG_5_19,"Even here is the mortal plane conquered by those whose mind is established in unity; since the Absolute is untouched by evil and knows no distinction, hence they are established in the Eternal.",इहैव तैर्जितः सर्गो येषां साम्ये स्थितं मनः |निर्दोषं हि समं ब्रह्म तस्माद् ब्रह्मणि ते स्थिताः |,english,sanskrit
BG_5_20_sa_en,BG_5_20,न प्रहृष्येत्प्रियं प्राप्य नोद्विजेत्प्राप्य चाप्रियम् |स्थिरबुद्धिरसम्मूढो ब्रह्मविद् ब्रह्मणि स्थितः |,"One who, having obtained the beloved, does not rejoice, and having obtained the unlovely, is not disturbed; that steady-minded, unbewildered knower of Brahman is ever established in the One Supreme Spirit.",sanskrit,english
BG_5_20_en_sa,BG_5_20,"One who, having obtained the beloved, does not rejoice, and having obtained the unlovely, is not disturbed; that steady-minded, unbewildered knower of Brahman is ever established in the One Supreme Spirit.",न प्रहृष्येत्प्रियं प्राप्य नोद्विजेत्प्राप्य चाप्रियम् |स्थिरबुद्धिरसम्मूढो ब्रह्मविद् ब्रह्मणि स्थितः |,english,sanskrit
BG_5_21_sa_en,BG_5_21,बाह्यस्पर्शेष्वसक्तात्मा विन्दत्यात्मनि यत्सुखम् |स ब्रह्मयोगयुक्तात्मा सुखमक्षयमश्नुते |,"He whose mind remains unattached to sense-objects, derives through meditation the Sattvika joy which dwells in the mind; then that Yogi, having completely identified himself through meditation with Brahma enjoys eternal Bliss.",sanskrit,english
BG_5_21_en_sa,BG_5_21,"He whose mind remains unattached to sense-objects, derives through meditation the Sattvika joy which dwells in the mind; then that Yogi, having completely identified himself through meditation with Brahma enjoys eternal Bliss.",बाह्यस्पर्शेष्वसक्तात्मा विन्दत्यात्मनि यत्सुखम् |स ब्रह्मयोगयुक्तात्मा सुखमक्षयमश्नुते |,english,sanskrit
BG_5_22_sa_en,BG_5_22,ये हि संस्पर्शजा भोगा दुःखयोनय एव ते |आद्यन्तवन्तः कौन्तेय न तेषु रमते बुधः |,"The pleasures which are born of sense-contacts are verily a source of suffering only. They have a beginning and an end. Arjuna, it is for this reason that a wise man does not indulge in them.",sanskrit,english
BG_5_22_en_sa,BG_5_22,"The pleasures which are born of sense-contacts are verily a source of suffering only. They have a beginning and an end. Arjuna, it is for this reason that a wise man does not indulge in them.",ये हि संस्पर्शजा भोगा दुःखयोनय एव ते |आद्यन्तवन्तः कौन्तेय न तेषु रमते बुधः |,english,sanskrit
BG_5_23_sa_en,BG_5_23,शक्नोतीहैव यः सोढुं प्राक्शरीरविमोक्षणात् |कामक्रोधोद्भवं वेगं स युक्तः स सुखी नरः |,"He who is able to endure the force of desire and anger born of the mind before the destruction of the body, he is a yogi and he is happy.",sanskrit,english
BG_5_23_en_sa,BG_5_23,"He who is able to endure the force of desire and anger born of the mind before the destruction of the body, he is a yogi and he is happy.",शक्नोतीहैव यः सोढुं प्राक्शरीरविमोक्षणात् |कामक्रोधोद्भवं वेगं स युक्तः स सुखी नरः |,english,sanskrit
BG_5_25_sa_en,BG_5_25,लभन्ते ब्रह्मनिर्वाणमृषयः क्षीणकल्मषाः |छिन्नद्वैधा यतात्मानः सर्वभूतहिते रताः |,"The seers whose sins have been wiped out, whose doubts have been dispelled by Knowledge, whose disciplined mind is firmly established in God and who are actively engaged in the service of all beings, attain Brahma, who is all peace.",sanskrit,english
BG_5_25_en_sa,BG_5_25,"The seers whose sins have been wiped out, whose doubts have been dispelled by Knowledge, whose disciplined mind is firmly established in God and who are actively engaged in the service of all beings, attain Brahma, who is all peace.",लभन्ते ब्रह्मनिर्वाणमृषयः क्षीणकल्मषाः |छिन्नद्वैधा यतात्मानः सर्वभूतहिते रताः |,english,sanskrit
BG_5_26_sa_en,BG_5_26,कामक्रोधवियुक्तानां यतीनां यतचेतसाम् |अभितो ब्रह्मनिर्वाणं वर्तते विदितात्मनाम् |,"To those wise men who are free from lust and anger, who have subdued their mind and have realized the Supreme Brahman, the all-pervading peaceful Supreme Brahman is present everywhere.",sanskrit,english
BG_5_26_en_sa,BG_5_26,"To those wise men who are free from lust and anger, who have subdued their mind and have realized the Supreme Brahman, the all-pervading peaceful Supreme Brahman is present everywhere.",कामक्रोधवियुक्तानां यतीनां यतचेतसाम् |अभितो ब्रह्मनिर्वाणं वर्तते विदितात्मनाम् |,english,sanskrit
BG_5_28_sa_en,BG_5_28,यतेन्द्रियमनोबुद्धिर्मुनिर्मोक्षपरायणः |विगतेच्छाभयक्रोधो यः सदा मुक्त एव सः |,"he who has brought his senses, mind and intellect under control, who is devoted to liberation, free from desire, fear and anger, he is always free.",sanskrit,english
BG_5_28_en_sa,BG_5_28,"he who has brought his senses, mind and intellect under control, who is devoted to liberation, free from desire, fear and anger, he is always free.",यतेन्द्रियमनोबुद्धिर्मुनिर्मोक्षपरायणः |विगतेच्छाभयक्रोधो यः सदा मुक्त एव सः |,english,sanskrit
BG_5_29_sa_en,BG_5_29,भोक्तारं यज्ञतपसां सर्वलोकमहेश्वरम् |सुहृदं सर्वभूतानां ज्ञात्वा मां शान्तिमृच्छति |,"Having Known Me in reality as the enjoyer of all sacrifices and austerities, the supreme Lord of all the worlds, and the disinterested friend of all beings, My devotee attains peace.",sanskrit,english
BG_5_29_en_sa,BG_5_29,"Having Known Me in reality as the enjoyer of all sacrifices and austerities, the supreme Lord of all the worlds, and the disinterested friend of all beings, My devotee attains peace.",भोक्तारं यज्ञतपसां सर्वलोकमहेश्वरम् |सुहृदं सर्वभूतानां ज्ञात्वा मां शान्तिमृच्छति |,english,sanskrit
BG_6_1_sa_en,BG_6_1,श्रीभगवानुवाच |अनाश्रितः कर्मफलं कार्यं कर्म करोति यः |स संन्यासी च योगी च न निरग्निर्न चाक्रियः |,"Shree Bhagavan said: he who does his duty without expecting the fruit of actions is a Samnyasiand a Yogiboth. He is no Samnyasiwho has merely renounced the sacred fire; even so he is no Yogi, who has merely given up all activity.",sanskrit,english
BG_6_1_en_sa,BG_6_1,"Shree Bhagavan said: he who does his duty without expecting the fruit of actions is a Samnyasiand a Yogiboth. He is no Samnyasiwho has merely renounced the sacred fire; even so he is no Yogi, who has merely given up all activity.",श्रीभगवानुवाच |अनाश्रितः कर्मफलं कार्यं कर्म करोति यः |स संन्यासी च योगी च न निरग्निर्न चाक्रियः |,english,sanskrit
BG_6_2_sa_en,BG_6_2,यं संन्यासमिति प्राहुर्योगं तं विद्धि पाण्डव |न ह्यसंन्यस्तसङ्कल्पो योगी भवति कश्चन |,"Arjuna, you must know that what they call Samnyasa is no other than Yoga; for none becomes a Yogi, who has not given up thoughts of the world.",sanskrit,english
BG_6_2_en_sa,BG_6_2,"Arjuna, you must know that what they call Samnyasa is no other than Yoga; for none becomes a Yogi, who has not given up thoughts of the world.",यं संन्यासमिति प्राहुर्योगं तं विद्धि पाण्डव |न ह्यसंन्यस्तसङ्कल्पो योगी भवति कश्चन |,english,sanskrit
BG_6_3_sa_en,BG_6_3,आरुरुक्षोर्मुनेर्योगं कर्म कारणमुच्यते |योगारूढस्य तस्यैव शमः कारणमुच्यते |,"To the contemplative soul who desires to ascend to Yoga, action is said to be the cause; to him who is attached to Yoga, peace is said to be the cause.",sanskrit,english
BG_6_3_en_sa,BG_6_3,"To the contemplative soul who desires to ascend to Yoga, action is said to be the cause; to him who is attached to Yoga, peace is said to be the cause.",आरुरुक्षोर्मुनेर्योगं कर्म कारणमुच्यते |योगारूढस्य तस्यैव शमः कारणमुच्यते |,english,sanskrit
BG_6_4_sa_en,BG_6_4,यदा हि नेन्द्रियार्थेषु न कर्मस्वनुषज्जते |सर्वसङ्कल्पसंन्यासी योगारूढस्तदोच्यते |,"When a man ceases to have any attachment either for the objects of senses or for actions, and has renounced all thoughts of the world, he is said to have climbed to the heights of Yoga.",sanskrit,english
BG_6_4_en_sa,BG_6_4,"When a man ceases to have any attachment either for the objects of senses or for actions, and has renounced all thoughts of the world, he is said to have climbed to the heights of Yoga.",यदा हि नेन्द्रियार्थेषु न कर्मस्वनुषज्जते |सर्वसङ्कल्पसंन्यासी योगारूढस्तदोच्यते |,english,sanskrit
BG_6_7_sa_en,BG_6_7,जितात्मनः प्रशान्तस्य परमात्मा समाहितः |शीतोष्णसुखदुःखेषु तथा मानापमानयोः |,"The Supreme Spirit is rooted in the knowledge of the self-controlled man whose mind is perfectly serene in the midst of pairs of opposites, such as cold and heat, joy and sorrow, and honour and ignominy.",sanskrit,english
BG_6_7_en_sa,BG_6_7,"The Supreme Spirit is rooted in the knowledge of the self-controlled man whose mind is perfectly serene in the midst of pairs of opposites, such as cold and heat, joy and sorrow, and honour and ignominy.",जितात्मनः प्रशान्तस्य परमात्मा समाहितः |शीतोष्णसुखदुःखेषु तथा मानापमानयोः |,english,sanskrit
BG_6_8_sa_en,BG_6_8,ज्ञानविज्ञानतृप्तात्मा कूटस्थो विजितेन्द्रियः |युक्त इत्युच्यते योगी समलोष्टाश्मकाञ्चनः |,"The Yogi whose heart is fully satisfied with both Jñanaand Vijñana, who is steady and free from delusion, who has mastered his senses, and to whom earth, stone, and gold are alike—such a Yogi is said to be united with God.",sanskrit,english
BG_6_8_en_sa,BG_6_8,"The Yogi whose heart is fully satisfied with both Jñanaand Vijñana, who is steady and free from delusion, who has mastered his senses, and to whom earth, stone, and gold are alike—such a Yogi is said to be united with God.",ज्ञानविज्ञानतृप्तात्मा कूटस्थो विजितेन्द्रियः |युक्त इत्युच्यते योगी समलोष्टाश्मकाञ्चनः |,english,sanskrit
BG_6_10_sa_en,BG_6_10,योगी युञ्जीत सततमात्मानं रहसि स्थितः |एकाकी यतचित्तात्मा निराशीरपरिग्रहः |,"Living in seclusion all by himself, the Yogi who has controlled his mind and body, and is free from desires and void of possessions, should constantly engage his mind in meditation.",sanskrit,english
BG_6_10_en_sa,BG_6_10,"Living in seclusion all by himself, the Yogi who has controlled his mind and body, and is free from desires and void of possessions, should constantly engage his mind in meditation.",योगी युञ्जीत सततमात्मानं रहसि स्थितः |एकाकी यतचित्तात्मा निराशीरपरिग्रहः |,english,sanskrit
BG_6_12_sa_en,BG_6_12,तत्रैकाग्रं मनः कृत्वा यतचित्तेन्द्रियक्रियः |उपविश्यासने युञ्ज्याद्योगमात्मविशुद्धये |,"And occupying that seat, concentrating the mind and controlling the functions of the mind and senses, he should practise Yoga for self-purification.",sanskrit,english
BG_6_12_en_sa,BG_6_12,"And occupying that seat, concentrating the mind and controlling the functions of the mind and senses, he should practise Yoga for self-purification.",तत्रैकाग्रं मनः कृत्वा यतचित्तेन्द्रियक्रियः |उपविश्यासने युञ्ज्याद्योगमात्मविशुद्धये |,english,sanskrit
BG_6_13_sa_en,BG_6_13,समं कायशिरोग्रीवं धारयन्नचलं स्थिरः |सम्प्रेक्ष्य नासिकाग्रं स्वं दिशश्चानवलोकयन् |,"Holding the trunk, head and neck straight and steady, remaining firm and fixing the gaze on the tip of his nose, without looking in other direction.",sanskrit,english
BG_6_13_en_sa,BG_6_13,"Holding the trunk, head and neck straight and steady, remaining firm and fixing the gaze on the tip of his nose, without looking in other direction.",समं कायशिरोग्रीवं धारयन्नचलं स्थिरः |सम्प्रेक्ष्य नासिकाग्रं स्वं दिशश्चानवलोकयन् |,english,sanskrit
BG_6_14_sa_en,BG_6_14,प्रशान्तात्मा विगतभीर्ब्रह्मचारिव्रते स्थितः |मनः संयम्य मच्चित्तो युक्त आसीत मत्परः |,"Firm in the vow of complete chastity and fearless, keeping himself perfectly calm and with the mind held in restraint and fixed on Me, the vigilant Yogi should sit absorbed in Me.",sanskrit,english
BG_6_14_en_sa,BG_6_14,"Firm in the vow of complete chastity and fearless, keeping himself perfectly calm and with the mind held in restraint and fixed on Me, the vigilant Yogi should sit absorbed in Me.",प्रशान्तात्मा विगतभीर्ब्रह्मचारिव्रते स्थितः |मनः संयम्य मच्चित्तो युक्त आसीत मत्परः |,english,sanskrit
BG_6_15_sa_en,BG_6_15,युञ्जन्नेवं सदात्मानं योगी नियतमानसः |शान्तिं निर्वाणपरमां मत्संस्थामधिगच्छति |,"Thus constantly applying his mind to Me, the Yogi of disciplined mind attains the everlasting peace, consisting of supreme bliss, which abides in Me.",sanskrit,english
BG_6_15_en_sa,BG_6_15,"Thus constantly applying his mind to Me, the Yogi of disciplined mind attains the everlasting peace, consisting of supreme bliss, which abides in Me.",युञ्जन्नेवं सदात्मानं योगी नियतमानसः |शान्तिं निर्वाणपरमां मत्संस्थामधिगच्छति |,english,sanskrit
BG_6_17_sa_en,BG_6_17,युक्ताहारविहारस्य युक्तचेष्टस्य कर्मसु |युक्तस्वप्नावबोधस्य योगो भवति दुःखहा |,"Yoga, which rids one of woe, is accomplished only by him who is regulated in diet and recreation, regulated in performing actions, and regulated in sleep and wakefulness.",sanskrit,english
BG_6_17_en_sa,BG_6_17,"Yoga, which rids one of woe, is accomplished only by him who is regulated in diet and recreation, regulated in performing actions, and regulated in sleep and wakefulness.",युक्ताहारविहारस्य युक्तचेष्टस्य कर्मसु |युक्तस्वप्नावबोधस्य योगो भवति दुःखहा |,english,sanskrit
BG_6_18_sa_en,BG_6_18,यदा विनियतं चित्तमात्मन्येवावतिष्ठते |निःस्पृहः सर्वकामेभ्यो युक्त इत्युच्यते तदा |,"When the mind which is thoroughly disciplined gets riveted on God alone, then the person who is free from yearning for all enjoyments is said to be established in Yoga.",sanskrit,english
BG_6_18_en_sa,BG_6_18,"When the mind which is thoroughly disciplined gets riveted on God alone, then the person who is free from yearning for all enjoyments is said to be established in Yoga.",यदा विनियतं चित्तमात्मन्येवावतिष्ठते |निःस्पृहः सर्वकामेभ्यो युक्त इत्युच्यते तदा |,english,sanskrit
BG_6_19_sa_en,BG_6_19,यथा दीपो निवातस्थो नेङ्गते सोपमा स्मृता |योगिनो यतचित्तस्य युञ्जतो योगमात्मनः |,"As a light does not flicker in a windless place, such is stated to be the picture of the disciplined mind of the Yogi practising meditation on God.",sanskrit,english
BG_6_19_en_sa,BG_6_19,"As a light does not flicker in a windless place, such is stated to be the picture of the disciplined mind of the Yogi practising meditation on God.",यथा दीपो निवातस्थो नेङ्गते सोपमा स्मृता |योगिनो यतचित्तस्य युञ्जतो योगमात्मनः |,english,sanskrit
BG_6_20_sa_en,BG_6_20,यत्रोपरमते चित्तं निरुद्धं योगसेवया |यत्र चैवात्मनात्मानं पश्यन्नात्मनि तुष्यति |,"When the mind which is thoroughly disciplined gets riveted on God alone, then the person who is free from yearning for all enjoyments is said to be established in Yoga.",sanskrit,english
BG_6_20_en_sa,BG_6_20,"When the mind which is thoroughly disciplined gets riveted on God alone, then the person who is free from yearning for all enjoyments is said to be established in Yoga.",यत्रोपरमते चित्तं निरुद्धं योगसेवया |यत्र चैवात्मनात्मानं पश्यन्नात्मनि तुष्यति |,english,sanskrit
BG_6_21_sa_en,BG_6_21,सुखमात्यन्तिकं यत्तद् बुद्धिग्राह्यमतीन्द्रियम् |वेत्ति यत्र न चैवायं स्थितश्चलति तत्त्वतः |,"Nay, in which the soul experience the eternal and supersensuous job which can be apprehended only through the subtle and purified intellect, and wherein established the said Yogi moves not from Truth on any account.",sanskrit,english
BG_6_21_en_sa,BG_6_21,"Nay, in which the soul experience the eternal and supersensuous job which can be apprehended only through the subtle and purified intellect, and wherein established the said Yogi moves not from Truth on any account.",सुखमात्यन्तिकं यत्तद् बुद्धिग्राह्यमतीन्द्रियम् |वेत्ति यत्र न चैवायं स्थितश्चलति तत्त्वतः |,english,sanskrit
BG_6_23_sa_en,BG_6_23,तं विद्याद् दुःखसंयोगवियोगं योगसंज्ञितम् |स निश्चयेन योक्तव्यो योगोऽनिर्विण्णचेतसा |,"That state, called Yoga, which is free from the contact of sorrow, should be known. Nay, this Yoga should be resolutely practiced with an unwearied mind.",sanskrit,english
BG_6_23_en_sa,BG_6_23,"That state, called Yoga, which is free from the contact of sorrow, should be known. Nay, this Yoga should be resolutely practiced with an unwearied mind.",तं विद्याद् दुःखसंयोगवियोगं योगसंज्ञितम् |स निश्चयेन योक्तव्यो योगोऽनिर्विण्णचेतसा |,english,sanskrit
BG_6_25_sa_en,BG_6_25,शनैः शनैरुपरमेद् बुद्ध्या धृतिगृहीतया |आत्मसंस्थं मनः कृत्वा न किञ्चिदपि चिन्तयेत् |,"Gradually, with the mind fixed on the Supreme, and with firm determination, one should not think of anything else.",sanskrit,english
BG_6_25_en_sa,BG_6_25,"Gradually, with the mind fixed on the Supreme, and with firm determination, one should not think of anything else.",शनैः शनैरुपरमेद् बुद्ध्या धृतिगृहीतया |आत्मसंस्थं मनः कृत्वा न किञ्चिदपि चिन्तयेत् |,english,sanskrit
BG_6_26_sa_en,BG_6_26,यतो यतो निश्चरति मनश्चञ्चलमस्थिरम् |ततस्ततो नियम्यैतदात्मन्येव वशं नयेत् |,"Drawing back the restless and fidgety mind from all those objects after which it runs, he should repeatedly fix it on God.",sanskrit,english
BG_6_26_en_sa,BG_6_26,"Drawing back the restless and fidgety mind from all those objects after which it runs, he should repeatedly fix it on God.",यतो यतो निश्चरति मनश्चञ्चलमस्थिरम् |ततस्ततो नियम्यैतदात्मन्येव वशं नयेत् |,english,sanskrit
BG_6_27_sa_en,BG_6_27,प्रशान्तमनसं ह्येनं योगिनं सुखमुत्तमम् |उपैति शान्तरजसं ब्रह्मभूतमकल्मषम् |,"Because the yogi whose mind is very peaceful, who is free from sin and whose passionis calmed, attains the highest happiness, the state of Brahman, free from all impurities.",sanskrit,english
BG_6_27_en_sa,BG_6_27,"Because the yogi whose mind is very peaceful, who is free from sin and whose passionis calmed, attains the highest happiness, the state of Brahman, free from all impurities.",प्रशान्तमनसं ह्येनं योगिनं सुखमुत्तमम् |उपैति शान्तरजसं ब्रह्मभूतमकल्मषम् |,english,sanskrit
BG_6_28_sa_en,BG_6_28,युञ्जन्नेवं सदात्मानं योगी विगतकल्मषः |सुखेन ब्रह्मसंस्पर्शमत्यन्तं सुखमश्नुते |,"The sinless Yogi, thus uniting his self constantly with God, easily enjoys the eternal Bliss of oneness with Brahma.",sanskrit,english
BG_6_28_en_sa,BG_6_28,"The sinless Yogi, thus uniting his self constantly with God, easily enjoys the eternal Bliss of oneness with Brahma.",युञ्जन्नेवं सदात्मानं योगी विगतकल्मषः |सुखेन ब्रह्मसंस्पर्शमत्यन्तं सुखमश्नुते |,english,sanskrit
BG_6_29_sa_en,BG_6_29,सर्वभूतस्थमात्मानं सर्वभूतानि चात्मनि |ईक्षते योगयुक्तात्मा सर्वत्र समदर्शनः |,"The Yogi who is united in identity with the all-pervading, infinite Consciousness; and sees unity everywhere, beholds the Self present in all beings, and all beings as assumed in the Self.",sanskrit,english
BG_6_29_en_sa,BG_6_29,"The Yogi who is united in identity with the all-pervading, infinite Consciousness; and sees unity everywhere, beholds the Self present in all beings, and all beings as assumed in the Self.",सर्वभूतस्थमात्मानं सर्वभूतानि चात्मनि |ईक्षते योगयुक्तात्मा सर्वत्र समदर्शनः |,english,sanskrit
BG_6_30_sa_en,BG_6_30,यो मां पश्यति सर्वत्र सर्वं च मयि पश्यति |तस्याहं न प्रणश्यामि स च मे न प्रणश्यति |,"He who sees Mepresent in all beings, and all beings existing within Me, never loses sight of Me, and I never lose sight of him.",sanskrit,english
BG_6_30_en_sa,BG_6_30,"He who sees Mepresent in all beings, and all beings existing within Me, never loses sight of Me, and I never lose sight of him.",यो मां पश्यति सर्वत्र सर्वं च मयि पश्यति |तस्याहं न प्रणश्यामि स च मे न प्रणश्यति |,english,sanskrit
BG_6_31_sa_en,BG_6_31,सर्वभूतस्थितं यो मां भजत्येकत्वमास्थितः |सर्वथा वर्तमानोऽपि स योगी मयि वर्तते |,"The Yogi who is established in union with Me, and worships Me as residing in all beings; abides in Me; no matter what he does.",sanskrit,english
BG_6_31_en_sa,BG_6_31,"The Yogi who is established in union with Me, and worships Me as residing in all beings; abides in Me; no matter what he does.",सर्वभूतस्थितं यो मां भजत्येकत्वमास्थितः |सर्वथा वर्तमानोऽपि स योगी मयि वर्तते |,english,sanskrit
BG_6_32_sa_en,BG_6_32,आत्मौपम्येन सर्वत्र समं पश्यति योऽर्जुन |सुखं वा यदि वा दुःखं स योगी परमो मतः |,"Arjuna, he who looks on all as one, on the analogy of his own self, and looks upon the joy and sorrow of all with a similar eye,—such a Yogi is deemed the highest of all.",sanskrit,english
BG_6_32_en_sa,BG_6_32,"Arjuna, he who looks on all as one, on the analogy of his own self, and looks upon the joy and sorrow of all with a similar eye,—such a Yogi is deemed the highest of all.",आत्मौपम्येन सर्वत्र समं पश्यति योऽर्जुन |सुखं वा यदि वा दुःखं स योगी परमो मतः |,english,sanskrit
BG_6_35_sa_en,BG_6_35,श्रीभगवानुवाच |असंशयं महाबाहो मनो दुर्निग्रहं चलम् |अभ्यासेन तु कौन्तेय वैराग्येण च गृह्यते |,"Shree Bhagavan said: The mind is restless no doubt; and difficult to curb, Arjuna; but it can be brought under control by repeated practiceand by the exercise of dispassion, O son of Kunti.",sanskrit,english
BG_6_35_en_sa,BG_6_35,"Shree Bhagavan said: The mind is restless no doubt; and difficult to curb, Arjuna; but it can be brought under control by repeated practiceand by the exercise of dispassion, O son of Kunti.",श्रीभगवानुवाच |असंशयं महाबाहो मनो दुर्निग्रहं चलम् |अभ्यासेन तु कौन्तेय वैराग्येण च गृह्यते |,english,sanskrit
BG_6_36_sa_en,BG_6_36,असंयतात्मना योगो दुष्प्राप इति मे मतिः |वश्यात्मना तु यतता शक्योऽवाप्तुमुपायतः |,"My opinion is that yoga is painful for one whose mind is uncontrolled; but for one whose mind is controlled, it is possible to attain yoga without any difficulty. Yoga is difficult of achievement for one whose mind is not subdued; by him; however who has the mind under control, and is ceaselessly striving, it can be easily attained through practice. Such is My conviction.",sanskrit,english
BG_6_36_en_sa,BG_6_36,"My opinion is that yoga is painful for one whose mind is uncontrolled; but for one whose mind is controlled, it is possible to attain yoga without any difficulty. Yoga is difficult of achievement for one whose mind is not subdued; by him; however who has the mind under control, and is ceaselessly striving, it can be easily attained through practice. Such is My conviction.",असंयतात्मना योगो दुष्प्राप इति मे मतिः |वश्यात्मना तु यतता शक्योऽवाप्तुमुपायतः |,english,sanskrit
BG_6_37_sa_en,BG_6_37,अर्जुन उवाच |अयतिः श्रद्धयोपेतो योगाच्चलितमानसः |अप्राप्य योगसंसिद्धिं कां गतिं कृष्ण गच्छति |,"Arjuna said: Krishna, what becomes of the soul who, though endowed with faith, has not been able to subdue his passions, and whose mind is therefore diverted from Yoga, and who thus fails to reach perfection in Yoga?",sanskrit,english
BG_6_37_en_sa,BG_6_37,"Arjuna said: Krishna, what becomes of the soul who, though endowed with faith, has not been able to subdue his passions, and whose mind is therefore diverted from Yoga, and who thus fails to reach perfection in Yoga?",अर्जुन उवाच |अयतिः श्रद्धयोपेतो योगाच्चलितमानसः |अप्राप्य योगसंसिद्धिं कां गतिं कृष्ण गच्छति |,english,sanskrit
BG_6_38_sa_en,BG_6_38,कच्चिन्नोभयविभ्रष्टश्छिन्नाभ्रमिव नश्यति |अप्रतिष्ठो महाबाहो विमूढो ब्रह्मणः पथि |,"Krishna, strayed from the path leading to God-Realization and without anything to stand upon, is he not lost like the torn cloud, deprived of both God-Realization and heavenly enjoyment?",sanskrit,english
BG_6_38_en_sa,BG_6_38,"Krishna, strayed from the path leading to God-Realization and without anything to stand upon, is he not lost like the torn cloud, deprived of both God-Realization and heavenly enjoyment?",कच्चिन्नोभयविभ्रष्टश्छिन्नाभ्रमिव नश्यति |अप्रतिष्ठो महाबाहो विमूढो ब्रह्मणः पथि |,english,sanskrit
BG_6_39_sa_en,BG_6_39,एतन्मे संशयं कृष्ण छेत्तुमर्हस्यशेषतः |त्वदन्यः संशयस्यास्य छेत्ता न ह्युपपद्यते |,"Krishna, it behoves You to slash this doubt of mine completely; for none other than You can be found, who can tear this doubt.",sanskrit,english
BG_6_39_en_sa,BG_6_39,"Krishna, it behoves You to slash this doubt of mine completely; for none other than You can be found, who can tear this doubt.",एतन्मे संशयं कृष्ण छेत्तुमर्हस्यशेषतः |त्वदन्यः संशयस्यास्य छेत्ता न ह्युपपद्यते |,english,sanskrit
BG_6_40_sa_en,BG_6_40,श्रीभगवानुवाच |पार्थ नैवेह नामुत्र विनाशस्तस्य विद्यते |न हि कल्याणकृत्कश्चिद् दुर्गतिं तात गच्छति |,"Shree Bhagavan said: Dear Arjuna, there is no fall for him either here or herafter. For none who strives for self-redemptionever meets with evil destiny.",sanskrit,english
BG_6_40_en_sa,BG_6_40,"Shree Bhagavan said: Dear Arjuna, there is no fall for him either here or herafter. For none who strives for self-redemptionever meets with evil destiny.",श्रीभगवानुवाच |पार्थ नैवेह नामुत्र विनाशस्तस्य विद्यते |न हि कल्याणकृत्कश्चिद् दुर्गतिं तात गच्छति |,english,sanskrit
BG_6_41_sa_en,BG_6_41,प्राप्य पुण्यकृतां लोकानुषित्वा शाश्वतीः समाः |शुचीनां श्रीमतां गेहे योगभ्रष्टोऽभिजायते |,"Having attained the worlds of the righteous, the virtuous dwell there for a long time, and then the fallen yogi is born again in the house of the pure and prosperous.",sanskrit,english
BG_6_41_en_sa,BG_6_41,"Having attained the worlds of the righteous, the virtuous dwell there for a long time, and then the fallen yogi is born again in the house of the pure and prosperous.",प्राप्य पुण्यकृतां लोकानुषित्वा शाश्वतीः समाः |शुचीनां श्रीमतां गेहे योगभ्रष्टोऽभिजायते |,english,sanskrit
BG_6_42_sa_en,BG_6_42,अथवा योगिनामेव कुले भवति धीमताम् |एतद्धि दुर्लभतरं लोके जन्म यदीदृशम् |,Orhe is born in the family of enlightened Yogis; but such a birth in this world is very difficult to obtain.,sanskrit,english
BG_6_42_en_sa,BG_6_42,Orhe is born in the family of enlightened Yogis; but such a birth in this world is very difficult to obtain.,अथवा योगिनामेव कुले भवति धीमताम् |एतद्धि दुर्लभतरं लोके जन्म यदीदृशम् |,english,sanskrit
BG_6_43_sa_en,BG_6_43,तत्र तं बुद्धिसंयोगं लभते पौर्वदेहिकम् |यतते च ततो भूयः संसिद्धौ कुरुनन्दन |,"There he attains the union of intellect, born of the merits of past lives; and then he strives again, O Kurunandana, for perfection.",sanskrit,english
BG_6_43_en_sa,BG_6_43,"There he attains the union of intellect, born of the merits of past lives; and then he strives again, O Kurunandana, for perfection.",तत्र तं बुद्धिसंयोगं लभते पौर्वदेहिकम् |यतते च ततो भूयः संसिद्धौ कुरुनन्दन |,english,sanskrit
BG_6_44_sa_en,BG_6_44,पूर्वाभ्यासेन तेनैव ह्रियते ह्यवशोऽपि सः |जिज्ञासुरपि योगस्य शब्दब्रह्मातिवर्तते |,"The other one, though under the sway of his senses, feels drawn towards God by force of the habit acquired in his previous birth; nay, even the seeker of enlightenment on Yogatranscends the fruit of actions performed with some interested motive as laid down in the vedas.",sanskrit,english
BG_6_44_en_sa,BG_6_44,"The other one, though under the sway of his senses, feels drawn towards God by force of the habit acquired in his previous birth; nay, even the seeker of enlightenment on Yogatranscends the fruit of actions performed with some interested motive as laid down in the vedas.",पूर्वाभ्यासेन तेनैव ह्रियते ह्यवशोऽपि सः |जिज्ञासुरपि योगस्य शब्दब्रह्मातिवर्तते |,english,sanskrit
BG_6_45_sa_en,BG_6_45,प्रयत्नाद्यतमानस्तु योगी संशुद्धकिल्बिषः |अनेकजन्मसंसिद्धस्ततो याति परां गतिम् |,"The Yogi, however, who dilligently takes up the practice attains perfection in this very life with the help of latencies of many births, and being thoroughly purged of sin, forthwith reaches the supreme state.",sanskrit,english
BG_6_45_en_sa,BG_6_45,"The Yogi, however, who dilligently takes up the practice attains perfection in this very life with the help of latencies of many births, and being thoroughly purged of sin, forthwith reaches the supreme state.",प्रयत्नाद्यतमानस्तु योगी संशुद्धकिल्बिषः |अनेकजन्मसंसिद्धस्ततो याति परां गतिम् |,english,sanskrit
BG_6_46_sa_en,BG_6_46,तपस्विभ्योऽधिको योगी ज्ञानिभ्योऽपि मतोऽधिकः |कर्मिभ्यश्चाधिको योगी तस्माद्योगी भवार्जुन |,"The yogi is superior to the ascetics; he is regarded as superior even to those versed in sacred lore. The Yogi is also superior to those who perform action with some interested motive. Therefore, Arjuna, do you become a Yogi.",sanskrit,english
BG_6_46_en_sa,BG_6_46,"The yogi is superior to the ascetics; he is regarded as superior even to those versed in sacred lore. The Yogi is also superior to those who perform action with some interested motive. Therefore, Arjuna, do you become a Yogi.",तपस्विभ्योऽधिको योगी ज्ञानिभ्योऽपि मतोऽधिकः |कर्मिभ्यश्चाधिको योगी तस्माद्योगी भवार्जुन |,english,sanskrit
BG_6_47_sa_en,BG_6_47,योगिनामपि सर्वेषां मद्गतेनान्तरात्मना |श्रद्धावान्भजते यो मां स मे युक्ततमो मतः |,"Of all Yogis, again, he who devoutly worship Me with his mind focussed on Me is considered by Me to be the best Yogi.",sanskrit,english
BG_6_47_en_sa,BG_6_47,"Of all Yogis, again, he who devoutly worship Me with his mind focussed on Me is considered by Me to be the best Yogi.",योगिनामपि सर्वेषां मद्गतेनान्तरात्मना |श्रद्धावान्भजते यो मां स मे युक्ततमो मतः |,english,sanskrit
BG_7_1_sa_en,BG_7_1,श्रीभगवानुवाच |मय्यासक्तमनाः पार्थ योगं युञ्जन्मदाश्रयः |असंशयं समग्रं मां यथा ज्ञास्यसि तच्छृणु |,"Shree Bhagavan said: Arjuna, now listen how with the mind attached to Meand practising Yoga with absolute dependence on Me, you will know Me (the",sanskrit,english
BG_7_1_en_sa,BG_7_1,"Shree Bhagavan said: Arjuna, now listen how with the mind attached to Meand practising Yoga with absolute dependence on Me, you will know Me (the",श्रीभगवानुवाच |मय्यासक्तमनाः पार्थ योगं युञ्जन्मदाश्रयः |असंशयं समग्रं मां यथा ज्ञास्यसि तच्छृणु |,english,sanskrit
BG_7_2_sa_en,BG_7_2,ज्ञानं तेऽहं सविज्ञानमिदं वक्ष्याम्यशेषतः |यज्ज्ञात्वा नेह भूयोऽन्यज्ज्ञातव्यमवशिष्यते |,"I shall unfold to you in its entirety this wisdomalong with the Knowledge of the qualified aspect of God, having known which nothing else remains yet to be known in this world.",sanskrit,english
BG_7_2_en_sa,BG_7_2,"I shall unfold to you in its entirety this wisdomalong with the Knowledge of the qualified aspect of God, having known which nothing else remains yet to be known in this world.",ज्ञानं तेऽहं सविज्ञानमिदं वक्ष्याम्यशेषतः |यज्ज्ञात्वा नेह भूयोऽन्यज्ज्ञातव्यमवशिष्यते |,english,sanskrit
BG_7_4_sa_en,BG_7_4,भूमिरापोऽनलो वायुः खं मनो बुद्धिरेव च |अहंकार इतीयं मे भिन्ना प्रकृतिरष्टधा |,"Earth, water, fire, air, ether, mind, reason and also ego; these constitute My nature eightfold.",sanskrit,english
BG_7_4_en_sa,BG_7_4,"Earth, water, fire, air, ether, mind, reason and also ego; these constitute My nature eightfold.",भूमिरापोऽनलो वायुः खं मनो बुद्धिरेव च |अहंकार इतीयं मे भिन्ना प्रकृतिरष्टधा |,english,sanskrit
BG_7_5_sa_en,BG_7_5,अपरेयमितस्त्वन्यां प्रकृतिं विद्धि मे पराम् |जीवभूतां महाबाहो ययेदं धार्यते जगत् |,"This indeed is My lowernature; the other than this, by which the whole universe is sustained, know it to be My highernature in the form of Jiva, O Arjuna.",sanskrit,english
BG_7_5_en_sa,BG_7_5,"This indeed is My lowernature; the other than this, by which the whole universe is sustained, know it to be My highernature in the form of Jiva, O Arjuna.",अपरेयमितस्त्वन्यां प्रकृतिं विद्धि मे पराम् |जीवभूतां महाबाहो ययेदं धार्यते जगत् |,english,sanskrit
BG_7_6_sa_en,BG_7_6,एतद्योनीनि भूतानि सर्वाणीत्युपधारय |अहं कृत्स्नस्य जगतः प्रभवः प्रलयस्तथा |,"Arjuna, know that all beings have evolved from this twofold Prakrti, and that I am the source of the entire creation, and into Me again it disappears.",sanskrit,english
BG_7_6_en_sa,BG_7_6,"Arjuna, know that all beings have evolved from this twofold Prakrti, and that I am the source of the entire creation, and into Me again it disappears.",एतद्योनीनि भूतानि सर्वाणीत्युपधारय |अहं कृत्स्नस्य जगतः प्रभवः प्रलयस्तथा |,english,sanskrit
BG_7_7_sa_en,BG_7_7,मत्तः परतरं नान्यत्किञ्चिदस्ति धनञ्जय |मयि सर्वमिदं प्रोतं सूत्रे मणिगणा इव |,"There is nothing else besides Me, Arjuna. Like clusters of yarn-beads formed by knots on a thread, all this is threaded on Me.",sanskrit,english
BG_7_7_en_sa,BG_7_7,"There is nothing else besides Me, Arjuna. Like clusters of yarn-beads formed by knots on a thread, all this is threaded on Me.",मत्तः परतरं नान्यत्किञ्चिदस्ति धनञ्जय |मयि सर्वमिदं प्रोतं सूत्रे मणिगणा इव |,english,sanskrit
BG_7_8_sa_en,BG_7_8,रसोऽहमप्सु कौन्तेय प्रभास्मि शशिसूर्ययोः |प्रणवः सर्ववेदेषु शब्दः खे पौरुषं नृषु |,"Arjuna, I am the sapidity in water and the light of the moon and the sun; I am the sacred syllable OM in all the Vedas, the sound in ether; and the manliness in men.",sanskrit,english
BG_7_8_en_sa,BG_7_8,"Arjuna, I am the sapidity in water and the light of the moon and the sun; I am the sacred syllable OM in all the Vedas, the sound in ether; and the manliness in men.",रसोऽहमप्सु कौन्तेय प्रभास्मि शशिसूर्ययोः |प्रणवः सर्ववेदेषु शब्दः खे पौरुषं नृषु |,english,sanskrit
BG_7_10_sa_en,BG_7_10,बीजं मां सर्वभूतानां विद्धि पार्थ सनातनम् |बुद्धिर्बुद्धिमतामस्मि तेजस्तेजस्विनामहम् |,"Arjuna, know Me the eternal seed of all beings. I am the intelligence of the intelligent; the glory of the glorious am I.",sanskrit,english
BG_7_10_en_sa,BG_7_10,"Arjuna, know Me the eternal seed of all beings. I am the intelligence of the intelligent; the glory of the glorious am I.",बीजं मां सर्वभूतानां विद्धि पार्थ सनातनम् |बुद्धिर्बुद्धिमतामस्मि तेजस्तेजस्विनामहम् |,english,sanskrit
BG_7_11_sa_en,BG_7_11,बलं बलवतां चाहं कामरागविवर्जितम् |धर्माविरुद्धो भूतेषु कामोऽस्मि भरतर्षभ |,"O best of the Bharatas, I am the strength of the strong, devoid of desire and passion; and I am the desire in beings, not opposed to dharma.",sanskrit,english
BG_7_11_en_sa,BG_7_11,"O best of the Bharatas, I am the strength of the strong, devoid of desire and passion; and I am the desire in beings, not opposed to dharma.",बलं बलवतां चाहं कामरागविवर्जितम् |धर्माविरुद्धो भूतेषु कामोऽस्मि भरतर्षभ |,english,sanskrit
BG_7_12_sa_en,BG_7_12,ये चैव सात्त्विका भावा राजसास्तामसाश्च ये |मत्त एवेति तान्विद्धि न त्वहं तेषु ते मयि |,"Whatever other entities there are, born of Sattva, and those that are born of Rajasand Tamas, know them all as evolved from Me alone. In reality, however, neither do I exist in them, nor they in Me.",sanskrit,english
BG_7_12_en_sa,BG_7_12,"Whatever other entities there are, born of Sattva, and those that are born of Rajasand Tamas, know them all as evolved from Me alone. In reality, however, neither do I exist in them, nor they in Me.",ये चैव सात्त्विका भावा राजसास्तामसाश्च ये |मत्त एवेति तान्विद्धि न त्वहं तेषु ते मयि |,english,sanskrit
BG_7_13_sa_en,BG_7_13,त्रिभिर्गुणमयैर्भावैरेभिः सर्वमिदं जगत् |मोहितं नाभिजानाति मामेभ्यः परमव्ययम् |,"The whole of this creation is deluded by these objects evolved from the three modes of Prakrti-Sattva, Rajas and Tamas; that is why the world fails to recognize Me, standing apart from these and imperishable.",sanskrit,english
BG_7_13_en_sa,BG_7_13,"The whole of this creation is deluded by these objects evolved from the three modes of Prakrti-Sattva, Rajas and Tamas; that is why the world fails to recognize Me, standing apart from these and imperishable.",त्रिभिर्गुणमयैर्भावैरेभिः सर्वमिदं जगत् |मोहितं नाभिजानाति मामेभ्यः परमव्ययम् |,english,sanskrit
BG_7_14_sa_en,BG_7_14,दैवी ह्येषा गुणमयी मम माया दुरत्यया |मामेव ये प्रपद्यन्ते मायामेतां तरन्ति ते |,"This divine energy of Mine, consisting of the three modes of material nature, is difficult to overcome. But those who have surrendered unto Me alone can cross beyond it.",sanskrit,english
BG_7_14_en_sa,BG_7_14,"This divine energy of Mine, consisting of the three modes of material nature, is difficult to overcome. But those who have surrendered unto Me alone can cross beyond it.",दैवी ह्येषा गुणमयी मम माया दुरत्यया |मामेव ये प्रपद्यन्ते मायामेतां तरन्ति ते |,english,sanskrit
BG_7_15_sa_en,BG_7_15,न मां दुष्कृतिनो मूढाः प्रपद्यन्ते नराधमाः |माययापहृतज्ञाना आसुरं भावमाश्रिताः |,"Those whose wisdom has been carried away by Maya, and who have embraced the demoniac nature, such foolish and vile men of evil deeds do not adore Me.",sanskrit,english
BG_7_15_en_sa,BG_7_15,"Those whose wisdom has been carried away by Maya, and who have embraced the demoniac nature, such foolish and vile men of evil deeds do not adore Me.",न मां दुष्कृतिनो मूढाः प्रपद्यन्ते नराधमाः |माययापहृतज्ञाना आसुरं भावमाश्रिताः |,english,sanskrit
BG_7_17_sa_en,BG_7_17,तेषां ज्ञानी नित्ययुक्त एकभक्तिर्विशिष्यते |प्रियो हि ज्ञानिनोऽत्यर्थमहं स च मम प्रियः |,"Of these best is the man of wisdom, ever established in indentity with Me and possessed of exclusive devotion. For I am extremely dear to the wise man, and he is extremely dear to me.",sanskrit,english
BG_7_17_en_sa,BG_7_17,"Of these best is the man of wisdom, ever established in indentity with Me and possessed of exclusive devotion. For I am extremely dear to the wise man, and he is extremely dear to me.",तेषां ज्ञानी नित्ययुक्त एकभक्तिर्विशिष्यते |प्रियो हि ज्ञानिनोऽत्यर्थमहं स च मम प्रियः |,english,sanskrit
BG_7_18_sa_en,BG_7_18,उदाराः सर्व एवैते ज्ञानी त्वात्मैव मे मतम् |आस्थितः स हि युक्तात्मा मामेवानुत्तमां गतिम् |,"Indeed all these are noble, but the man of wisdom is My very self: such is My view. For such a devotee, who has his mind and intellect merged in Me, is firmly established in Me alone, the highest goal.",sanskrit,english
BG_7_18_en_sa,BG_7_18,"Indeed all these are noble, but the man of wisdom is My very self: such is My view. For such a devotee, who has his mind and intellect merged in Me, is firmly established in Me alone, the highest goal.",उदाराः सर्व एवैते ज्ञानी त्वात्मैव मे मतम् |आस्थितः स हि युक्तात्मा मामेवानुत्तमां गतिम् |,english,sanskrit
BG_7_20_sa_en,BG_7_20,कामैस्तैस्तैर्हृतज्ञानाः प्रपद्यन्तेऽन्यदेवताः |तं तं नियममास्थाय प्रकृत्या नियताः स्वया |,"Those whose wisdom has been carried away by various desires, being prompted by their own nature, worship other deities adopting rules relating to each.",sanskrit,english
BG_7_20_en_sa,BG_7_20,"Those whose wisdom has been carried away by various desires, being prompted by their own nature, worship other deities adopting rules relating to each.",कामैस्तैस्तैर्हृतज्ञानाः प्रपद्यन्तेऽन्यदेवताः |तं तं नियममास्थाय प्रकृत्या नियताः स्वया |,english,sanskrit
BG_7_21_sa_en,BG_7_21,यो यो यां यां तनुं भक्तः श्रद्धयार्चितुमिच्छति |तस्य तस्याचलां श्रद्धां तामेव विदधाम्यहम् |,"Whatever celestial form a devoteeworships with faith, I make that faith of his steady.",sanskrit,english
BG_7_21_en_sa,BG_7_21,"Whatever celestial form a devoteeworships with faith, I make that faith of his steady.",यो यो यां यां तनुं भक्तः श्रद्धयार्चितुमिच्छति |तस्य तस्याचलां श्रद्धां तामेव विदधाम्यहम् |,english,sanskrit
BG_7_22_sa_en,BG_7_22,स तया श्रद्धया युक्तस्तस्याराधनमीहते |लभते च ततः कामान्मयैव विहितान्हि तान् |,Endowed with such faith he worship that particular deity and obtains through him without doubt his desired enjoyments as ordained by Myself.,sanskrit,english
BG_7_22_en_sa,BG_7_22,Endowed with such faith he worship that particular deity and obtains through him without doubt his desired enjoyments as ordained by Myself.,स तया श्रद्धया युक्तस्तस्याराधनमीहते |लभते च ततः कामान्मयैव विहितान्हि तान् |,english,sanskrit
BG_7_23_sa_en,BG_7_23,अन्तवत्तु फलं तेषां तद्भवत्यल्पमेधसाम् |देवान्देवयजो यान्ति मद्भक्ता यान्ति मामपि |,"But the results of their worship are limited and perishable; those who worship the gods go to the gods, but My devotees ultimately come to Me.",sanskrit,english
BG_7_23_en_sa,BG_7_23,"But the results of their worship are limited and perishable; those who worship the gods go to the gods, but My devotees ultimately come to Me.",अन्तवत्तु फलं तेषां तद्भवत्यल्पमेधसाम् |देवान्देवयजो यान्ति मद्भक्ता यान्ति मामपि |,english,sanskrit
BG_7_24_sa_en,BG_7_24,अव्यक्तं व्यक्तिमापन्नं मन्यन्ते मामबुद्धयः |परं भावमजानन्तो ममाव्ययमनुत्तमम् |,"Not knowing My unsurpassable and undecaying supreme nature, the ignorant believe Me, the supreme Spirit beyond the reach of mind and senses, the embodiment of Truth, Knowledge and Bliss, to have assumed a finite form through birth.",sanskrit,english
BG_7_24_en_sa,BG_7_24,"Not knowing My unsurpassable and undecaying supreme nature, the ignorant believe Me, the supreme Spirit beyond the reach of mind and senses, the embodiment of Truth, Knowledge and Bliss, to have assumed a finite form through birth.",अव्यक्तं व्यक्तिमापन्नं मन्यन्ते मामबुद्धयः |परं भावमजानन्तो ममाव्ययमनुत्तमम् |,english,sanskrit
BG_7_25_sa_en,BG_7_25,नाहं प्रकाशः सर्वस्य योगमायासमावृतः |मूढोऽयं नाभिजानाति लोको मामजमव्ययम् |,"Veiled by My Yogamaya; I am not manifest to all. Hence these ignorant folk fail to recognize Me, the unborn and imperishable Supreme Deity.",sanskrit,english
BG_7_25_en_sa,BG_7_25,"Veiled by My Yogamaya; I am not manifest to all. Hence these ignorant folk fail to recognize Me, the unborn and imperishable Supreme Deity.",नाहं प्रकाशः सर्वस्य योगमायासमावृतः |मूढोऽयं नाभिजानाति लोको मामजमव्ययम् |,english,sanskrit
BG_7_27_sa_en,BG_7_27,इच्छाद्वेषसमुत्थेन द्वन्द्वमोहेन भारत |सर्वभूतानि सम्मोहं सर्गे यान्ति परन्तप |,"O valiant Arjuna, through delusion in the shape of pairs of opposites, born of desire and hatred, all living creatures in this world are falling a prey to infatuation.",sanskrit,english
BG_7_27_en_sa,BG_7_27,"O valiant Arjuna, through delusion in the shape of pairs of opposites, born of desire and hatred, all living creatures in this world are falling a prey to infatuation.",इच्छाद्वेषसमुत्थेन द्वन्द्वमोहेन भारत |सर्वभूतानि सम्मोहं सर्गे यान्ति परन्तप |,english,sanskrit
BG_7_28_sa_en,BG_7_28,येषां त्वन्तगतं पापं जनानां पुण्यकर्मणाम् |ते द्वन्द्वमोहनिर्मुक्ता भजन्ते मां दृढव्रताः |,"But those who have their sins destroyed by performing the best actions without attachment, they, freed from delusion born of desire and hatred, worship Me with firm determination.",sanskrit,english
BG_7_28_en_sa,BG_7_28,"But those who have their sins destroyed by performing the best actions without attachment, they, freed from delusion born of desire and hatred, worship Me with firm determination.",येषां त्वन्तगतं पापं जनानां पुण्यकर्मणाम् |ते द्वन्द्वमोहनिर्मुक्ता भजन्ते मां दृढव्रताः |,english,sanskrit
BG_7_29_sa_en,BG_7_29,जरामरणमोक्षाय मामाश्रित्य यतन्ति ये |ते ब्रह्म तद्विदुः कृत्स्नमध्यात्मं कर्म चाखिलम् |,"They who, having taken refuge in Me, strive for deliverance from old age and death know Brahma, the whole Adhyatma, and the entire field of Karma.",sanskrit,english
BG_7_29_en_sa,BG_7_29,"They who, having taken refuge in Me, strive for deliverance from old age and death know Brahma, the whole Adhyatma, and the entire field of Karma.",जरामरणमोक्षाय मामाश्रित्य यतन्ति ये |ते ब्रह्म तद्विदुः कृत्स्नमध्यात्मं कर्म चाखिलम् |,english,sanskrit
BG_8_2_sa_en,BG_8_2,अधियज्ञः कथं कोऽत्र देहेऽस्मिन्मधुसूदन |प्रयाणकाले च कथं ज्ञेयोऽसि नियतात्मभिः |,"Krishna, who is Adhiyajña here and how does he dwell in the body? And how are You to be realized at the time of death by those of steadfast mind?",sanskrit,english
BG_8_2_en_sa,BG_8_2,"Krishna, who is Adhiyajña here and how does he dwell in the body? And how are You to be realized at the time of death by those of steadfast mind?",अधियज्ञः कथं कोऽत्र देहेऽस्मिन्मधुसूदन |प्रयाणकाले च कथं ज्ञेयोऽसि नियतात्मभिः |,english,sanskrit
BG_8_3_sa_en,BG_8_3,श्रीभगवानुवाच |अक्षरं ब्रह्म परमं स्वभावोऽध्यात्ममुच्यते |भूतभावोद्भवकरो विसर्गः कर्मसंज्ञितः |,Shree Bhagavan said: The supreme Indestructible is Brahma; one’s own selfis called Adhyatma; and the cause of the origin of beings is called Karma.,sanskrit,english
BG_8_3_en_sa,BG_8_3,Shree Bhagavan said: The supreme Indestructible is Brahma; one’s own selfis called Adhyatma; and the cause of the origin of beings is called Karma.,श्रीभगवानुवाच |अक्षरं ब्रह्म परमं स्वभावोऽध्यात्ममुच्यते |भूतभावोद्भवकरो विसर्गः कर्मसंज्ञितः |,english,sanskrit
BG_8_5_sa_en,BG_8_5,अन्तकाले च मामेव स्मरन्मुक्त्वा कलेवरम् |यः प्रयाति स मद्भावं याति नास्त्यत्र संशयः |,"Whoever, at the time of death, remembering Me alone, quits his body, he attains My being; there is no doubt about this.",sanskrit,english
BG_8_5_en_sa,BG_8_5,"Whoever, at the time of death, remembering Me alone, quits his body, he attains My being; there is no doubt about this.",अन्तकाले च मामेव स्मरन्मुक्त्वा कलेवरम् |यः प्रयाति स मद्भावं याति नास्त्यत्र संशयः |,english,sanskrit
BG_8_6_sa_en,BG_8_6,यं यं वापि स्मरन्भावं त्यजत्यन्ते कलेवरम् |तं तमेवैति कौन्तेय सदा तद्भावभावितः |,"Arjuna, thinking of whatever entity one leaves the body at the time of death, that and that alone one attains, being ever absorbed in its thought.",sanskrit,english
BG_8_6_en_sa,BG_8_6,"Arjuna, thinking of whatever entity one leaves the body at the time of death, that and that alone one attains, being ever absorbed in its thought.",यं यं वापि स्मरन्भावं त्यजत्यन्ते कलेवरम् |तं तमेवैति कौन्तेय सदा तद्भावभावितः |,english,sanskrit
BG_8_7_sa_en,BG_8_7,तस्मात्सर्वेषु कालेषु मामनुस्मर युध्य च |मय्यर्पितमनोबुद्धिर्मामेवैष्यस्यसंशयः (orसंशयम्) |,"Therefore, Arjuna, at all times remember Me and fight. With your mind and intellect dedicated to Me, you will surely come to Me without doubt.",sanskrit,english
BG_8_7_en_sa,BG_8_7,"Therefore, Arjuna, at all times remember Me and fight. With your mind and intellect dedicated to Me, you will surely come to Me without doubt.",तस्मात्सर्वेषु कालेषु मामनुस्मर युध्य च |मय्यर्पितमनोबुद्धिर्मामेवैष्यस्यसंशयः (orसंशयम्) |,english,sanskrit
BG_8_8_sa_en,BG_8_8,अभ्यासयोगयुक्तेन चेतसा नान्यगामिना |परमं पुरुषं दिव्यं याति पार्थानुचिन्तयन् |,"Arjuna, he who with his mind disciplined through Yoga in the form of practice of meditation and thinking of nothing else, is constantly engaged in contemplation of God attains the supremely effulgent divine Purusha.",sanskrit,english
BG_8_8_en_sa,BG_8_8,"Arjuna, he who with his mind disciplined through Yoga in the form of practice of meditation and thinking of nothing else, is constantly engaged in contemplation of God attains the supremely effulgent divine Purusha.",अभ्यासयोगयुक्तेन चेतसा नान्यगामिना |परमं पुरुषं दिव्यं याति पार्थानुचिन्तयन् |,english,sanskrit
BG_8_10_sa_en,BG_8_10,प्रयाणकाले मनसाऽचलेनभक्त्या युक्तो योगबलेन चैव |भ्रुवोर्मध्ये प्राणमावेश्य सम्यक्स तं परं पुरुषमुपैति दिव्यम् |,"At the time of departure, with a mind steady in devotion and united by the strength of yoga, firmly establishing the life force in the middle of the eyebrows, one attains that supreme divine person.",sanskrit,english
BG_8_10_en_sa,BG_8_10,"At the time of departure, with a mind steady in devotion and united by the strength of yoga, firmly establishing the life force in the middle of the eyebrows, one attains that supreme divine person.",प्रयाणकाले मनसाऽचलेनभक्त्या युक्तो योगबलेन चैव |भ्रुवोर्मध्ये प्राणमावेश्य सम्यक्स तं परं पुरुषमुपैति दिव्यम् |,english,sanskrit
BG_8_11_sa_en,BG_8_11,यदक्षरं वेदविदो वदन्तिविशन्ति यद्यतयो वीतरागाः |यदिच्छन्तो ब्रह्मचर्यं चरन्तितत्ते पदं संग्रहेण प्रवक्ष्ये |,"I shall tell you briefly about that supreme goal, which the knowers of the Veda term as the Indestructible; which striving recluses free from passion enter, and",sanskrit,english
BG_8_11_en_sa,BG_8_11,"I shall tell you briefly about that supreme goal, which the knowers of the Veda term as the Indestructible; which striving recluses free from passion enter, and",यदक्षरं वेदविदो वदन्तिविशन्ति यद्यतयो वीतरागाः |यदिच्छन्तो ब्रह्मचर्यं चरन्तितत्ते पदं संग्रहेण प्रवक्ष्ये |,english,sanskrit
BG_8_12_sa_en,BG_8_12,सर्वद्वाराणि संयम्य मनो हृदि निरुध्य च |मूध्न्यार्धायात्मनः प्राणमास्थितो योगधारणाम् |,"Having closed all the doors of the senses, and firmly holding the mind in the cavity of the heart, and then fixing the life-breath in the head, and thus remaining steadfast in Yogic concentration on God, he who leaves the body and departs uttering the one indestructible Brahma, Om, and dwelling on Me in My absolute aspect, reaches the supreme goal.",sanskrit,english
BG_8_12_en_sa,BG_8_12,"Having closed all the doors of the senses, and firmly holding the mind in the cavity of the heart, and then fixing the life-breath in the head, and thus remaining steadfast in Yogic concentration on God, he who leaves the body and departs uttering the one indestructible Brahma, Om, and dwelling on Me in My absolute aspect, reaches the supreme goal.",सर्वद्वाराणि संयम्य मनो हृदि निरुध्य च |मूध्न्यार्धायात्मनः प्राणमास्थितो योगधारणाम् |,english,sanskrit
BG_8_13_sa_en,BG_8_13,ओमित्येकाक्षरं ब्रह्म व्याहरन्मामनुस्मरन् |यः प्रयाति त्यजन्देहं स याति परमां गतिम् |,"Uttering the one-syllabled Om the Brahman and remembering Me, he who departs, leaving the body, attains to the Supreme Goal.",sanskrit,english
BG_8_13_en_sa,BG_8_13,"Uttering the one-syllabled Om the Brahman and remembering Me, he who departs, leaving the body, attains to the Supreme Goal.",ओमित्येकाक्षरं ब्रह्म व्याहरन्मामनुस्मरन् |यः प्रयाति त्यजन्देहं स याति परमां गतिम् |,english,sanskrit
BG_8_14_sa_en,BG_8_14,अनन्यचेताः सततं यो मां स्मरति नित्यशः |तस्याहं सुलभः पार्थ नित्ययुक्तस्य योगिनः |,"Arjuna, whosoever always and constantly thinks of Me with undivided mind, to that Yogi ever absorbed in Me I am easily attainable.",sanskrit,english
BG_8_14_en_sa,BG_8_14,"Arjuna, whosoever always and constantly thinks of Me with undivided mind, to that Yogi ever absorbed in Me I am easily attainable.",अनन्यचेताः सततं यो मां स्मरति नित्यशः |तस्याहं सुलभः पार्थ नित्ययुक्तस्य योगिनः |,english,sanskrit
BG_8_15_sa_en,BG_8_15,मामुपेत्य पुनर्जन्म दुःखालयमशाश्वतम् |नाप्नुवन्ति महात्मानः संसिद्धिं परमां गताः |,"Having attained Me, the great souls who have reached the supreme perfection do not take birth again in this miserable and temporary world.",sanskrit,english
BG_8_15_en_sa,BG_8_15,"Having attained Me, the great souls who have reached the supreme perfection do not take birth again in this miserable and temporary world.",मामुपेत्य पुनर्जन्म दुःखालयमशाश्वतम् |नाप्नुवन्ति महात्मानः संसिद्धिं परमां गताः |,english,sanskrit
BG_8_17_sa_en,BG_8_17,सहस्रयुगपर्यन्तमहर्यद् ब्रह्मणो विदुः |रात्रिं युगसहस्रान्तां तेऽहोरात्रविदो जनाः |,"Those Yogis who know from realization Brahma’s day as covering a thousand Mahayugas, and his night as ending in a thousand Mahayugas, know the reality about time.",sanskrit,english
BG_8_17_en_sa,BG_8_17,"Those Yogis who know from realization Brahma’s day as covering a thousand Mahayugas, and his night as ending in a thousand Mahayugas, know the reality about time.",सहस्रयुगपर्यन्तमहर्यद् ब्रह्मणो विदुः |रात्रिं युगसहस्रान्तां तेऽहोरात्रविदो जनाः |,english,sanskrit
BG_8_18_sa_en,BG_8_18,अव्यक्ताद् व्यक्तयः सर्वाः प्रभवन्त्यहरागमे |रात्र्यागमे प्रलीयन्ते तत्रैवाव्यक्तसंज्ञके |,"All embodied beings emanate from the Unmanifestat the coming of the cosmic day; at the cosmic nightfall they merge into the same subtle body of Brahma, known as the Unmanifest.",sanskrit,english
BG_8_18_en_sa,BG_8_18,"All embodied beings emanate from the Unmanifestat the coming of the cosmic day; at the cosmic nightfall they merge into the same subtle body of Brahma, known as the Unmanifest.",अव्यक्ताद् व्यक्तयः सर्वाः प्रभवन्त्यहरागमे |रात्र्यागमे प्रलीयन्ते तत्रैवाव्यक्तसंज्ञके |,english,sanskrit
BG_8_19_sa_en,BG_8_19,भूतग्रामः स एवायं भूत्वा भूत्वा प्रलीयते |रात्र्यागमेऽवशः पार्थ प्रभवत्यहरागमे |,"Arjuna, this multitude of beings, being born again and again, is dissolved under compulsion of its nature at the coming of the cosmic night, and rises again at the commencement of the cosmic day.",sanskrit,english
BG_8_19_en_sa,BG_8_19,"Arjuna, this multitude of beings, being born again and again, is dissolved under compulsion of its nature at the coming of the cosmic night, and rises again at the commencement of the cosmic day.",भूतग्रामः स एवायं भूत्वा भूत्वा प्रलीयते |रात्र्यागमेऽवशः पार्थ प्रभवत्यहरागमे |,english,sanskrit
BG_8_20_sa_en,BG_8_20,परस्तस्मात्तु भावोऽन्योऽव्यक्तोऽव्यक्तात्सनातनः |यः स सर्वेषु भूतेषु नश्यत्सु न विनश्यति |,"Beyond that is another, beyond the unmanifest, the eternal unmanifested. He is the Supreme Divine Person who does not perish even when all beings perish.",sanskrit,english
BG_8_20_en_sa,BG_8_20,"Beyond that is another, beyond the unmanifest, the eternal unmanifested. He is the Supreme Divine Person who does not perish even when all beings perish.",परस्तस्मात्तु भावोऽन्योऽव्यक्तोऽव्यक्तात्सनातनः |यः स सर्वेषु भूतेषु नश्यत्सु न विनश्यति |,english,sanskrit
BG_8_21_sa_en,BG_8_21,अव्यक्तोऽक्षर इत्युक्तस्तमाहुः परमां गतिम् |यं प्राप्य न निवर्तन्ते तद्धाम परमं मम |,"The same Unmanifest which has been spoken of as the Indestructible is also called the supreme Goal; that again is My supreme Abode, attaining which they return not to this mortal world.",sanskrit,english
BG_8_21_en_sa,BG_8_21,"The same Unmanifest which has been spoken of as the Indestructible is also called the supreme Goal; that again is My supreme Abode, attaining which they return not to this mortal world.",अव्यक्तोऽक्षर इत्युक्तस्तमाहुः परमां गतिम् |यं प्राप्य न निवर्तन्ते तद्धाम परमं मम |,english,sanskrit
BG_8_22_sa_en,BG_8_22,पुरुषः स परः पार्थ भक्त्या लभ्यस्त्वनन्यया |यस्यान्तःस्थानि भूतानि येन सर्वमिदं ततम् |,"Arjuna, that eternal unmanifest supreme Purusha in whom all beings reside, and by whom all this is pervaded, is attainable only through exclusive Devotion.",sanskrit,english
BG_8_22_en_sa,BG_8_22,"Arjuna, that eternal unmanifest supreme Purusha in whom all beings reside, and by whom all this is pervaded, is attainable only through exclusive Devotion.",पुरुषः स परः पार्थ भक्त्या लभ्यस्त्वनन्यया |यस्यान्तःस्थानि भूतानि येन सर्वमिदं ततम् |,english,sanskrit
BG_8_23_sa_en,BG_8_23,यत्र काले त्वनावृत्तिमावृत्तिं चैव योगिनः |प्रयाता यान्ति तं कालं वक्ष्यामि भरतर्षभ |,"Arjuna, I shall now tell you the timedeparting when Yogis do not return, and the time when they do return; I shall explain both, O best of the Bharatas.",sanskrit,english
BG_8_23_en_sa,BG_8_23,"Arjuna, I shall now tell you the timedeparting when Yogis do not return, and the time when they do return; I shall explain both, O best of the Bharatas.",यत्र काले त्वनावृत्तिमावृत्तिं चैव योगिनः |प्रयाता यान्ति तं कालं वक्ष्यामि भरतर्षभ |,english,sanskrit
BG_8_24_sa_en,BG_8_24,अग्निर्जोतिरहः शुक्लः षण्मासा उत्तरायणम् |तत्र प्रयाता गच्छन्ति ब्रह्म ब्रह्मविदो जनाः |,"the one is that which are stationed the all-effulgent fire-god and the deities presiding over daylight, the bright fortnight, and the six months of the northward course of the sun respectively; proceeding along it after death Yogis, who have known Brahma, being successively led by the above gods, finally reach Brahma.",sanskrit,english
BG_8_24_en_sa,BG_8_24,"the one is that which are stationed the all-effulgent fire-god and the deities presiding over daylight, the bright fortnight, and the six months of the northward course of the sun respectively; proceeding along it after death Yogis, who have known Brahma, being successively led by the above gods, finally reach Brahma.",अग्निर्जोतिरहः शुक्लः षण्मासा उत्तरायणम् |तत्र प्रयाता गच्छन्ति ब्रह्म ब्रह्मविदो जनाः |,english,sanskrit
BG_8_27_sa_en,BG_8_27,नैते सृती पार्थ जानन्योगी मुह्यति कश्चन |तस्मात्सर्वेषु कालेषु योगयुक्तो भवार्जुन |,"Knowing thus the secret of these two paths, O son of Kunti, no Yogi gets deluded. Therefore, Arjuna, at all times be steadfast in Yoga in the form of equanimity.",sanskrit,english
BG_8_27_en_sa,BG_8_27,"Knowing thus the secret of these two paths, O son of Kunti, no Yogi gets deluded. Therefore, Arjuna, at all times be steadfast in Yoga in the form of equanimity.",नैते सृती पार्थ जानन्योगी मुह्यति कश्चन |तस्मात्सर्वेषु कालेषु योगयुक्तो भवार्जुन |,english,sanskrit
BG_8_28_sa_en,BG_8_28,वेदेषु यज्ञेषु तपःसु चैवदानेषु यत्पुण्यफलं प्रदिष्टम् |अत्येति तत्सर्वमिदं विदित्वायोगी परं स्थानमुपैति चाद्यम् |,"The Yogi, realizing this profound truth, doubtless transcends all the rewards, ascribed in the scriptures to the study of the Vedas, as well as to the performance of sacrifices, austerities and charities, and attains the beginningless supreme state.",sanskrit,english
BG_8_28_en_sa,BG_8_28,"The Yogi, realizing this profound truth, doubtless transcends all the rewards, ascribed in the scriptures to the study of the Vedas, as well as to the performance of sacrifices, austerities and charities, and attains the beginningless supreme state.",वेदेषु यज्ञेषु तपःसु चैवदानेषु यत्पुण्यफलं प्रदिष्टम् |अत्येति तत्सर्वमिदं विदित्वायोगी परं स्थानमुपैति चाद्यम् |,english,sanskrit
BG_9_3_sa_en,BG_9_3,अश्रद्दधानाः पुरुषा धर्मस्यास्य परन्तप |अप्राप्य मां निवर्तन्ते मृत्युसंसारवर्त्मनि |,"O Arjuna, those who have no faith in this dharma, O conqueror of enemies, they do not attain Me, but return to the cycle of birth and death.",sanskrit,english
BG_9_3_en_sa,BG_9_3,"O Arjuna, those who have no faith in this dharma, O conqueror of enemies, they do not attain Me, but return to the cycle of birth and death.",अश्रद्दधानाः पुरुषा धर्मस्यास्य परन्तप |अप्राप्य मां निवर्तन्ते मृत्युसंसारवर्त्मनि |,english,sanskrit
BG_9_4_sa_en,BG_9_4,मया ततमिदं सर्वं जगदव्यक्तमूर्तिना |मत्स्थानि सर्वभूतानि न चाहं तेष्ववस्थितः |,"The whole of this universe is permeated by Me as unmanifest Divinity, and all beings rest on the idea within Me. Therefore, really speaking, I am not present in them.",sanskrit,english
BG_9_4_en_sa,BG_9_4,"The whole of this universe is permeated by Me as unmanifest Divinity, and all beings rest on the idea within Me. Therefore, really speaking, I am not present in them.",मया ततमिदं सर्वं जगदव्यक्तमूर्तिना |मत्स्थानि सर्वभूतानि न चाहं तेष्ववस्थितः |,english,sanskrit
BG_9_5_sa_en,BG_9_5,न च मत्स्थानि भूतानि पश्य मे योगमैश्वरम् |भूतभृन्न च भूतस्थो ममात्मा भूतभावनः |,"Not in beings do I abide, behold My divine Yoga power. I am the sustainer and creator of beings, yet My Self is not in them.",sanskrit,english
BG_9_5_en_sa,BG_9_5,"Not in beings do I abide, behold My divine Yoga power. I am the sustainer and creator of beings, yet My Self is not in them.",न च मत्स्थानि भूतानि पश्य मे योगमैश्वरम् |भूतभृन्न च भूतस्थो ममात्मा भूतभावनः |,english,sanskrit
BG_9_6_sa_en,BG_9_6,यथाकाशस्थितो नित्यं वायुः सर्वत्रगो महान् |तथा सर्वाणि भूतानि मत्स्थानीत्युपधारय |,"Just as the extensive air, which is moving everywhere,ever remains in ether, likewise know that all beingsabide in Me.",sanskrit,english
BG_9_6_en_sa,BG_9_6,"Just as the extensive air, which is moving everywhere,ever remains in ether, likewise know that all beingsabide in Me.",यथाकाशस्थितो नित्यं वायुः सर्वत्रगो महान् |तथा सर्वाणि भूतानि मत्स्थानीत्युपधारय |,english,sanskrit
BG_9_7_sa_en,BG_9_7,सर्वभूतानि कौन्तेय प्रकृतिं यान्ति मामिकाम् |कल्पक्षये पुनस्तानि कल्पादौ विसृजाम्यहम् |,"Arjuna, during the Final Dissolution all beings enter My Prakrti, and at the beginning of creation, I send them forth again.",sanskrit,english
BG_9_7_en_sa,BG_9_7,"Arjuna, during the Final Dissolution all beings enter My Prakrti, and at the beginning of creation, I send them forth again.",सर्वभूतानि कौन्तेय प्रकृतिं यान्ति मामिकाम् |कल्पक्षये पुनस्तानि कल्पादौ विसृजाम्यहम् |,english,sanskrit
BG_9_8_sa_en,BG_9_8,प्रकृतिं स्वामवष्टभ्य विसृजामि पुनः पुनः |भूतग्राममिमं कृत्स्नमवशं प्रकृतेर्वशात् |,"Wielding My Nature I release, again and again,all this multitude of beings subject to the influence of their own nature.",sanskrit,english
BG_9_8_en_sa,BG_9_8,"Wielding My Nature I release, again and again,all this multitude of beings subject to the influence of their own nature.",प्रकृतिं स्वामवष्टभ्य विसृजामि पुनः पुनः |भूतग्राममिमं कृत्स्नमवशं प्रकृतेर्वशात् |,english,sanskrit
BG_9_9_sa_en,BG_9_9,न च मां तानि कर्माणि निबध्नन्ति धनञ्जय |उदासीनवदासीनमसक्तं तेषु कर्मसु |,"Arjuna, those actions, however, do not bind Me, unattached as I am to such actions and standing apart as it were.",sanskrit,english
BG_9_9_en_sa,BG_9_9,"Arjuna, those actions, however, do not bind Me, unattached as I am to such actions and standing apart as it were.",न च मां तानि कर्माणि निबध्नन्ति धनञ्जय |उदासीनवदासीनमसक्तं तेषु कर्मसु |,english,sanskrit
BG_9_10_sa_en,BG_9_10,मयाध्यक्षेण प्रकृतिः सूयते सचराचरम् |हेतुनानेन कौन्तेय जगद्विपरिवर्तते |,"Arjuna; with Me as the supervisor, Nature brings forth the whole creation, consisting of both sentient and insentient beings; it is due to this cause that the wheel of Samsara is going round.",sanskrit,english
BG_9_10_en_sa,BG_9_10,"Arjuna; with Me as the supervisor, Nature brings forth the whole creation, consisting of both sentient and insentient beings; it is due to this cause that the wheel of Samsara is going round.",मयाध्यक्षेण प्रकृतिः सूयते सचराचरम् |हेतुनानेन कौन्तेय जगद्विपरिवर्तते |,english,sanskrit
BG_9_11_sa_en,BG_9_11,अवजानन्ति मां मूढा मानुषीं तनुमाश्रितम् |परं भावमजानन्तो मम भूतमहेश्वरम् |,"Fools, not knowing My supreme nature, think low of Me, the Overlord of the entire creation, who have put on the human semblance..",sanskrit,english
BG_9_11_en_sa,BG_9_11,"Fools, not knowing My supreme nature, think low of Me, the Overlord of the entire creation, who have put on the human semblance..",अवजानन्ति मां मूढा मानुषीं तनुमाश्रितम् |परं भावमजानन्तो मम भूतमहेश्वरम् |,english,sanskrit
BG_9_12_sa_en,BG_9_12,मोघाशा मोघकर्माणो मोघज्ञाना विचेतसः |राक्षसीमासुरीं चैव प्रकृतिं मोहिनीं श्रिताः |,"Those who have deluded minds, engaged in fruitless hopes, fruitless actions, and fruitless knowledge, are attached to the demonic, demoniac, and deluding modes of nature.",sanskrit,english
BG_9_12_en_sa,BG_9_12,"Those who have deluded minds, engaged in fruitless hopes, fruitless actions, and fruitless knowledge, are attached to the demonic, demoniac, and deluding modes of nature.",मोघाशा मोघकर्माणो मोघज्ञाना विचेतसः |राक्षसीमासुरीं चैव प्रकृतिं मोहिनीं श्रिताः |,english,sanskrit
BG_9_13_sa_en,BG_9_13,महात्मानस्तु मां पार्थ दैवीं प्रकृतिमाश्रिताः |भजन्त्यनन्यमनसो ज्ञात्वा भूतादिमव्ययम् |,"On the other hand, Arjuna, great souls who have embraced the divine nature, knowing Me as the prime source of all lives and the imperishable eternal, worship Me constantly with none else in mind.",sanskrit,english
BG_9_13_en_sa,BG_9_13,"On the other hand, Arjuna, great souls who have embraced the divine nature, knowing Me as the prime source of all lives and the imperishable eternal, worship Me constantly with none else in mind.",महात्मानस्तु मां पार्थ दैवीं प्रकृतिमाश्रिताः |भजन्त्यनन्यमनसो ज्ञात्वा भूतादिमव्ययम् |,english,sanskrit
BG_9_14_sa_en,BG_9_14,सततं कीर्तयन्तो मां यतन्तश्च दृढव्रताः |नमस्यन्तश्च मां भक्त्या नित्ययुक्ता उपासते |,"Constantly chanting My names and glories and striving for My realization, and bowing again and again to Me, those devotees of firm resolve, ever united with Me through meditation, worship Me with single-minded devotion.",sanskrit,english
BG_9_14_en_sa,BG_9_14,"Constantly chanting My names and glories and striving for My realization, and bowing again and again to Me, those devotees of firm resolve, ever united with Me through meditation, worship Me with single-minded devotion.",सततं कीर्तयन्तो मां यतन्तश्च दृढव्रताः |नमस्यन्तश्च मां भक्त्या नित्ययुक्ता उपासते |,english,sanskrit
BG_9_15_sa_en,BG_9_15,ज्ञानयज्ञेन चाप्यन्ये यजन्तो मामुपासते |एकत्वेन पृथक्त्वेन बहुधा विश्वतोमुखम् |,"Otherbetake themselves to Me through their offering of Knowledge, worshipping Mewith undivided devotion, and others worship Me in many different ways as the Viratform of the Supreme Lord.",sanskrit,english
BG_9_15_en_sa,BG_9_15,"Otherbetake themselves to Me through their offering of Knowledge, worshipping Mewith undivided devotion, and others worship Me in many different ways as the Viratform of the Supreme Lord.",ज्ञानयज्ञेन चाप्यन्ये यजन्तो मामुपासते |एकत्वेन पृथक्त्वेन बहुधा विश्वतोमुखम् |,english,sanskrit
BG_9_16_sa_en,BG_9_16,अहं क्रतुरहं यज्ञः स्वधाहमहमौषधम् |मन्त्रोऽहमहमेवाज्यमहमग्निरहं हुतम् |,"I am the Vedic ritual, I am the sacrifice, I am the offering to the departed; I am the herbage and foodgrains; I am the sacred formula, I am the clarified butter, I am the sacred fire, and I am verily the act of offering oblations into the fire.",sanskrit,english
BG_9_16_en_sa,BG_9_16,"I am the Vedic ritual, I am the sacrifice, I am the offering to the departed; I am the herbage and foodgrains; I am the sacred formula, I am the clarified butter, I am the sacred fire, and I am verily the act of offering oblations into the fire.",अहं क्रतुरहं यज्ञः स्वधाहमहमौषधम् |मन्त्रोऽहमहमेवाज्यमहमग्निरहं हुतम् |,english,sanskrit
BG_9_17_sa_en,BG_9_17,पिताहमस्य जगतो माता धाता पितामहः |वेद्यं पवित्रमोंकार ऋक्साम यजुरेव च |,"I am the father of this world, the mother, the support, and the grandsire; I am the object of knowledge, the purifier, the syllable Om; I am the Rig, Sama, and Yajur Vedas.",sanskrit,english
BG_9_17_en_sa,BG_9_17,"I am the father of this world, the mother, the support, and the grandsire; I am the object of knowledge, the purifier, the syllable Om; I am the Rig, Sama, and Yajur Vedas.",पिताहमस्य जगतो माता धाता पितामहः |वेद्यं पवित्रमोंकार ऋक्साम यजुरेव च |,english,sanskrit
BG_9_18_sa_en,BG_9_18,गतिर्भर्ता प्रभुः साक्षी निवासः शरणं सुहृत् |प्रभवः प्रलयः स्थानं निधानं बीजमव्ययम् |,"I am the supreme goal, supporter, lord, witness, abode, refuge, wellwisher seeking no return, origin and end, resting-place, storehouse, and imperishable seed.",sanskrit,english
BG_9_18_en_sa,BG_9_18,"I am the supreme goal, supporter, lord, witness, abode, refuge, wellwisher seeking no return, origin and end, resting-place, storehouse, and imperishable seed.",गतिर्भर्ता प्रभुः साक्षी निवासः शरणं सुहृत् |प्रभवः प्रलयः स्थानं निधानं बीजमव्ययम् |,english,sanskrit
BG_9_19_sa_en,BG_9_19,तपाम्यहमहं वर्षं निगृह्णाम्युत्सृजामि च |अमृतं चैव मृत्युश्च सदसच्चाहमर्जुन |,"I radiate heat as the sun, and hold back as well as send forth showers, Arjuna. I am immortality as well as death; even so I am being and non-being both.",sanskrit,english
BG_9_19_en_sa,BG_9_19,"I radiate heat as the sun, and hold back as well as send forth showers, Arjuna. I am immortality as well as death; even so I am being and non-being both.",तपाम्यहमहं वर्षं निगृह्णाम्युत्सृजामि च |अमृतं चैव मृत्युश्च सदसच्चाहमर्जुन |,english,sanskrit
BG_9_20_sa_en,BG_9_20,त्रैविद्या मां सोमपाः पूतपापायज्ञैरिष्ट्वा स्वर्गतिं प्रार्थयन्ते |ते पुण्यमासाद्य सुरेन्द्रलोक-मश्नन्ति दिव्यान्दिवि देवभोगान् |,"Those who perform sacrifices with faith, drinking soma and free from sin, desire to reach heaven by worshiping Me. They attain the world of the gods and enjoy divine pleasures there.",sanskrit,english
BG_9_20_en_sa,BG_9_20,"Those who perform sacrifices with faith, drinking soma and free from sin, desire to reach heaven by worshiping Me. They attain the world of the gods and enjoy divine pleasures there.",त्रैविद्या मां सोमपाः पूतपापायज्ञैरिष्ट्वा स्वर्गतिं प्रार्थयन्ते |ते पुण्यमासाद्य सुरेन्द्रलोक-मश्नन्ति दिव्यान्दिवि देवभोगान् |,english,sanskrit
BG_9_22_sa_en,BG_9_22,अनन्याश्चिन्तयन्तो मां ये जनाः पर्युपासते |तेषां नित्याभियुक्तानां योगक्षेमं वहाम्यहम् |,"The devotees, however, who loving no one else constantly think of Me, and worship Me in a disinterested spirit, to those ever united in thought with Me I bring full security and personally attend to their needs.",sanskrit,english
BG_9_22_en_sa,BG_9_22,"The devotees, however, who loving no one else constantly think of Me, and worship Me in a disinterested spirit, to those ever united in thought with Me I bring full security and personally attend to their needs.",अनन्याश्चिन्तयन्तो मां ये जनाः पर्युपासते |तेषां नित्याभियुक्तानां योगक्षेमं वहाम्यहम् |,english,sanskrit
BG_9_23_sa_en,BG_9_23,येऽप्यन्यदेवता भक्ता यजन्ते श्रद्धयान्विताः |तेऽपि मामेव कौन्तेय यजन्त्यविधिपूर्वकम् |,"The devotees who worship the gods with faith and perform sacrifices, they also worship Me, O son of Kunti, performing their duties in the prescribed manner.",sanskrit,english
BG_9_23_en_sa,BG_9_23,"The devotees who worship the gods with faith and perform sacrifices, they also worship Me, O son of Kunti, performing their duties in the prescribed manner.",येऽप्यन्यदेवता भक्ता यजन्ते श्रद्धयान्विताः |तेऽपि मामेव कौन्तेय यजन्त्यविधिपूर्वकम् |,english,sanskrit
BG_9_24_sa_en,BG_9_24,अहं हि सर्वयज्ञानां भोक्ता च प्रभुरेव च |न तु मामभिजानन्ति तत्त्वेनातश्च्यवन्ति ते |,"For I am the enjoyer and also the lord of all sacrifices; but they know Me not in reality, hence they fall.",sanskrit,english
BG_9_24_en_sa,BG_9_24,"For I am the enjoyer and also the lord of all sacrifices; but they know Me not in reality, hence they fall.",अहं हि सर्वयज्ञानां भोक्ता च प्रभुरेव च |न तु मामभिजानन्ति तत्त्वेनातश्च्यवन्ति ते |,english,sanskrit
BG_9_25_sa_en,BG_9_25,यान्ति देवव्रता देवान्पितॄन्यान्ति पितृव्रताः |भूतानि यान्ति भूतेज्या यान्ति मद्याजिनोऽपि माम् |,Those who are vowed to gods go to the gods; those who are vowed to the manes reach the manes; those who adore the spirits reach the spirits and those who worship Me come to Me alone..,sanskrit,english
BG_9_25_en_sa,BG_9_25,Those who are vowed to gods go to the gods; those who are vowed to the manes reach the manes; those who adore the spirits reach the spirits and those who worship Me come to Me alone..,यान्ति देवव्रता देवान्पितॄन्यान्ति पितृव्रताः |भूतानि यान्ति भूतेज्या यान्ति मद्याजिनोऽपि माम् |,english,sanskrit
BG_9_26_sa_en,BG_9_26,पत्रं पुष्पं फलं तोयं यो मे भक्त्या प्रयच्छति |तदहं भक्त्युपहृतमश्नामि प्रयतात्मनः |,"Whoever offers Me with devotion a leaf, a flower, a fruit, or water, I accept that pure-hearted devotee’s offering with love.",sanskrit,english
BG_9_26_en_sa,BG_9_26,"Whoever offers Me with devotion a leaf, a flower, a fruit, or water, I accept that pure-hearted devotee’s offering with love.",पत्रं पुष्पं फलं तोयं यो मे भक्त्या प्रयच्छति |तदहं भक्त्युपहृतमश्नामि प्रयतात्मनः |,english,sanskrit
BG_9_29_sa_en,BG_9_29,समोऽहं सर्वभूतेषु न मे द्वेष्योऽस्ति न प्रियः |ये भजन्ति तु मां भक्त्या मयि ते तेषु चाप्यहम् |,"I am equally present in all beings; there is none hateful or dear to Me. They, however, who devoutly worship Me abide in Me; and I too stand revealed in them.",sanskrit,english
BG_9_29_en_sa,BG_9_29,"I am equally present in all beings; there is none hateful or dear to Me. They, however, who devoutly worship Me abide in Me; and I too stand revealed in them.",समोऽहं सर्वभूतेषु न मे द्वेष्योऽस्ति न प्रियः |ये भजन्ति तु मां भक्त्या मयि ते तेषु चाप्यहम् |,english,sanskrit
BG_9_31_sa_en,BG_9_31,क्षिप्रं भवति धर्मात्मा शश्वच्छान्तिं निगच्छति |कौन्तेय प्रतिजानीहि न मे भक्तः प्रणश्यति |,"Speedily he becomes virtuous and secures lasting peace. Know it for certain, Arjuna, that My devotee never falls.",sanskrit,english
BG_9_31_en_sa,BG_9_31,"Speedily he becomes virtuous and secures lasting peace. Know it for certain, Arjuna, that My devotee never falls.",क्षिप्रं भवति धर्मात्मा शश्वच्छान्तिं निगच्छति |कौन्तेय प्रतिजानीहि न मे भक्तः प्रणश्यति |,english,sanskrit
BG_9_32_sa_en,BG_9_32,मां हि पार्थ व्यपाश्रित्य येऽपि स्युः पापयोनयः |स्त्रियो वैश्यास्तथा शूद्रास्तेऽपि यान्ति परां गतिम् |,"Arjuna, women, VaisyasSudras, as well as those of vile birth, whoever they may be, taking refuge in Me they too attain the supreme goal.",sanskrit,english
BG_9_32_en_sa,BG_9_32,"Arjuna, women, VaisyasSudras, as well as those of vile birth, whoever they may be, taking refuge in Me they too attain the supreme goal.",मां हि पार्थ व्यपाश्रित्य येऽपि स्युः पापयोनयः |स्त्रियो वैश्यास्तथा शूद्रास्तेऽपि यान्ति परां गतिम् |,english,sanskrit
BG_9_33_sa_en,BG_9_33,किं पुनर्ब्राह्मणाः पुण्या भक्ता राजर्षयस्तथा |अनित्यमसुखं लोकमिमं प्राप्य भजस्व माम् |,"How much more, then, holy Brahmanas and royal sages devoted to Me! Therefore, having obtained this joyless and transient human life, constantly worship Me.",sanskrit,english
BG_9_33_en_sa,BG_9_33,"How much more, then, holy Brahmanas and royal sages devoted to Me! Therefore, having obtained this joyless and transient human life, constantly worship Me.",किं पुनर्ब्राह्मणाः पुण्या भक्ता राजर्षयस्तथा |अनित्यमसुखं लोकमिमं प्राप्य भजस्व माम् |,english,sanskrit
BG_10_1_sa_en,BG_10_1,श्रीभगवानुवाच |भूय एव महाबाहो शृणु मे परमं वचः |यत्तेऽहं प्रीयमाणाय वक्ष्यामि हितकाम्यया |,"Shree Bhagavan said: Arjuna, hear once again My supreme word, which I shall speak to you, who are so loving, out of solicitude for your welfare.",sanskrit,english
BG_10_1_en_sa,BG_10_1,"Shree Bhagavan said: Arjuna, hear once again My supreme word, which I shall speak to you, who are so loving, out of solicitude for your welfare.",श्रीभगवानुवाच |भूय एव महाबाहो शृणु मे परमं वचः |यत्तेऽहं प्रीयमाणाय वक्ष्यामि हितकाम्यया |,english,sanskrit
BG_10_2_sa_en,BG_10_2,न मे विदुः सुरगणाः प्रभवं न महर्षयः |अहमादिर्हि देवानां महर्षीणां च सर्वशः |,Neither gods nor the great sages know the secret of My birth; for I am the prime cause in all respects of gods as well as of the great seers.,sanskrit,english
BG_10_2_en_sa,BG_10_2,Neither gods nor the great sages know the secret of My birth; for I am the prime cause in all respects of gods as well as of the great seers.,न मे विदुः सुरगणाः प्रभवं न महर्षयः |अहमादिर्हि देवानां महर्षीणां च सर्वशः |,english,sanskrit
BG_10_4_sa_en,BG_10_4,बुद्धिर्ज्ञानमसम्मोहः क्षमा सत्यं दमः शमः |सुखं दुःखं भवोऽभावो भयं चाभयमेव च |,"Reason, right knowledge, unclouded understanding, forbearance, veracity, control over the senses and mind, joy and sorrow, evolution and dissolution, fear and fearlessness—these diverse traits of creatures emanate from me alone.",sanskrit,english
BG_10_4_en_sa,BG_10_4,"Reason, right knowledge, unclouded understanding, forbearance, veracity, control over the senses and mind, joy and sorrow, evolution and dissolution, fear and fearlessness—these diverse traits of creatures emanate from me alone.",बुद्धिर्ज्ञानमसम्मोहः क्षमा सत्यं दमः शमः |सुखं दुःखं भवोऽभावो भयं चाभयमेव च |,english,sanskrit
BG_10_5_sa_en,BG_10_5,अहिंसा समता तुष्टिस्तपो दानं यशोऽयशः |भवन्ति भावा भूतानां मत्त एव पृथग्विधाः |,"Non-violence, equanimity, contentment, austerity, charity, fame and obloquy—these diverse traits of creatures emanate from me alone.",sanskrit,english
BG_10_5_en_sa,BG_10_5,"Non-violence, equanimity, contentment, austerity, charity, fame and obloquy—these diverse traits of creatures emanate from me alone.",अहिंसा समता तुष्टिस्तपो दानं यशोऽयशः |भवन्ति भावा भूतानां मत्त एव पृथग्विधाः |,english,sanskrit
BG_10_6_sa_en,BG_10_6,महर्षयः सप्त पूर्वे चत्वारो मनवस्तथा |मद्भावा मानसा जाता येषां लोक इमाः प्रजाः |,"Seven great sages, four ancient Manus, and the fourteen progenitors including Sanaka and others, all these beings with minds born of me, have arisen by my will; their progeny fills the world.",sanskrit,english
BG_10_6_en_sa,BG_10_6,"Seven great sages, four ancient Manus, and the fourteen progenitors including Sanaka and others, all these beings with minds born of me, have arisen by my will; their progeny fills the world.",महर्षयः सप्त पूर्वे चत्वारो मनवस्तथा |मद्भावा मानसा जाता येषां लोक इमाः प्रजाः |,english,sanskrit
BG_10_7_sa_en,BG_10_7,एतां विभूतिं योगं च मम यो वेत्ति तत्त्वतः |सोऽविकम्पेन योगेन युज्यते नात्र संशयः |,He who knows in reality this supreme divine glory and supernatural power of Mine gets established in Me through unfaltering Devotion; of this there is no doubt.,sanskrit,english
BG_10_7_en_sa,BG_10_7,He who knows in reality this supreme divine glory and supernatural power of Mine gets established in Me through unfaltering Devotion; of this there is no doubt.,एतां विभूतिं योगं च मम यो वेत्ति तत्त्वतः |सोऽविकम्पेन योगेन युज्यते नात्र संशयः |,english,sanskrit
BG_10_8_sa_en,BG_10_8,अहं सर्वस्य प्रभवो मत्तः सर्वं प्रवर्तते |इति मत्वा भजन्ते मां बुधा भावसमन्विताः |,"I am the origin of all; everything proceeds from Me. Understanding this, the wise worship Me with devotion.",sanskrit,english
BG_10_8_en_sa,BG_10_8,"I am the origin of all; everything proceeds from Me. Understanding this, the wise worship Me with devotion.",अहं सर्वस्य प्रभवो मत्तः सर्वं प्रवर्तते |इति मत्वा भजन्ते मां बुधा भावसमन्विताः |,english,sanskrit
BG_10_9_sa_en,BG_10_9,मच्चित्ता मद्गतप्राणा बोधयन्तः परस्परम् |कथयन्तश्च मां नित्यं तुष्यन्ति च रमन्ति च |,"With their mind fixed on Me, and their lives surrendered to Me, enlightening one another about My greatness and speaking of Me, My devotees ever remain contented and take delight in Me.",sanskrit,english
BG_10_9_en_sa,BG_10_9,"With their mind fixed on Me, and their lives surrendered to Me, enlightening one another about My greatness and speaking of Me, My devotees ever remain contented and take delight in Me.",मच्चित्ता मद्गतप्राणा बोधयन्तः परस्परम् |कथयन्तश्च मां नित्यं तुष्यन्ति च रमन्ति च |,english,sanskrit
BG_10_10_sa_en,BG_10_10,तेषां सततयुक्तानां भजतां प्रीतिपूर्वकम् |ददामि बुद्धियोगं तं येन मामुपयान्ति ते |,"On those ever united through meditation, with Me and worshipping Me with love, I confer that Yoga of wisdom through which they come to Me.",sanskrit,english
BG_10_10_en_sa,BG_10_10,"On those ever united through meditation, with Me and worshipping Me with love, I confer that Yoga of wisdom through which they come to Me.",तेषां सततयुक्तानां भजतां प्रीतिपूर्वकम् |ददामि बुद्धियोगं तं येन मामुपयान्ति ते |,english,sanskrit
BG_10_11_sa_en,BG_10_11,तेषामेवानुकम्पार्थमहमज्ञानजं तमः |नाशयाम्यात्मभावस्थो ज्ञानदीपेन भास्वता |,"In order to shower My grace on them I, dwelling in their heart, dispel the darkness born of ignorance by the shining light of wisdom.",sanskrit,english
BG_10_11_en_sa,BG_10_11,"In order to shower My grace on them I, dwelling in their heart, dispel the darkness born of ignorance by the shining light of wisdom.",तेषामेवानुकम्पार्थमहमज्ञानजं तमः |नाशयाम्यात्मभावस्थो ज्ञानदीपेन भास्वता |,english,sanskrit
BG_10_12_sa_en,BG_10_12,अर्जुन उवाच |परं ब्रह्म परं धाम पवित्रं परमं भवान् |पुरुषं शाश्वतं दिव्यमादिदेवमजं विभुम् |,"Arjuna said: You are the transcendent Eternal, the supreme Abode and the greatest purifier; all the seers speak of You as the eternal divine Purusha, the primal Deity, unborn and all-pervading.",sanskrit,english
BG_10_12_en_sa,BG_10_12,"Arjuna said: You are the transcendent Eternal, the supreme Abode and the greatest purifier; all the seers speak of You as the eternal divine Purusha, the primal Deity, unborn and all-pervading.",अर्जुन उवाच |परं ब्रह्म परं धाम पवित्रं परमं भवान् |पुरुषं शाश्वतं दिव्यमादिदेवमजं विभुम् |,english,sanskrit
BG_10_13_sa_en,BG_10_13,आहुस्त्वामृषयः सर्वे देवर्षिर्नारदस्तथा |असितो देवलो व्यासः स्वयं चैव ब्रवीषि मे |,"Likewise speak the celestial sage Narada, the sages Asita and Devala and the great sage Vyasa; and Yourself too proclaim this to me.",sanskrit,english
BG_10_13_en_sa,BG_10_13,"Likewise speak the celestial sage Narada, the sages Asita and Devala and the great sage Vyasa; and Yourself too proclaim this to me.",आहुस्त्वामृषयः सर्वे देवर्षिर्नारदस्तथा |असितो देवलो व्यासः स्वयं चैव ब्रवीषि मे |,english,sanskrit
BG_10_14_sa_en,BG_10_14,सर्वमेतदृतं मन्ये यन्मां वदसि केशव |न हि ते भगवन्व्यक्तिं विदुर्देवा न दानवाः |,"Krishna, I believe as true all that You tell me, Lord, neither demons nor gods are aware of Your manifestation through sport.",sanskrit,english
BG_10_14_en_sa,BG_10_14,"Krishna, I believe as true all that You tell me, Lord, neither demons nor gods are aware of Your manifestation through sport.",सर्वमेतदृतं मन्ये यन्मां वदसि केशव |न हि ते भगवन्व्यक्तिं विदुर्देवा न दानवाः |,english,sanskrit
BG_10_15_sa_en,BG_10_15,स्वयमेवात्मनात्मानं वेत्थ त्वं पुरुषोत्तम |भूतभावन भूतेश देवदेव जगत्पते |,"O creator of beings, O Ruler of creatures, O God of gods, the Lord of the universe, O supreme Purusha, You alone know what You are by Yourself.",sanskrit,english
BG_10_15_en_sa,BG_10_15,"O creator of beings, O Ruler of creatures, O God of gods, the Lord of the universe, O supreme Purusha, You alone know what You are by Yourself.",स्वयमेवात्मनात्मानं वेत्थ त्वं पुरुषोत्तम |भूतभावन भूतेश देवदेव जगत्पते |,english,sanskrit
BG_10_16_sa_en,BG_10_16,वक्तुमर्हस्यशेषेण दिव्या ह्यात्मविभूतयः |याभिर्विभूतिभिर्लोकानिमांस्त्वं व्याप्य तिष्ठसि |,"Therefore, You alone can describe in full Your divine glories, whereby You stand pervading all these worlds.",sanskrit,english
BG_10_16_en_sa,BG_10_16,"Therefore, You alone can describe in full Your divine glories, whereby You stand pervading all these worlds.",वक्तुमर्हस्यशेषेण दिव्या ह्यात्मविभूतयः |याभिर्विभूतिभिर्लोकानिमांस्त्वं व्याप्य तिष्ठसि |,english,sanskrit
BG_10_17_sa_en,BG_10_17,कथं विद्यामहं योगिंस्त्वां सदा परिचिन्तयन् |केषु केषु च भावेषु चिन्त्योऽसि भगवन्मया |,"O Master of Yoga, through what process of continuous meditation shall I know You? And in what particular forms, O Lord, are You to be meditated upon by me?",sanskrit,english
BG_10_17_en_sa,BG_10_17,"O Master of Yoga, through what process of continuous meditation shall I know You? And in what particular forms, O Lord, are You to be meditated upon by me?",कथं विद्यामहं योगिंस्त्वां सदा परिचिन्तयन् |केषु केषु च भावेषु चिन्त्योऽसि भगवन्मया |,english,sanskrit
BG_10_19_sa_en,BG_10_19,श्रीभगवानुवाच |हन्त ते कथयिष्यामि दिव्या ह्यात्मविभूतयः |प्राधान्यतः कुरुश्रेष्ठ नास्त्यन्तो विस्तरस्य मे |,"Shree Bhagavan said: Arjuna, now I shall tell you My conspicuous divine glories; for there is no limit to My magnitude.",sanskrit,english
BG_10_19_en_sa,BG_10_19,"Shree Bhagavan said: Arjuna, now I shall tell you My conspicuous divine glories; for there is no limit to My magnitude.",श्रीभगवानुवाच |हन्त ते कथयिष्यामि दिव्या ह्यात्मविभूतयः |प्राधान्यतः कुरुश्रेष्ठ नास्त्यन्तो विस्तरस्य मे |,english,sanskrit
BG_10_20_sa_en,BG_10_20,अहमात्मा गुडाकेश सर्वभूताशयस्थितः |अहमादिश्च मध्यं च भूतानामन्त एव च |,Arjuna I am the universal Self seated in the heart of all beings; so I alone am the beginning and middle and also the end of all beings.,sanskrit,english
BG_10_20_en_sa,BG_10_20,Arjuna I am the universal Self seated in the heart of all beings; so I alone am the beginning and middle and also the end of all beings.,अहमात्मा गुडाकेश सर्वभूताशयस्थितः |अहमादिश्च मध्यं च भूतानामन्त एव च |,english,sanskrit
BG_10_22_sa_en,BG_10_22,वेदानां सामवेदोऽस्मि देवानामस्मि वासवः |इन्द्रियाणां मनश्चास्मि भूतानामस्मि चेतना |,"Among the Vedas, I am the Samaveda; among the gods, I am Indra. Among the organs of perception etc., I am the mind; and I am the consciousnessin living beings.",sanskrit,english
BG_10_22_en_sa,BG_10_22,"Among the Vedas, I am the Samaveda; among the gods, I am Indra. Among the organs of perception etc., I am the mind; and I am the consciousnessin living beings.",वेदानां सामवेदोऽस्मि देवानामस्मि वासवः |इन्द्रियाणां मनश्चास्मि भूतानामस्मि चेतना |,english,sanskrit
BG_10_24_sa_en,BG_10_24,पुरोधसां च मुख्यं मां विद्धि पार्थ बृहस्पतिम् |सेनानीनामहं स्कन्दः सरसामस्मि सागरः |,"Among the priests, Arjuna, know Me to be their chief, Brhaspati. Among warrior-chiefs, I am Skanda; and among the waters; I am the ocean.",sanskrit,english
BG_10_24_en_sa,BG_10_24,"Among the priests, Arjuna, know Me to be their chief, Brhaspati. Among warrior-chiefs, I am Skanda; and among the waters; I am the ocean.",पुरोधसां च मुख्यं मां विद्धि पार्थ बृहस्पतिम् |सेनानीनामहं स्कन्दः सरसामस्मि सागरः |,english,sanskrit
BG_10_26_sa_en,BG_10_26,अश्वत्थः सर्ववृक्षाणां देवर्षीणां च नारदः |गन्धर्वाणां चित्ररथः सिद्धानां कपिलो मुनिः |,"Among all trees, I am the Asvattha; among the celestial sages, Narada; among the Gandharvas, Citraratha; and among the Siddhas, I am the sage Kapila.",sanskrit,english
BG_10_26_en_sa,BG_10_26,"Among all trees, I am the Asvattha; among the celestial sages, Narada; among the Gandharvas, Citraratha; and among the Siddhas, I am the sage Kapila.",अश्वत्थः सर्ववृक्षाणां देवर्षीणां च नारदः |गन्धर्वाणां चित्ररथः सिद्धानां कपिलो मुनिः |,english,sanskrit
BG_10_27_sa_en,BG_10_27,उच्चैःश्रवसमश्वानां विद्धि माममृतोद्भवम् |ऐरावतं गजेन्द्राणां नराणां च नराधिपम् |,"Among horses, know Me to be the celestial horse Uccaihsrava, begotten of the churning of the ocean along with nectar; among mighty elephants Airavata; and among men, the king.",sanskrit,english
BG_10_27_en_sa,BG_10_27,"Among horses, know Me to be the celestial horse Uccaihsrava, begotten of the churning of the ocean along with nectar; among mighty elephants Airavata; and among men, the king.",उच्चैःश्रवसमश्वानां विद्धि माममृतोद्भवम् |ऐरावतं गजेन्द्राणां नराणां च नराधिपम् |,english,sanskrit
BG_10_28_sa_en,BG_10_28,आयुधानामहं वज्रं धेनूनामस्मि कामधुक् |प्रजनश्चास्मि कन्दर्पः सर्पाणामस्मि वासुकिः |,"Among weapons, I am the thunderbolt; among cows, I am the celestial cow Kamadhenu. I am the sexual desire which leads to procreation; among serpents, I am Vasuki.",sanskrit,english
BG_10_28_en_sa,BG_10_28,"Among weapons, I am the thunderbolt; among cows, I am the celestial cow Kamadhenu. I am the sexual desire which leads to procreation; among serpents, I am Vasuki.",आयुधानामहं वज्रं धेनूनामस्मि कामधुक् |प्रजनश्चास्मि कन्दर्पः सर्पाणामस्मि वासुकिः |,english,sanskrit
BG_10_29_sa_en,BG_10_29,अनन्तश्चास्मि नागानां वरुणो यादसामहम् |पितॄणामर्यमा चास्मि यमः संयमतामहम् |,"Among Nagas, I am the serpent-god Ananta; and I am Varuna, the lord of aquatic creatures. Among the manes, I am Aryama, and among rulers, I am Yama.",sanskrit,english
BG_10_29_en_sa,BG_10_29,"Among Nagas, I am the serpent-god Ananta; and I am Varuna, the lord of aquatic creatures. Among the manes, I am Aryama, and among rulers, I am Yama.",अनन्तश्चास्मि नागानां वरुणो यादसामहम् |पितॄणामर्यमा चास्मि यमः संयमतामहम् |,english,sanskrit
BG_10_30_sa_en,BG_10_30,प्रह्लादश्चास्मि दैत्यानां कालः कलयतामहम् |मृगाणां च मृगेन्द्रोऽहं वैनतेयश्च पक्षिणाम् |,"Among the Daityas, I am the great devotee Prahlada; and among reckoners, I am Time. So among quadrupeds, I am the lion; and among birds, I am Garuda.",sanskrit,english
BG_10_30_en_sa,BG_10_30,"Among the Daityas, I am the great devotee Prahlada; and among reckoners, I am Time. So among quadrupeds, I am the lion; and among birds, I am Garuda.",प्रह्लादश्चास्मि दैत्यानां कालः कलयतामहम् |मृगाणां च मृगेन्द्रोऽहं वैनतेयश्च पक्षिणाम् |,english,sanskrit
BG_10_34_sa_en,BG_10_34,मृत्युः सर्वहरश्चाहमुद्भवश्च भविष्यताम् |कीर्तिः श्रीर्वाक्च नारीणां स्मृतिर्मेधा धृतिः क्षमा |,"I am the all-destroying Death that snatches all, and the origin of all that shall be born. Among women, I am Kirti, Shree, Vak, Smrti, Medha, Dhrti and Ksama.",sanskrit,english
BG_10_34_en_sa,BG_10_34,"I am the all-destroying Death that snatches all, and the origin of all that shall be born. Among women, I am Kirti, Shree, Vak, Smrti, Medha, Dhrti and Ksama.",मृत्युः सर्वहरश्चाहमुद्भवश्च भविष्यताम् |कीर्तिः श्रीर्वाक्च नारीणां स्मृतिर्मेधा धृतिः क्षमा |,english,sanskrit
BG_10_35_sa_en,BG_10_35,बृहत्साम तथा साम्नां गायत्री छन्दसामहम् |मासानां मार्गशीर्षोऽहमृतूनां कुसुमाकरः |,"Likewise among the Srutis that can be sung, I am the variety known as Brhatsama; while among the Vedic hymns, I am the hymn known as Gayatri. Again, among the twelve months of the Hindu calendar; I am the month Margasirsha and among the seasons, I am the spring.",sanskrit,english
BG_10_35_en_sa,BG_10_35,"Likewise among the Srutis that can be sung, I am the variety known as Brhatsama; while among the Vedic hymns, I am the hymn known as Gayatri. Again, among the twelve months of the Hindu calendar; I am the month Margasirsha and among the seasons, I am the spring.",बृहत्साम तथा साम्नां गायत्री छन्दसामहम् |मासानां मार्गशीर्षोऽहमृतूनां कुसुमाकरः |,english,sanskrit
BG_10_36_sa_en,BG_10_36,द्यूतं छलयतामस्मि तेजस्तेजस्विनामहम् |जयोऽस्मि व्यवसायोऽस्मि सत्त्वं सत्त्ववतामहम् |,"I am gambling among deceitful practices, and the glory of the glorious. I am the victory of the victorious, the resolve of the resolute, the goodness of the good.",sanskrit,english
BG_10_36_en_sa,BG_10_36,"I am gambling among deceitful practices, and the glory of the glorious. I am the victory of the victorious, the resolve of the resolute, the goodness of the good.",द्यूतं छलयतामस्मि तेजस्तेजस्विनामहम् |जयोऽस्मि व्यवसायोऽस्मि सत्त्वं सत्त्ववतामहम् |,english,sanskrit
BG_10_37_sa_en,BG_10_37,वृष्णीनां वासुदेवोऽस्मि पाण्डवानां धनञ्जयः |मुनीनामप्यहं व्यासः कवीनामुशना कविः |,"Among the Vrishnis I am Vasudeva, among the Pandavas I am Dhananjaya; among the sages I am Vyasa, and among poets I am the poet Ushanas.",sanskrit,english
BG_10_37_en_sa,BG_10_37,"Among the Vrishnis I am Vasudeva, among the Pandavas I am Dhananjaya; among the sages I am Vyasa, and among poets I am the poet Ushanas.",वृष्णीनां वासुदेवोऽस्मि पाण्डवानां धनञ्जयः |मुनीनामप्यहं व्यासः कवीनामुशना कविः |,english,sanskrit
BG_10_38_sa_en,BG_10_38,दण्डो दमयतामस्मि नीतिरस्मि जिगीषताम् |मौनं चैवास्मि गुह्यानां ज्ञानं ज्ञानवतामहम् |,"I am the subduing power in rulers; I am righteousness in those who seek to conquer. Of things to be kept secret, I am the custodian in the shape of reticence; and I am the wisdom of the wise.",sanskrit,english
BG_10_38_en_sa,BG_10_38,"I am the subduing power in rulers; I am righteousness in those who seek to conquer. Of things to be kept secret, I am the custodian in the shape of reticence; and I am the wisdom of the wise.",दण्डो दमयतामस्मि नीतिरस्मि जिगीषताम् |मौनं चैवास्मि गुह्यानां ज्ञानं ज्ञानवतामहम् |,english,sanskrit
BG_10_39_sa_en,BG_10_39,यच्चापि सर्वभूतानां बीजं तदहमर्जुन |न तदस्ति विना यत्स्यान्मया भूतं चराचरम् |,"Arjuna, I am even that which is the seed of all life. For there is no creature, moving or inert, which exists without Me.",sanskrit,english
BG_10_39_en_sa,BG_10_39,"Arjuna, I am even that which is the seed of all life. For there is no creature, moving or inert, which exists without Me.",यच्चापि सर्वभूतानां बीजं तदहमर्जुन |न तदस्ति विना यत्स्यान्मया भूतं चराचरम् |,english,sanskrit
BG_10_40_sa_en,BG_10_40,नान्तोऽस्ति मम दिव्यानां विभूतीनां परन्तप |एष तूद्देशतः प्रोक्तो विभूतेर्विस्तरो मया |,"Arjuna, there is no limit to My divine manifestation. This is only a brief description by Me of the extent of My glory.",sanskrit,english
BG_10_40_en_sa,BG_10_40,"Arjuna, there is no limit to My divine manifestation. This is only a brief description by Me of the extent of My glory.",नान्तोऽस्ति मम दिव्यानां विभूतीनां परन्तप |एष तूद्देशतः प्रोक्तो विभूतेर्विस्तरो मया |,english,sanskrit
BG_10_41_sa_en,BG_10_41,यद्यद्विभूतिमत्सत्त्वं श्रीमदूर्जितमेव वा |तत्तदेवावगच्छ त्वं मम तेजोंऽशसम्भवम् |,"Whatever is endowed with existence, consciousness, and glory, know that to be a manifestation of a part of My splendor.",sanskrit,english
BG_10_41_en_sa,BG_10_41,"Whatever is endowed with existence, consciousness, and glory, know that to be a manifestation of a part of My splendor.",यद्यद्विभूतिमत्सत्त्वं श्रीमदूर्जितमेव वा |तत्तदेवावगच्छ त्वं मम तेजोंऽशसम्भवम् |,english,sanskrit
BG_10_42_sa_en,BG_10_42,अथवा बहुनैतेन किं ज्ञातेन तवार्जुन |विष्टभ्याहमिदं कृत्स्नमेकांशेन स्थितो जगत् |,"Or, what will you gain by knowing all this in detail, Arjuna? Suffice it to say that I stand holding this entire universe by a fraction of My Yogic power.",sanskrit,english
BG_10_42_en_sa,BG_10_42,"Or, what will you gain by knowing all this in detail, Arjuna? Suffice it to say that I stand holding this entire universe by a fraction of My Yogic power.",अथवा बहुनैतेन किं ज्ञातेन तवार्जुन |विष्टभ्याहमिदं कृत्स्नमेकांशेन स्थितो जगत् |,english,sanskrit
BG_11_1_sa_en,BG_11_1,अर्जुन उवाच |मदनुग्रहाय परमं गुह्यमध्यात्मसंज्ञितम् |यत्त्वयोक्तं वचस्तेन मोहोऽयं विगतो मम |,"Arjuna said: Thanks to the most profound words of spiritual wisdom that You have spoken out of kindness to me, this delusion of mine has entirely disappeared.",sanskrit,english
BG_11_1_en_sa,BG_11_1,"Arjuna said: Thanks to the most profound words of spiritual wisdom that You have spoken out of kindness to me, this delusion of mine has entirely disappeared.",अर्जुन उवाच |मदनुग्रहाय परमं गुह्यमध्यात्मसंज्ञितम् |यत्त्वयोक्तं वचस्तेन मोहोऽयं विगतो मम |,english,sanskrit
BG_11_3_sa_en,BG_11_3,एवमेतद्यथात्थ त्वमात्मानं परमेश्वर |द्रष्टुमिच्छामि ते रूपमैश्वरं पुरुषोत्तम |,"Your divine form possessed of wisdom, glory, energy, strength, valour and effulgence, O best of persons!",sanskrit,english
BG_11_3_en_sa,BG_11_3,"Your divine form possessed of wisdom, glory, energy, strength, valour and effulgence, O best of persons!",एवमेतद्यथात्थ त्वमात्मानं परमेश्वर |द्रष्टुमिच्छामि ते रूपमैश्वरं पुरुषोत्तम |,english,sanskrit
BG_11_4_sa_en,BG_11_4,मन्यसे यदि तच्छक्यं मया द्रष्टुमिति प्रभो |योगेश्वर ततो मे त्वं दर्शयात्मानमव्ययम् |,"O Lord, if You think that it is possible for me to behold that form by me, then show me that imperishable form, O Lord of Yoga.",sanskrit,english
BG_11_4_en_sa,BG_11_4,"O Lord, if You think that it is possible for me to behold that form by me, then show me that imperishable form, O Lord of Yoga.",मन्यसे यदि तच्छक्यं मया द्रष्टुमिति प्रभो |योगेश्वर ततो मे त्वं दर्शयात्मानमव्ययम् |,english,sanskrit
BG_11_5_sa_en,BG_11_5,श्रीभगवानुवाच |पश्य मे पार्थ रूपाणि शतशोऽथ सहस्रशः |नानाविधानि दिव्यानि नानावर्णाकृतीनि च |,"Shree Bhagavan said: Arjuna, behold presently in hundreds and thousands, My multifarious divine forms, of various colours and shapes.",sanskrit,english
BG_11_5_en_sa,BG_11_5,"Shree Bhagavan said: Arjuna, behold presently in hundreds and thousands, My multifarious divine forms, of various colours and shapes.",श्रीभगवानुवाच |पश्य मे पार्थ रूपाणि शतशोऽथ सहस्रशः |नानाविधानि दिव्यानि नानावर्णाकृतीनि च |,english,sanskrit
BG_11_6_sa_en,BG_11_6,पश्यादित्यान्वसून्रुद्रानश्विनौ मरुतस्तथा |बहून्यदृष्टपूर्वाणि पश्याश्चर्याणि भारत |,"Behold in Me the Adityas, the Vasus, the Rudras, the two Ashvins, and also the Maruts, O Bharata, and many wonders never seen before.",sanskrit,english
BG_11_6_en_sa,BG_11_6,"Behold in Me the Adityas, the Vasus, the Rudras, the two Ashvins, and also the Maruts, O Bharata, and many wonders never seen before.",पश्यादित्यान्वसून्रुद्रानश्विनौ मरुतस्तथा |बहून्यदृष्टपूर्वाणि पश्याश्चर्याणि भारत |,english,sanskrit
BG_11_7_sa_en,BG_11_7,इहैकस्थं जगत्कृत्स्नं पश्याद्य सचराचरम् |मम देहे गुडाकेश यच्चान्यद् द्रष्टुमिच्छसि |,"Arjuna, behold as concentrated within this body of Mine the entire creation consisting of both animate and inanimate beings, and whatever else you desire to see.",sanskrit,english
BG_11_7_en_sa,BG_11_7,"Arjuna, behold as concentrated within this body of Mine the entire creation consisting of both animate and inanimate beings, and whatever else you desire to see.",इहैकस्थं जगत्कृत्स्नं पश्याद्य सचराचरम् |मम देहे गुडाकेश यच्चान्यद् द्रष्टुमिच्छसि |,english,sanskrit
BG_11_8_sa_en,BG_11_8,न तु मां शक्यसे द्रष्टुमनेनैव स्वचक्षुषा |दिव्यं ददामि ते चक्षुः पश्य मे योगमैश्वरम् |,"But surely you cannot see Me with these human eyes of yours; therefore, I vouchsafe to you the divine eye. With this you behold My divine power of Yoga.",sanskrit,english
BG_11_8_en_sa,BG_11_8,"But surely you cannot see Me with these human eyes of yours; therefore, I vouchsafe to you the divine eye. With this you behold My divine power of Yoga.",न तु मां शक्यसे द्रष्टुमनेनैव स्वचक्षुषा |दिव्यं ददामि ते चक्षुः पश्य मे योगमैश्वरम् |,english,sanskrit
BG_11_9_sa_en,BG_11_9,सञ्जय उवाच |एवमुक्त्वा ततो राजन्महायोगेश्वरो हरिः |दर्शयामास पार्थाय परमं रूपमैश्वरम् |,"Sanjaya said: My lord! having spoken thus, Shree Krishna, the supreme Master of Yoga, forthwith revealed to Arjuna His supremely glorious divine Form.",sanskrit,english
BG_11_9_en_sa,BG_11_9,"Sanjaya said: My lord! having spoken thus, Shree Krishna, the supreme Master of Yoga, forthwith revealed to Arjuna His supremely glorious divine Form.",सञ्जय उवाच |एवमुक्त्वा ततो राजन्महायोगेश्वरो हरिः |दर्शयामास पार्थाय परमं रूपमैश्वरम् |,english,sanskrit
BG_11_10_sa_en,BG_11_10,अनेकवक्त्रनयनमनेकाद्भुतदर्शनम् |अनेकदिव्याभरणं दिव्यानेकोद्यतायुधम् |,"Arjuna saw the supreme Deity possessing many mouths and eyes, presenting many a wonderful sight, decked with many divine ornaments, wielding many uplifted divine weapons,",sanskrit,english
BG_11_10_en_sa,BG_11_10,"Arjuna saw the supreme Deity possessing many mouths and eyes, presenting many a wonderful sight, decked with many divine ornaments, wielding many uplifted divine weapons,",अनेकवक्त्रनयनमनेकाद्भुतदर्शनम् |अनेकदिव्याभरणं दिव्यानेकोद्यतायुधम् |,english,sanskrit
BG_11_11_sa_en,BG_11_11,दिव्यमाल्याम्बरधरं दिव्यगन्धानुलेपनम् |सर्वाश्चर्यमयं देवमनन्तं विश्वतोमुखम् |,"wearing divine garlands and clothes, besmeared all over with divine sandal-pastes, full of all wonders, infinite and having faces on all sides.",sanskrit,english
BG_11_11_en_sa,BG_11_11,"wearing divine garlands and clothes, besmeared all over with divine sandal-pastes, full of all wonders, infinite and having faces on all sides.",दिव्यमाल्याम्बरधरं दिव्यगन्धानुलेपनम् |सर्वाश्चर्यमयं देवमनन्तं विश्वतोमुखम् |,english,sanskrit
BG_11_13_sa_en,BG_11_13,तत्रैकस्थं जगत्कृत्स्नं प्रविभक्तमनेकधा |अपश्यद्देवदेवस्य शरीरे पाण्डवस्तदा |,"Concentrated at one place in the person of that supreme Deity, Arjuna then beheld the whole universe with its manifold divisions.",sanskrit,english
BG_11_13_en_sa,BG_11_13,"Concentrated at one place in the person of that supreme Deity, Arjuna then beheld the whole universe with its manifold divisions.",तत्रैकस्थं जगत्कृत्स्नं प्रविभक्तमनेकधा |अपश्यद्देवदेवस्य शरीरे पाण्डवस्तदा |,english,sanskrit
BG_11_16_sa_en,BG_11_16,अनेकबाहूदरवक्त्रनेत्रंपश्यामि त्वां सर्वतोऽनन्तरूपम् |नान्तं न मध्यं न पुनस्तवादिंपश्यामि विश्वेश्वर विश्वरूप |,"O lord of the universe, I see You endowed with numerous arms, bellies, mouths, and eyes and having innumerable forms extended on all sides. I see neither Your beginning nor middle, nor even Your end, manifested as You are in the form of the universe.",sanskrit,english
BG_11_16_en_sa,BG_11_16,"O lord of the universe, I see You endowed with numerous arms, bellies, mouths, and eyes and having innumerable forms extended on all sides. I see neither Your beginning nor middle, nor even Your end, manifested as You are in the form of the universe.",अनेकबाहूदरवक्त्रनेत्रंपश्यामि त्वां सर्वतोऽनन्तरूपम् |नान्तं न मध्यं न पुनस्तवादिंपश्यामि विश्वेश्वर विश्वरूप |,english,sanskrit
BG_11_17_sa_en,BG_11_17,किरीटिनं गदिनं चक्रिणं चतेजोराशिं सर्वतो दीप्तिमन्तम् |पश्यामि त्वां दुर्निरीक्ष्यं समन्ताद्दीप्तानलार्कद्युतिमप्रमेयम् |,"I see You endowed with diadems, clubs and discuses, a mass of splendour flaming all round, having the brilliance of a blazing fire and the sun, hard to gaze at and immeasurable on all sides.",sanskrit,english
BG_11_17_en_sa,BG_11_17,"I see You endowed with diadems, clubs and discuses, a mass of splendour flaming all round, having the brilliance of a blazing fire and the sun, hard to gaze at and immeasurable on all sides.",किरीटिनं गदिनं चक्रिणं चतेजोराशिं सर्वतो दीप्तिमन्तम् |पश्यामि त्वां दुर्निरीक्ष्यं समन्ताद्दीप्तानलार्कद्युतिमप्रमेयम् |,english,sanskrit
BG_11_18_sa_en,BG_11_18,त्वमक्षरं परमं वेदितव्यंत्वमस्य विश्वस्य परं निधानम् |त्वमव्ययः शाश्वतधर्मगोप्तासनातनस्त्वं पुरुषो मतो मे |,"You are the supreme indestructible worthy of being known; You are the ultimate refuge of this universe. You are, again, the protector of the ageless Dharma; I consider You to be the eternal imperishable Being.",sanskrit,english
BG_11_18_en_sa,BG_11_18,"You are the supreme indestructible worthy of being known; You are the ultimate refuge of this universe. You are, again, the protector of the ageless Dharma; I consider You to be the eternal imperishable Being.",त्वमक्षरं परमं वेदितव्यंत्वमस्य विश्वस्य परं निधानम् |त्वमव्ययः शाश्वतधर्मगोप्तासनातनस्त्वं पुरुषो मतो मे |,english,sanskrit
BG_11_19_sa_en,BG_11_19,अनादिमध्यान्तमनन्तवीर्य-मनन्तबाहुं शशिसूर्यनेत्रम् |पश्यामि त्वां दीप्तहुताशवक्त्रंस्वतेजसा विश्वमिदं तपन्तम् |,"I see You without beginning, middle or end, possessing unlimited prowess and endowed with numberless arms, having the moon and the sun for Your eyes, and blazing fire for Your mouth, and scorching this universe by Your radiance.",sanskrit,english
BG_11_19_en_sa,BG_11_19,"I see You without beginning, middle or end, possessing unlimited prowess and endowed with numberless arms, having the moon and the sun for Your eyes, and blazing fire for Your mouth, and scorching this universe by Your radiance.",अनादिमध्यान्तमनन्तवीर्य-मनन्तबाहुं शशिसूर्यनेत्रम् |पश्यामि त्वां दीप्तहुताशवक्त्रंस्वतेजसा विश्वमिदं तपन्तम् |,english,sanskrit
BG_11_20_sa_en,BG_11_20,द्यावापृथिव्योरिदमन्तरं हिव्याप्तं त्वयैकेन दिशश्च सर्वाः |दृष्ट्वाद्भुतं रूपमुग्रं तवेदंलोकत्रयं प्रव्यथितं महात्मन् |,"Yonder space between heaven and earth and all the quarters are entirely filled by You alone. Seeing this transcendent, dreadful form of yours, O sould of the universe, all the three worlds feels greatly alarmed.",sanskrit,english
BG_11_20_en_sa,BG_11_20,"Yonder space between heaven and earth and all the quarters are entirely filled by You alone. Seeing this transcendent, dreadful form of yours, O sould of the universe, all the three worlds feels greatly alarmed.",द्यावापृथिव्योरिदमन्तरं हिव्याप्तं त्वयैकेन दिशश्च सर्वाः |दृष्ट्वाद्भुतं रूपमुग्रं तवेदंलोकत्रयं प्रव्यथितं महात्मन् |,english,sanskrit
BG_11_21_sa_en,BG_11_21,अमी हि त्वां सुरसङ्घा विशन्तिकेचिद्भीताः प्राञ्जलयो गृणन्ति |स्वस्तीत्युक्त्वा महर्षिसिद्धसङ्घाःस्तुवन्ति त्वां स्तुतिभिः पुष्कलाभिः |,"Yonder hosts of gods are entering You; some with palms joined out of fear are uttering Your names and glories. Multitudes of Maharsis and Siddhas, saying ‘Let there be peace’, are extolling You by means of excellent hymns.",sanskrit,english
BG_11_21_en_sa,BG_11_21,"Yonder hosts of gods are entering You; some with palms joined out of fear are uttering Your names and glories. Multitudes of Maharsis and Siddhas, saying ‘Let there be peace’, are extolling You by means of excellent hymns.",अमी हि त्वां सुरसङ्घा विशन्तिकेचिद्भीताः प्राञ्जलयो गृणन्ति |स्वस्तीत्युक्त्वा महर्षिसिद्धसङ्घाःस्तुवन्ति त्वां स्तुतिभिः पुष्कलाभिः |,english,sanskrit
BG_11_24_sa_en,BG_11_24,नभःस्पृशं दीप्तमनेकवर्णंव्यात्ताननं दीप्तविशालनेत्रम् |दृष्ट्वा हि त्वां प्रव्यथितान्तरात्माधृतिं न विन्दामि शमं च विष्णो |,"Because, O Vishnu! touching the sky, radiant, adorned with many colors, with spreading mouths and large luminous eyes, seeing You, my inner self is terrified; I cannot maintain my composure or peace.",sanskrit,english
BG_11_24_en_sa,BG_11_24,"Because, O Vishnu! touching the sky, radiant, adorned with many colors, with spreading mouths and large luminous eyes, seeing You, my inner self is terrified; I cannot maintain my composure or peace.",नभःस्पृशं दीप्तमनेकवर्णंव्यात्ताननं दीप्तविशालनेत्रम् |दृष्ट्वा हि त्वां प्रव्यथितान्तरात्माधृतिं न विन्दामि शमं च विष्णो |,english,sanskrit
BG_11_25_sa_en,BG_11_25,दंष्ट्राकरालानि च ते मुखानिदृष्ट्वैव कालानलसन्निभानि |दिशो न जाने न लभे च शर्मप्रसीद देवेश जगन्निवास |,"Seeing Your faces frightful on account of their teeth, and flaring like the fire at the time of universal destruction, I am utterly bewildered and find no happiness; therefore, be kind to me, O Lord of celestials and Resting-place of the universe.",sanskrit,english
BG_11_25_en_sa,BG_11_25,"Seeing Your faces frightful on account of their teeth, and flaring like the fire at the time of universal destruction, I am utterly bewildered and find no happiness; therefore, be kind to me, O Lord of celestials and Resting-place of the universe.",दंष्ट्राकरालानि च ते मुखानिदृष्ट्वैव कालानलसन्निभानि |दिशो न जाने न लभे च शर्मप्रसीद देवेश जगन्निवास |,english,sanskrit
BG_11_26_sa_en,BG_11_26,अमी च त्वां धृतराष्ट्रस्य पुत्राःसर्वे सहैवावनिपालसङ्घैः |भीष्मो द्रोणः सूतपुत्रस्तथासौसहास्मदीयैरपि योधमुख्यैः |,"All those sons of Dhrtarastra with hosts of kings are entering You.Bhishma, Drona and yonder Karna, with the principal warriors on our side as well, are rushing headlong into Your fearful mouths.",sanskrit,english
BG_11_26_en_sa,BG_11_26,"All those sons of Dhrtarastra with hosts of kings are entering You.Bhishma, Drona and yonder Karna, with the principal warriors on our side as well, are rushing headlong into Your fearful mouths.",अमी च त्वां धृतराष्ट्रस्य पुत्राःसर्वे सहैवावनिपालसङ्घैः |भीष्मो द्रोणः सूतपुत्रस्तथासौसहास्मदीयैरपि योधमुख्यैः |,english,sanskrit
BG_11_27_sa_en,BG_11_27,वक्त्राणि ते त्वरमाणा विशन्तिदंष्ट्राकरालानि भयानकानि |केचिद्विलग्ना दशनान्तरेषुसन्दृश्यन्ते चूर्णितैरुत्तमाङ्गैः |,"Rushing into Your fearful mouths looking all the more terrible on account of their teeth, some are seen stuck up in the gaps between Your teeth with their heads crushed.",sanskrit,english
BG_11_27_en_sa,BG_11_27,"Rushing into Your fearful mouths looking all the more terrible on account of their teeth, some are seen stuck up in the gaps between Your teeth with their heads crushed.",वक्त्राणि ते त्वरमाणा विशन्तिदंष्ट्राकरालानि भयानकानि |केचिद्विलग्ना दशनान्तरेषुसन्दृश्यन्ते चूर्णितैरुत्तमाङ्गैः |,english,sanskrit
BG_11_29_sa_en,BG_11_29,यथा प्रदीप्तं ज्वलनं पतङ्गाविशन्ति नाशाय समृद्धवेगाः |तथैव नाशाय विशन्ति लोकास्-तवापि वक्त्राणि समृद्धवेगाः |,"As moths rush with great speed into the blazing fire for extinction out of their folly, even so all these people are with great rapidity entering Your mouths to meet their doom.",sanskrit,english
BG_11_29_en_sa,BG_11_29,"As moths rush with great speed into the blazing fire for extinction out of their folly, even so all these people are with great rapidity entering Your mouths to meet their doom.",यथा प्रदीप्तं ज्वलनं पतङ्गाविशन्ति नाशाय समृद्धवेगाः |तथैव नाशाय विशन्ति लोकास्-तवापि वक्त्राणि समृद्धवेगाः |,english,sanskrit
BG_11_30_sa_en,BG_11_30,लेलिह्यसे ग्रसमानः समन्ताल्-लोकान्समग्रान्वदनैर्ज्वलद्भिः |तेजोभिरापूर्य जगत्समग्रंभासस्तवोग्राः प्रतपन्ति विष्णो |,"Thou lickest up, devouring all the worlds on every side with Thy flaming mouths. Thy fierce rays, filling the whole world with radiance, are burning, O Vishnu!",sanskrit,english
BG_11_30_en_sa,BG_11_30,"Thou lickest up, devouring all the worlds on every side with Thy flaming mouths. Thy fierce rays, filling the whole world with radiance, are burning, O Vishnu!",लेलिह्यसे ग्रसमानः समन्ताल्-लोकान्समग्रान्वदनैर्ज्वलद्भिः |तेजोभिरापूर्य जगत्समग्रंभासस्तवोग्राः प्रतपन्ति विष्णो |,english,sanskrit
BG_11_31_sa_en,BG_11_31,आख्याहि मे को भवानुग्ररूपोनमोऽस्तु ते देववर प्रसीद |विज्ञातुमिच्छामि भवन्तमाद्यंन हि प्रजानामि तव प्रवृत्तिम् |,"Tell me who You are with a form so terrible. My obeisance to You, O best of gods; be kind to me, I wish to know You, the Primal Being, in particular; for I know not Your purpose.",sanskrit,english
BG_11_31_en_sa,BG_11_31,"Tell me who You are with a form so terrible. My obeisance to You, O best of gods; be kind to me, I wish to know You, the Primal Being, in particular; for I know not Your purpose.",आख्याहि मे को भवानुग्ररूपोनमोऽस्तु ते देववर प्रसीद |विज्ञातुमिच्छामि भवन्तमाद्यंन हि प्रजानामि तव प्रवृत्तिम् |,english,sanskrit
BG_11_33_sa_en,BG_11_33,तस्मात्त्वमुत्तिष्ठ यशो लभस्वजित्वा शत्रून् भुङ्क्ष्व राज्यं समृद्धम् |मयैवैते निहताः पूर्वमेवनिमित्तमात्रं भव सव्यसाचिन् |,"Therefore, arise, gain fame, conquer the enemies, and enjoy a prosperous kingdom with wealth and resources. These brave warriors have already been slain by Me. O Savyasachin, you are only the instrument.",sanskrit,english
BG_11_33_en_sa,BG_11_33,"Therefore, arise, gain fame, conquer the enemies, and enjoy a prosperous kingdom with wealth and resources. These brave warriors have already been slain by Me. O Savyasachin, you are only the instrument.",तस्मात्त्वमुत्तिष्ठ यशो लभस्वजित्वा शत्रून् भुङ्क्ष्व राज्यं समृद्धम् |मयैवैते निहताः पूर्वमेवनिमित्तमात्रं भव सव्यसाचिन् |,english,sanskrit
BG_11_35_sa_en,BG_11_35,सञ्जय उवाच |एतच्छ्रुत्वा वचनं केशवस्यकृताञ्जलिर्वेपमानः किरीटी |नमस्कृत्वा भूय एवाह कृष्णंसगद्गदं भीतभीतः प्रणम्य |,"Sanjaya said: Hearing these words of Bhagavan Keshava, Arjuna tremblingly bowed to Him with joined palms, and bowing again in extreme terror spoke to Shree Krishna in faltering accents.",sanskrit,english
BG_11_35_en_sa,BG_11_35,"Sanjaya said: Hearing these words of Bhagavan Keshava, Arjuna tremblingly bowed to Him with joined palms, and bowing again in extreme terror spoke to Shree Krishna in faltering accents.",सञ्जय उवाच |एतच्छ्रुत्वा वचनं केशवस्यकृताञ्जलिर्वेपमानः किरीटी |नमस्कृत्वा भूय एवाह कृष्णंसगद्गदं भीतभीतः प्रणम्य |,english,sanskrit
BG_11_36_sa_en,BG_11_36,अर्जुन उवाच |स्थाने हृषीकेश तव प्रकीर्त्याजगत्प्रहृष्यत्यनुरज्यते च |रक्षांसि भीतानि दिशो द्रवन्तिसर्वे नमस्यन्ति च सिद्धसङ्घाः |,"Arjuna said: Lord, well it is the universe exults and is filled with love by chanting Your names, virtues and glory; terrified Raksasas are fleeing in all directions, and all the hosts of Siddhas are bowing to You.",sanskrit,english
BG_11_36_en_sa,BG_11_36,"Arjuna said: Lord, well it is the universe exults and is filled with love by chanting Your names, virtues and glory; terrified Raksasas are fleeing in all directions, and all the hosts of Siddhas are bowing to You.",अर्जुन उवाच |स्थाने हृषीकेश तव प्रकीर्त्याजगत्प्रहृष्यत्यनुरज्यते च |रक्षांसि भीतानि दिशो द्रवन्तिसर्वे नमस्यन्ति च सिद्धसङ्घाः |,english,sanskrit
BG_11_37_sa_en,BG_11_37,कस्माच्च ते न नमेरन्महात्मन्गरीयसे ब्रह्मणोऽप्यादिकर्त्रे |अनन्त देवेश जगन्निवासत्वमक्षरं सदसत्तत्परं यत् |,"O great soul, why should they not bow to You, who are the progenitor of Brahma himself and the greatest of the great? O infinite Lord of celestials, Abode of the universe, You are that which is existent, that which is non-existentand also that which is beyond both, viz., the indestructible Brahma.",sanskrit,english
BG_11_37_en_sa,BG_11_37,"O great soul, why should they not bow to You, who are the progenitor of Brahma himself and the greatest of the great? O infinite Lord of celestials, Abode of the universe, You are that which is existent, that which is non-existentand also that which is beyond both, viz., the indestructible Brahma.",कस्माच्च ते न नमेरन्महात्मन्गरीयसे ब्रह्मणोऽप्यादिकर्त्रे |अनन्त देवेश जगन्निवासत्वमक्षरं सदसत्तत्परं यत् |,english,sanskrit
BG_11_38_sa_en,BG_11_38,त्वमादिदेवः पुरुषः पुराणस्-त्वमस्य विश्वस्य परं निधानम् |वेत्तासि वेद्यं च परं च धामत्वया ततं विश्वमनन्तरूप |,"You are the primal Deity, the most ancient Person; You are the ultimate resort of this universe. You are both the knower and the knowable, and the highest abode. It is You who pervade the universe, assuming endless forms.",sanskrit,english
BG_11_38_en_sa,BG_11_38,"You are the primal Deity, the most ancient Person; You are the ultimate resort of this universe. You are both the knower and the knowable, and the highest abode. It is You who pervade the universe, assuming endless forms.",त्वमादिदेवः पुरुषः पुराणस्-त्वमस्य विश्वस्य परं निधानम् |वेत्तासि वेद्यं च परं च धामत्वया ततं विश्वमनन्तरूप |,english,sanskrit
BG_11_39_sa_en,BG_11_39,वायुर्यमोऽग्निर्वरुणः शशाङ्कःप्रजापतिस्त्वं प्रपितामहश्च |नमो नमस्तेऽस्तु सहस्रकृत्वःपुनश्च भूयोऽपि नमो नमस्ते |,"You are Vayu, Yama, Agni, the moon-god, Brahma, nay, the father of Brahma Himself. Hail, hail to You a thousand times; salutations, repeated salutations O You once again.",sanskrit,english
BG_11_39_en_sa,BG_11_39,"You are Vayu, Yama, Agni, the moon-god, Brahma, nay, the father of Brahma Himself. Hail, hail to You a thousand times; salutations, repeated salutations O You once again.",वायुर्यमोऽग्निर्वरुणः शशाङ्कःप्रजापतिस्त्वं प्रपितामहश्च |नमो नमस्तेऽस्तु सहस्रकृत्वःपुनश्च भूयोऽपि नमो नमस्ते |,english,sanskrit
BG_11_40_sa_en,BG_11_40,नमः पुरस्तादथ पृष्ठतस्तेनमोऽस्तु ते सर्वत एव सर्व |अनन्तवीर्यामितविक्रमस्त्वंसर्वं समाप्नोषि ततोऽसि सर्वः |,"O Lord of infinite prowess, my salutations to You from before and from behind. O soul of all, my obeisance to You from all sides indeed. You, who possess limitless might, pervade all; therefore, You are all.",sanskrit,english
BG_11_40_en_sa,BG_11_40,"O Lord of infinite prowess, my salutations to You from before and from behind. O soul of all, my obeisance to You from all sides indeed. You, who possess limitless might, pervade all; therefore, You are all.",नमः पुरस्तादथ पृष्ठतस्तेनमोऽस्तु ते सर्वत एव सर्व |अनन्तवीर्यामितविक्रमस्त्वंसर्वं समाप्नोषि ततोऽसि सर्वः |,english,sanskrit
BG_11_41_sa_en,BG_11_41,सखेति मत्वा प्रसभं यदुक्तंहे कृष्ण हे यादव हे सखेति |अजानता महिमानं तवेदंमया प्रमादात्प्रणयेन वापि |,"O Krishna, O Yadava, O friend! Thinking of You as a mere companion, whatever I have said rashly, without understanding Your greatness, and disrespectfully in jest, while at play, reposing, sitting or at meals, either alone or before others, for all that I crave forgiveness from You, who are immeasurable.",sanskrit,english
BG_11_41_en_sa,BG_11_41,"O Krishna, O Yadava, O friend! Thinking of You as a mere companion, whatever I have said rashly, without understanding Your greatness, and disrespectfully in jest, while at play, reposing, sitting or at meals, either alone or before others, for all that I crave forgiveness from You, who are immeasurable.",सखेति मत्वा प्रसभं यदुक्तंहे कृष्ण हे यादव हे सखेति |अजानता महिमानं तवेदंमया प्रमादात्प्रणयेन वापि |,english,sanskrit
BG_11_42_sa_en,BG_11_42,यच्चावहासार्थमसत्कृतोऽसिविहारशय्यासनभोजनेषु |एकोऽथवाप्यच्युत तत्समक्षंतत्क्षामये त्वामहमप्रमेयम् |,"And whatever insult I may have offered to You in jest, while at play, resting, sitting, or at meals, either alone or in front of others, O Infallible One, I implore You, the immeasurable, to forgive me.",sanskrit,english
BG_11_42_en_sa,BG_11_42,"And whatever insult I may have offered to You in jest, while at play, resting, sitting, or at meals, either alone or in front of others, O Infallible One, I implore You, the immeasurable, to forgive me.",यच्चावहासार्थमसत्कृतोऽसिविहारशय्यासनभोजनेषु |एकोऽथवाप्यच्युत तत्समक्षंतत्क्षामये त्वामहमप्रमेयम् |,english,sanskrit
BG_11_43_sa_en,BG_11_43,पितासि लोकस्य चराचरस्यत्वमस्य पूज्यश्च गुरुर्गरीयान् |न त्वत्समोऽस्त्यभ्यधिकः कुतोऽन्योलोकत्रयेऽप्यप्रतिमप्रभाव |,"You are the father of all moving and non-moving beings, the greatest of gurus, and eminently worthy of worship. There is no one superior to You; how then can there be anyone equal to You in the three worlds?",sanskrit,english
BG_11_43_en_sa,BG_11_43,"You are the father of all moving and non-moving beings, the greatest of gurus, and eminently worthy of worship. There is no one superior to You; how then can there be anyone equal to You in the three worlds?",पितासि लोकस्य चराचरस्यत्वमस्य पूज्यश्च गुरुर्गरीयान् |न त्वत्समोऽस्त्यभ्यधिकः कुतोऽन्योलोकत्रयेऽप्यप्रतिमप्रभाव |,english,sanskrit
BG_11_44_sa_en,BG_11_44,तस्मात्प्रणम्य प्रणिधाय कायंप्रसादये त्वामहमीशमीड्यम् |पितेव पुत्रस्य सखेव सख्युःप्रियः प्रियायार्हसि देव सोढुम् |,"Therefore, Lord, prostrating my body at Your feet and bowing low I seek to propitiate You, the ruler of all and worthy of all praise. It behoves You to bear with me even as father bears with his son, a friend with his friend and a husband with his beloved spouse,",sanskrit,english
BG_11_44_en_sa,BG_11_44,"Therefore, Lord, prostrating my body at Your feet and bowing low I seek to propitiate You, the ruler of all and worthy of all praise. It behoves You to bear with me even as father bears with his son, a friend with his friend and a husband with his beloved spouse,",तस्मात्प्रणम्य प्रणिधाय कायंप्रसादये त्वामहमीशमीड्यम् |पितेव पुत्रस्य सखेव सख्युःप्रियः प्रियायार्हसि देव सोढुम् |,english,sanskrit
BG_11_45_sa_en,BG_11_45,अदृष्टपूर्वं हृषितोऽस्मि दृष्ट्वाभयेन च प्रव्यथितं मनो मे |तदेव मे दर्शय देव रूपंप्रसीद देवेश जगन्निवास |,"Having Seen Your wondrous form, which was never seen before, I feel transported with joy; at the same time my mind is tormented by fear. Pray reveal to me that divine form; the form of Visnu with four arms; O Lord of celestials Abode of the universe, be gracious.",sanskrit,english
BG_11_45_en_sa,BG_11_45,"Having Seen Your wondrous form, which was never seen before, I feel transported with joy; at the same time my mind is tormented by fear. Pray reveal to me that divine form; the form of Visnu with four arms; O Lord of celestials Abode of the universe, be gracious.",अदृष्टपूर्वं हृषितोऽस्मि दृष्ट्वाभयेन च प्रव्यथितं मनो मे |तदेव मे दर्शय देव रूपंप्रसीद देवेश जगन्निवास |,english,sanskrit
BG_11_46_sa_en,BG_11_46,किरीटिनं गदिनं चक्रहस्तंइच्छामि त्वां द्रष्टुमहं तथैव |तेनैव रूपेण चतुर्भुजेनसहस्रबाहो भव विश्वमूर्ते |,"I wish to see You wearing the crown, holding the mace and discus in Your hands. Therefore, O thousand-armed one, O universal form, manifest Yourself in that four-armed form.Seeing such a dreadful Form of Mine as this, be not perturbed or perplexed; with a fearless and complacent mind, behold once more this My form adorned with conch, discus, mace and lotus.",sanskrit,english
BG_11_46_en_sa,BG_11_46,"I wish to see You wearing the crown, holding the mace and discus in Your hands. Therefore, O thousand-armed one, O universal form, manifest Yourself in that four-armed form.Seeing such a dreadful Form of Mine as this, be not perturbed or perplexed; with a fearless and complacent mind, behold once more this My form adorned with conch, discus, mace and lotus.",किरीटिनं गदिनं चक्रहस्तंइच्छामि त्वां द्रष्टुमहं तथैव |तेनैव रूपेण चतुर्भुजेनसहस्रबाहो भव विश्वमूर्ते |,english,sanskrit
BG_11_47_sa_en,BG_11_47,श्रीभगवानुवाच |मया प्रसन्नेन तवार्जुनेदंरूपं परं दर्शितमात्मयोगात् |तेजोमयं विश्वमनन्तमाद्यंयन्मे त्वदन्येन न दृष्टपूर्वम् |,"Shree Bhagavan said: Arjuna! pleased with you I have shown you, through My own power of Yoga, this supreme, effulgent, primal and infinite Cosmic Body, which was never seen before by any else than you.",sanskrit,english
BG_11_47_en_sa,BG_11_47,"Shree Bhagavan said: Arjuna! pleased with you I have shown you, through My own power of Yoga, this supreme, effulgent, primal and infinite Cosmic Body, which was never seen before by any else than you.",श्रीभगवानुवाच |मया प्रसन्नेन तवार्जुनेदंरूपं परं दर्शितमात्मयोगात् |तेजोमयं विश्वमनन्तमाद्यंयन्मे त्वदन्येन न दृष्टपूर्वम् |,english,sanskrit
BG_11_48_sa_en,BG_11_48,न वेदयज्ञाध्ययनैर्न दानैर्-न च क्रियाभिर्न तपोभिरुग्रैः |एवंरूपः शक्य अहं नृलोकेद्रष्टुं त्वदन्येन कुरुप्रवीर |,"Arjuna, in this mortal world I cannot be seen in this Form by anyone else than you, either through study of the Vedas or of rituals, or a gain through gifts, actions or austere penances.",sanskrit,english
BG_11_48_en_sa,BG_11_48,"Arjuna, in this mortal world I cannot be seen in this Form by anyone else than you, either through study of the Vedas or of rituals, or a gain through gifts, actions or austere penances.",न वेदयज्ञाध्ययनैर्न दानैर्-न च क्रियाभिर्न तपोभिरुग्रैः |एवंरूपः शक्य अहं नृलोकेद्रष्टुं त्वदन्येन कुरुप्रवीर |,english,sanskrit
BG_11_49_sa_en,BG_11_49,मा ते व्यथा मा च विमूढभावोदृष्ट्वा रूपं घोरमीदृङ्ममेदम् |व्यपेतभीः प्रीतमनाः पुनस्त्वंतदेव मे रूपमिदं प्रपश्य |,"Seeing such a dreadful Form of Mine as this, be not perturbed or perplexed; with a fearless and complacent mind, behold once again the same four-armed Form of Mine.",sanskrit,english
BG_11_49_en_sa,BG_11_49,"Seeing such a dreadful Form of Mine as this, be not perturbed or perplexed; with a fearless and complacent mind, behold once again the same four-armed Form of Mine.",मा ते व्यथा मा च विमूढभावोदृष्ट्वा रूपं घोरमीदृङ्ममेदम् |व्यपेतभीः प्रीतमनाः पुनस्त्वंतदेव मे रूपमिदं प्रपश्य |,english,sanskrit
BG_11_50_sa_en,BG_11_50,सञ्जय उवाच |इत्यर्जुनं वासुदेवस्तथोक्त्वास्वकं रूपं दर्शयामास भूयः |आश्वासयामास च भीतमेनंभूत्वा पुनः सौम्यवपुर्महात्मा |,"Sanjaya said: Having spoken thus to Arjuna, Bhagavan Vasudeva again showed to him in the same way His own four-armed form; and then, assuming a gentle form, the high-souled Shree Krishna consoled the frightened Arjuna.",sanskrit,english
BG_11_50_en_sa,BG_11_50,"Sanjaya said: Having spoken thus to Arjuna, Bhagavan Vasudeva again showed to him in the same way His own four-armed form; and then, assuming a gentle form, the high-souled Shree Krishna consoled the frightened Arjuna.",सञ्जय उवाच |इत्यर्जुनं वासुदेवस्तथोक्त्वास्वकं रूपं दर्शयामास भूयः |आश्वासयामास च भीतमेनंभूत्वा पुनः सौम्यवपुर्महात्मा |,english,sanskrit
BG_11_53_sa_en,BG_11_53,नाहं वेदैर्न तपसा न दानेन न चेज्यया |शक्य एवंविधो द्रष्टुं दृष्टवानसि मां यथा |,"Neither by study of the Vedas nor by penance, nor again by charity, nor even by ritual can I be seen in this formas you have seen Me.",sanskrit,english
BG_11_53_en_sa,BG_11_53,"Neither by study of the Vedas nor by penance, nor again by charity, nor even by ritual can I be seen in this formas you have seen Me.",नाहं वेदैर्न तपसा न दानेन न चेज्यया |शक्य एवंविधो द्रष्टुं दृष्टवानसि मां यथा |,english,sanskrit
BG_11_54_sa_en,BG_11_54,भक्त्या त्वनन्यया शक्य अहमेवंविधोऽर्जुन |ज्ञातुं द्रष्टुं च तत्त्वेन प्रवेष्टुं च परन्तप |,"Through single-minded devotion, however, I can be seen in this form; nay, known in essence and even entered into, O valiant Arjuna.",sanskrit,english
BG_11_54_en_sa,BG_11_54,"Through single-minded devotion, however, I can be seen in this form; nay, known in essence and even entered into, O valiant Arjuna.",भक्त्या त्वनन्यया शक्य अहमेवंविधोऽर्जुन |ज्ञातुं द्रष्टुं च तत्त्वेन प्रवेष्टुं च परन्तप |,english,sanskrit
BG_11_55_sa_en,BG_11_55,मत्कर्मकृन्मत्परमो मद्भक्तः सङ्गवर्जितः |निर्वैरः सर्वभूतेषु यः स मामेति पाण्डव |,"Arjuna, he who performs all his duties for My sake, depends on Me, is devoted to Me; has no attachment, and is free from malice towards all beings, reaches Me.",sanskrit,english
BG_11_55_en_sa,BG_11_55,"Arjuna, he who performs all his duties for My sake, depends on Me, is devoted to Me; has no attachment, and is free from malice towards all beings, reaches Me.",मत्कर्मकृन्मत्परमो मद्भक्तः सङ्गवर्जितः |निर्वैरः सर्वभूतेषु यः स मामेति पाण्डव |,english,sanskrit
BG_12_1_sa_en,BG_12_1,अर्जुन उवाच |एवं सततयुक्ता ये भक्तास्त्वां पर्युपासते |ये चाप्यक्षरमव्यक्तं तेषां के योगवित्तमाः |,"Arjuna said: The devotees who, with their minds constantly fixed on You as shown above, adore You as possessed of form and attributes, and those who adore as the supreme Reality",sanskrit,english
BG_12_1_en_sa,BG_12_1,"Arjuna said: The devotees who, with their minds constantly fixed on You as shown above, adore You as possessed of form and attributes, and those who adore as the supreme Reality",अर्जुन उवाच |एवं सततयुक्ता ये भक्तास्त्वां पर्युपासते |ये चाप्यक्षरमव्यक्तं तेषां के योगवित्तमाः |,english,sanskrit
BG_12_2_sa_en,BG_12_2,श्रीभगवानुवाच |मय्यावेश्य मनो ये मां नित्ययुक्ता उपासते |श्रद्धया परयोपेताः ते मे युक्ततमा मताः |,"Shree Bhagavan said: I consider them to be the best Yogis, who endowed with supreme faith, and ever united through meditation with Me, worship Me with the mind centred on Me.",sanskrit,english
BG_12_2_en_sa,BG_12_2,"Shree Bhagavan said: I consider them to be the best Yogis, who endowed with supreme faith, and ever united through meditation with Me, worship Me with the mind centred on Me.",श्रीभगवानुवाच |मय्यावेश्य मनो ये मां नित्ययुक्ता उपासते |श्रद्धया परयोपेताः ते मे युक्ततमा मताः |,english,sanskrit
BG_12_4_sa_en,BG_12_4,सन्नियम्येन्द्रियग्रामं सर्वत्र समबुद्धयः |ते प्राप्नुवन्ति मामेव सर्वभूतहिते रताः |,"Having restrained all the senses, even-minded everywhere, intent on the welfare of all beings verily they also come unto Me",sanskrit,english
BG_12_4_en_sa,BG_12_4,"Having restrained all the senses, even-minded everywhere, intent on the welfare of all beings verily they also come unto Me",सन्नियम्येन्द्रियग्रामं सर्वत्र समबुद्धयः |ते प्राप्नुवन्ति मामेव सर्वभूतहिते रताः |,english,sanskrit
BG_12_6_sa_en,BG_12_6,ये तु सर्वाणि कर्माणि मयि संन्यस्य मत्परः |अनन्येनैव योगेन मां ध्यायन्त उपासते |,"On the other hand, those who depending exclusively on Me, and surrendering all actions to Me, worship Me, constantly meditating on Me with single-minded devotion.",sanskrit,english
BG_12_6_en_sa,BG_12_6,"On the other hand, those who depending exclusively on Me, and surrendering all actions to Me, worship Me, constantly meditating on Me with single-minded devotion.",ये तु सर्वाणि कर्माणि मयि संन्यस्य मत्परः |अनन्येनैव योगेन मां ध्यायन्त उपासते |,english,sanskrit
BG_12_7_sa_en,BG_12_7,तेषामहं समुद्धर्ता मृत्युसंसारसागरात् |भवामि नचिरात्पार्थ मय्यावेशितचेतसाम् |,"These, Arjuna, I speedily deliver from the ocean of birth and death, their mind being fixed on Me.",sanskrit,english
BG_12_7_en_sa,BG_12_7,"These, Arjuna, I speedily deliver from the ocean of birth and death, their mind being fixed on Me.",तेषामहं समुद्धर्ता मृत्युसंसारसागरात् |भवामि नचिरात्पार्थ मय्यावेशितचेतसाम् |,english,sanskrit
BG_12_8_sa_en,BG_12_8,मय्येव मन आधत्स्व मयि बुद्धिं निवेशय |निवसिष्यसि मय्येव अत ऊर्ध्वं न संशयः |,"Therefore, fix your mind on Me, and establish your intellect in Me alone; thereafter you will abide solely in Me. There is no doubt about it.",sanskrit,english
BG_12_8_en_sa,BG_12_8,"Therefore, fix your mind on Me, and establish your intellect in Me alone; thereafter you will abide solely in Me. There is no doubt about it.",मय्येव मन आधत्स्व मयि बुद्धिं निवेशय |निवसिष्यसि मय्येव अत ऊर्ध्वं न संशयः |,english,sanskrit
BG_12_9_sa_en,BG_12_9,अथ चित्तं समाधातुं न शक्नोषि मयि स्थिरम् |अभ्यासयोगेन ततो मामिच्छाप्तुं धनञ्जय |,"If you cannot steadily fix the mind on Me, Arjuna, then seek to attain Me through the Yoga of repeated practice.",sanskrit,english
BG_12_9_en_sa,BG_12_9,"If you cannot steadily fix the mind on Me, Arjuna, then seek to attain Me through the Yoga of repeated practice.",अथ चित्तं समाधातुं न शक्नोषि मयि स्थिरम् |अभ्यासयोगेन ततो मामिच्छाप्तुं धनञ्जय |,english,sanskrit
BG_12_10_sa_en,BG_12_10,अभ्यासेऽप्यसमर्थोऽसि मत्कर्मपरमो भव |मदर्थमपि कर्माणि कुर्वन्सिद्धिमवाप्स्यसि |,"If You are unequal even to the pursuit of such practice, be intent to work for Me; you shall attain perfectioneven by performing actions for My sake.",sanskrit,english
BG_12_10_en_sa,BG_12_10,"If You are unequal even to the pursuit of such practice, be intent to work for Me; you shall attain perfectioneven by performing actions for My sake.",अभ्यासेऽप्यसमर्थोऽसि मत्कर्मपरमो भव |मदर्थमपि कर्माणि कुर्वन्सिद्धिमवाप्स्यसि |,english,sanskrit
BG_12_11_sa_en,BG_12_11,अथैतदप्यशक्तोऽसि कर्तुं मद्योगमाश्रितः |सर्वकर्मफलत्यागं ततः कुरु यतात्मवान् |,"If, taking recourse to the Yoga of My realization, you are unable even to do this, then, subduing your mind and intellect etc., relinquish the fruit of all actions.",sanskrit,english
BG_12_11_en_sa,BG_12_11,"If, taking recourse to the Yoga of My realization, you are unable even to do this, then, subduing your mind and intellect etc., relinquish the fruit of all actions.",अथैतदप्यशक्तोऽसि कर्तुं मद्योगमाश्रितः |सर्वकर्मफलत्यागं ततः कुरु यतात्मवान् |,english,sanskrit
BG_12_13_sa_en,BG_12_13,अद्वेष्टा सर्वभूतानां मैत्रः करुण एव च |निर्ममो निरहङ्कारः समदुःखसुखः क्षमी |,"He who is free from malice towards all beings, friendly and compassionate, rid of 'I' and 'mine', balanced in pleasure and pain, forgiving—such a devotee is dear to Me",sanskrit,english
BG_12_13_en_sa,BG_12_13,"He who is free from malice towards all beings, friendly and compassionate, rid of 'I' and 'mine', balanced in pleasure and pain, forgiving—such a devotee is dear to Me",अद्वेष्टा सर्वभूतानां मैत्रः करुण एव च |निर्ममो निरहङ्कारः समदुःखसुखः क्षमी |,english,sanskrit
BG_12_14_sa_en,BG_12_14,सन्तुष्टः सततं योगी यतात्मा दृढनिश्चयः |मय्यर्पितमनोबुद्धिर्यो मद्भक्तः स मे प्रियः |,"Contented, ever steadfast in yoga, self-controlled, firm in determination, with mind and intellect dedicated to Me, he is dear to Me.",sanskrit,english
BG_12_14_en_sa,BG_12_14,"Contented, ever steadfast in yoga, self-controlled, firm in determination, with mind and intellect dedicated to Me, he is dear to Me.",सन्तुष्टः सततं योगी यतात्मा दृढनिश्चयः |मय्यर्पितमनोबुद्धिर्यो मद्भक्तः स मे प्रियः |,english,sanskrit
BG_12_15_sa_en,BG_12_15,यस्मान्नोद्विजते लोको लोकान्नोद्विजते च यः |हर्षामर्षभयोद्वेगैर्मुक्तो यः स च मे प्रियः |,"He who is not a source of annoyance to his fellow-creatures, and who in his turn does not feel vexed with fellow-creatures, and who is free from delight and envy perturbation and fear, is dear to Me.",sanskrit,english
BG_12_15_en_sa,BG_12_15,"He who is not a source of annoyance to his fellow-creatures, and who in his turn does not feel vexed with fellow-creatures, and who is free from delight and envy perturbation and fear, is dear to Me.",यस्मान्नोद्विजते लोको लोकान्नोद्विजते च यः |हर्षामर्षभयोद्वेगैर्मुक्तो यः स च मे प्रियः |,english,sanskrit
BG_12_17_sa_en,BG_12_17,यो न हृष्यति न द्वेष्टि न शोचति न काङ्क्षति |शुभाशुभपरित्यागी भक्तिमान्यः स मे प्रियः |,"He who neither rejoices nor hates, nor grieves, nor desires and who renounces both good and evil actions and is full of devotion, is dear to Me.",sanskrit,english
BG_12_17_en_sa,BG_12_17,"He who neither rejoices nor hates, nor grieves, nor desires and who renounces both good and evil actions and is full of devotion, is dear to Me.",यो न हृष्यति न द्वेष्टि न शोचति न काङ्क्षति |शुभाशुभपरित्यागी भक्तिमान्यः स मे प्रियः |,english,sanskrit
BG_12_18_sa_en,BG_12_18,समः शत्रौ च मित्रे च तथा मानापमानयोः |शीतोष्णसुखदुःखेषु समः सङ्गविवर्जितः |,"He who is alike to friend and foe, as well as to honour and ignominy, who remains balanced in heat and cold, pleasure and pain and other contrary experiences, and is free from attachment.",sanskrit,english
BG_12_18_en_sa,BG_12_18,"He who is alike to friend and foe, as well as to honour and ignominy, who remains balanced in heat and cold, pleasure and pain and other contrary experiences, and is free from attachment.",समः शत्रौ च मित्रे च तथा मानापमानयोः |शीतोष्णसुखदुःखेषु समः सङ्गविवर्जितः |,english,sanskrit
BG_12_19_sa_en,BG_12_19,तुल्यनिन्दास्तुतिर्मौनी सन्तुष्टो येन केनचित् |अनिकेतः स्थिरमतिर्भक्तिमान्मे प्रियो नरः |,"He who takes praise and reproach alike, and is given to contemplation and contented with any means of subsistence whatsoever, entertaining no sense of ownership and attachment in respect of his dwelling place and full of devotion to Me, that man is dear to Me.",sanskrit,english
BG_12_19_en_sa,BG_12_19,"He who takes praise and reproach alike, and is given to contemplation and contented with any means of subsistence whatsoever, entertaining no sense of ownership and attachment in respect of his dwelling place and full of devotion to Me, that man is dear to Me.",तुल्यनिन्दास्तुतिर्मौनी सन्तुष्टो येन केनचित् |अनिकेतः स्थिरमतिर्भक्तिमान्मे प्रियो नरः |,english,sanskrit
BG_12_20_sa_en,BG_12_20,ये तु धर्म्यामृतमिदं यथोक्तं पर्युपासते |श्रद्दधाना मत्परमा भक्तास्तेऽतीव मे प्रियाः |,"Those devotees, however, who partake in a disinterested way of this nectar of pious wisdom set forth above, endowed with faith and solely devoted to Me, they are extremely dear to me.",sanskrit,english
BG_12_20_en_sa,BG_12_20,"Those devotees, however, who partake in a disinterested way of this nectar of pious wisdom set forth above, endowed with faith and solely devoted to Me, they are extremely dear to me.",ये तु धर्म्यामृतमिदं यथोक्तं पर्युपासते |श्रद्दधाना मत्परमा भक्तास्तेऽतीव मे प्रियाः |,english,sanskrit
BG_13_1_sa_en,BG_13_1,अर्जुन उवाच |प्रकृतिं पुरुषं चैव क्षेत्रं क्षेत्रज्ञमेव च |एतद्वेदितुमिच्छामि ज्ञानं ज्ञेयं च केशव |,"Arjuna said I wish to learn about Natureand the Spirit, the field and the knower of the field, knowledge and that which ought to be known, O Keshava",sanskrit,english
BG_13_1_en_sa,BG_13_1,"Arjuna said I wish to learn about Natureand the Spirit, the field and the knower of the field, knowledge and that which ought to be known, O Keshava",अर्जुन उवाच |प्रकृतिं पुरुषं चैव क्षेत्रं क्षेत्रज्ञमेव च |एतद्वेदितुमिच्छामि ज्ञानं ज्ञेयं च केशव |,english,sanskrit
BG_13_2_sa_en,BG_13_2,श्रीभगवानुवाच |इदं शरीरं कौन्तेय क्षेत्रमित्यभिधीयते |एतद्यो वेत्ति तं प्राहुः क्षेत्रज्ञ इति तद्विदः |,"Sri Bhagavan said: This body, Arjuna, is termed as the Field; and him who knows it, the sages discerning the truth about both refer to as the knower of the Field.",sanskrit,english
BG_13_2_en_sa,BG_13_2,"Sri Bhagavan said: This body, Arjuna, is termed as the Field; and him who knows it, the sages discerning the truth about both refer to as the knower of the Field.",श्रीभगवानुवाच |इदं शरीरं कौन्तेय क्षेत्रमित्यभिधीयते |एतद्यो वेत्ति तं प्राहुः क्षेत्रज्ञ इति तद्विदः |,english,sanskrit
BG_13_3_sa_en,BG_13_3,क्षेत्रज्ञं चापि मां विद्धि सर्वक्षेत्रेषु भारत |क्षेत्रक्षेत्रज्ञयोर्ज्ञानं यत्तज्ज्ञानं मतं मम |,"Know Myself to be the Ksetrajñaalso in all the Ksetras, Arjuna. And it is the knowledge of Ksetra and Ksetrajñawhich I consider as Wisdom.",sanskrit,english
BG_13_3_en_sa,BG_13_3,"Know Myself to be the Ksetrajñaalso in all the Ksetras, Arjuna. And it is the knowledge of Ksetra and Ksetrajñawhich I consider as Wisdom.",क्षेत्रज्ञं चापि मां विद्धि सर्वक्षेत्रेषु भारत |क्षेत्रक्षेत्रज्ञयोर्ज्ञानं यत्तज्ज्ञानं मतं मम |,english,sanskrit
BG_13_4_sa_en,BG_13_4,तत्क्षेत्रं यच्च यादृक्च यद्विकारि यतश्च यत् |स च यो यत्प्रभावश्च तत्समासेन मे शृणु |,"What that Ksetra is and what it is like; and also what are its evolutes, again, whence is what, and also finally who that Ksetrajna is and what is his glory—hear all this from Me in a nutshell.",sanskrit,english
BG_13_4_en_sa,BG_13_4,"What that Ksetra is and what it is like; and also what are its evolutes, again, whence is what, and also finally who that Ksetrajna is and what is his glory—hear all this from Me in a nutshell.",तत्क्षेत्रं यच्च यादृक्च यद्विकारि यतश्च यत् |स च यो यत्प्रभावश्च तत्समासेन मे शृणु |,english,sanskrit
BG_13_6_sa_en,BG_13_6,महाभूतान्यहंकारो बुद्धिरव्यक्तमेव च |इन्द्रियाणि दशैकं च पञ्च चेन्द्रियगोचराः |,"The five elements, the ego, the intellect, the Unmanifest, the ten organs, the mind, and the five objects of sense;—",sanskrit,english
BG_13_6_en_sa,BG_13_6,"The five elements, the ego, the intellect, the Unmanifest, the ten organs, the mind, and the five objects of sense;—",महाभूतान्यहंकारो बुद्धिरव्यक्तमेव च |इन्द्रियाणि दशैकं च पञ्च चेन्द्रियगोचराः |,english,sanskrit
BG_13_7_sa_en,BG_13_7,इच्छा द्वेषः सुखं दुःखं संघातश्चेतना धृतिः |एतत्क्षेत्रं समासेन सविकारमुदाहृतम् |,"Also desire, aversion, pleasure, pain the physical body, consciousness, firmness: thus is the Ksetra, with its evolutes, briefly states.",sanskrit,english
BG_13_7_en_sa,BG_13_7,"Also desire, aversion, pleasure, pain the physical body, consciousness, firmness: thus is the Ksetra, with its evolutes, briefly states.",इच्छा द्वेषः सुखं दुःखं संघातश्चेतना धृतिः |एतत्क्षेत्रं समासेन सविकारमुदाहृतम् |,english,sanskrit
BG_13_8_sa_en,BG_13_8,अमानित्वमदम्भित्वमहिंसा क्षान्तिरार्जवम् |आचार्योपासनं शौचं स्थैर्यमात्मविनिग्रहः |,"Absence of pride, freedom from hypocrisy, non-violence, forbearance, straightness of body, speech and mind, devout service of the preceptor, internal and external purity, steadfastness of mind and control of body, mind and the senses.",sanskrit,english
BG_13_8_en_sa,BG_13_8,"Absence of pride, freedom from hypocrisy, non-violence, forbearance, straightness of body, speech and mind, devout service of the preceptor, internal and external purity, steadfastness of mind and control of body, mind and the senses.",अमानित्वमदम्भित्वमहिंसा क्षान्तिरार्जवम् |आचार्योपासनं शौचं स्थैर्यमात्मविनिग्रहः |,english,sanskrit
BG_13_9_sa_en,BG_13_9,इन्द्रियार्थेषु वैराग्यमनहंकार एव च |जन्ममृत्युजराव्याधिदुःखदोषानुदर्शनम् |,"Dispassion towards the objects of the senses, absence of ego, and contemplation of the miseries born of birth, death, old age, disease and faults.",sanskrit,english
BG_13_9_en_sa,BG_13_9,"Dispassion towards the objects of the senses, absence of ego, and contemplation of the miseries born of birth, death, old age, disease and faults.",इन्द्रियार्थेषु वैराग्यमनहंकार एव च |जन्ममृत्युजराव्याधिदुःखदोषानुदर्शनम् |,english,sanskrit
BG_13_11_sa_en,BG_13_11,मयि चानन्ययोगेन भक्तिरव्यभिचारिणी |विविक्तदेशसेवित्वमरतिर्जनसंसदि |,"Devotion to Me, which is unwavering by other engagements, residing in a secluded place, free from material desires, and without love for the society of materialistic persons;",sanskrit,english
BG_13_11_en_sa,BG_13_11,"Devotion to Me, which is unwavering by other engagements, residing in a secluded place, free from material desires, and without love for the society of materialistic persons;",मयि चानन्ययोगेन भक्तिरव्यभिचारिणी |विविक्तदेशसेवित्वमरतिर्जनसंसदि |,english,sanskrit
BG_13_12_sa_en,BG_13_12,अध्यात्मज्ञाननित्यत्वं तत्त्वज्ञानार्थदर्शनम् |एतज्ज्ञानमिति प्रोक्तमज्ञानं यदतोऽन्यथा |,"Fixity in self-knowledge and seeing God as the object of true knowledge, all this is declared as knowledge; and what is other than this is called ignorance.",sanskrit,english
BG_13_12_en_sa,BG_13_12,"Fixity in self-knowledge and seeing God as the object of true knowledge, all this is declared as knowledge; and what is other than this is called ignorance.",अध्यात्मज्ञाननित्यत्वं तत्त्वज्ञानार्थदर्शनम् |एतज्ज्ञानमिति प्रोक्तमज्ञानं यदतोऽन्यथा |,english,sanskrit
BG_13_13_sa_en,BG_13_13,ज्ञेयं यत्तत्प्रवक्ष्यामि यज्ज्ञात्वामृतमश्नुते |अनादिमत्परं ब्रह्म न सत्तन्नासदुच्यते |,"That which is to be known, which when known one attains immortality, is the beginningless supreme Brahman; there is nothing like it anywhere. I shall speak to you at length about that which ought to be known, and knowing which one attains supreme Bliss. That supreme Brahma, who is the lord of beginning less entities, is said to be neither Satnor Asat.",sanskrit,english
BG_13_13_en_sa,BG_13_13,"That which is to be known, which when known one attains immortality, is the beginningless supreme Brahman; there is nothing like it anywhere. I shall speak to you at length about that which ought to be known, and knowing which one attains supreme Bliss. That supreme Brahma, who is the lord of beginning less entities, is said to be neither Satnor Asat.",ज्ञेयं यत्तत्प्रवक्ष्यामि यज्ज्ञात्वामृतमश्नुते |अनादिमत्परं ब्रह्म न सत्तन्नासदुच्यते |,english,sanskrit
BG_13_14_sa_en,BG_13_14,सर्वतः पाणिपादं तत्सर्वतोऽक्षिशिरोमुखम् |सर्वतः श्रुतिमल्लोके सर्वमावृत्य तिष्ठति |,"It has hands and feet on all sides, eyes, head and mouth in all directions, and ears all round; for it stands pervading all in the universe.",sanskrit,english
BG_13_14_en_sa,BG_13_14,"It has hands and feet on all sides, eyes, head and mouth in all directions, and ears all round; for it stands pervading all in the universe.",सर्वतः पाणिपादं तत्सर्वतोऽक्षिशिरोमुखम् |सर्वतः श्रुतिमल्लोके सर्वमावृत्य तिष्ठति |,english,sanskrit
BG_13_15_sa_en,BG_13_15,सर्वेन्द्रियगुणाभासं सर्वेन्द्रियविवर्जितम् |असक्तं सर्वभृच्चैव निर्गुणं गुणभोक्तृ च |,"Though perceiving all sense-objects it is, really speaking, devoid of all senses. Nay, though unattached, it is the sustainer of all nonetheless; and though attributeless, it is the enjoyer of qualities.",sanskrit,english
BG_13_15_en_sa,BG_13_15,"Though perceiving all sense-objects it is, really speaking, devoid of all senses. Nay, though unattached, it is the sustainer of all nonetheless; and though attributeless, it is the enjoyer of qualities.",सर्वेन्द्रियगुणाभासं सर्वेन्द्रियविवर्जितम् |असक्तं सर्वभृच्चैव निर्गुणं गुणभोक्तृ च |,english,sanskrit
BG_13_16_sa_en,BG_13_16,बहिरन्तश्च भूतानामचरं चरमेव च |सूक्ष्मत्वात्तदविज्ञेयं दूरस्थं चान्तिके च तत् |,"It exists without and within all beings, and constitutes the animate and inanimate creation as well. And by reason of Its subtlety, It is incomprehensible; it is close at hand and stand afar too.",sanskrit,english
BG_13_16_en_sa,BG_13_16,"It exists without and within all beings, and constitutes the animate and inanimate creation as well. And by reason of Its subtlety, It is incomprehensible; it is close at hand and stand afar too.",बहिरन्तश्च भूतानामचरं चरमेव च |सूक्ष्मत्वात्तदविज्ञेयं दूरस्थं चान्तिके च तत् |,english,sanskrit
BG_13_17_sa_en,BG_13_17,अविभक्तं च भूतेषु विभक्तमिव च स्थितम् |भूतभर्तृ च तज्ज्ञेयं ग्रसिष्णु प्रभविष्णु च |,"Though integral like space in its undivided aspect. It appears divided as it were in all animate and inanimate beings. And that godhead, which is the only object worth knowing, is the sustainer of beings, the destroyerand the creator of all.",sanskrit,english
BG_13_17_en_sa,BG_13_17,"Though integral like space in its undivided aspect. It appears divided as it were in all animate and inanimate beings. And that godhead, which is the only object worth knowing, is the sustainer of beings, the destroyerand the creator of all.",अविभक्तं च भूतेषु विभक्तमिव च स्थितम् |भूतभर्तृ च तज्ज्ञेयं ग्रसिष्णु प्रभविष्णु च |,english,sanskrit
BG_13_18_sa_en,BG_13_18,ज्योतिषामपि तज्ज्योतिस्तमसः परमुच्यते |ज्ञानं ज्ञेयं ज्ञानगम्यं हृदि सर्वस्य विष्ठितम् |,"That is the light of all lights, beyond darkness; it is knowledge, the object of knowledge, and the goal of knowledge, the most subtle of all.",sanskrit,english
BG_13_18_en_sa,BG_13_18,"That is the light of all lights, beyond darkness; it is knowledge, the object of knowledge, and the goal of knowledge, the most subtle of all.",ज्योतिषामपि तज्ज्योतिस्तमसः परमुच्यते |ज्ञानं ज्ञेयं ज्ञानगम्यं हृदि सर्वस्य विष्ठितम् |,english,sanskrit
BG_13_19_sa_en,BG_13_19,इति क्षेत्रं तथा ज्ञानं ज्ञेयं चोक्तं समासतः |मद्भक्त एतद्विज्ञाय मद्भावायोपपद्यते |,"Thus the truth of the Ksetra and knowledge, as well as of the object worth knowing, God has been briefly discussed; knowing this in reality, My devotee enters into My Being.",sanskrit,english
BG_13_19_en_sa,BG_13_19,"Thus the truth of the Ksetra and knowledge, as well as of the object worth knowing, God has been briefly discussed; knowing this in reality, My devotee enters into My Being.",इति क्षेत्रं तथा ज्ञानं ज्ञेयं चोक्तं समासतः |मद्भक्त एतद्विज्ञाय मद्भावायोपपद्यते |,english,sanskrit
BG_13_20_sa_en,BG_13_20,प्रकृतिं पुरुषं चैव विद्ध्यनादी उभावपि |विकारांश्च गुणांश्चैव विद्धि प्रकृतिसम्भवान् |,"Prakrti and Purusha, know both these as beginningless, and know all modifications such as likes and dislikes etc. and all objects constituted of the three Gunas as born of Prakrti.",sanskrit,english
BG_13_20_en_sa,BG_13_20,"Prakrti and Purusha, know both these as beginningless, and know all modifications such as likes and dislikes etc. and all objects constituted of the three Gunas as born of Prakrti.",प्रकृतिं पुरुषं चैव विद्ध्यनादी उभावपि |विकारांश्च गुणांश्चैव विद्धि प्रकृतिसम्भवान् |,english,sanskrit
BG_13_21_sa_en,BG_13_21,कार्यकारणकर्तृत्वे हेतुः प्रकृतिरुच्यते |पुरुषः सुखदुःखानां भोक्तृत्वे हेतुरुच्यते |,Prakrti is said to be responsible for bringing forth the evolutes and the instruments; while the individual soul is declared to be the cause of experience of joys and sorrows.,sanskrit,english
BG_13_21_en_sa,BG_13_21,Prakrti is said to be responsible for bringing forth the evolutes and the instruments; while the individual soul is declared to be the cause of experience of joys and sorrows.,कार्यकारणकर्तृत्वे हेतुः प्रकृतिरुच्यते |पुरुषः सुखदुःखानां भोक्तृत्वे हेतुरुच्यते |,english,sanskrit
BG_13_24_sa_en,BG_13_24,य एवं वेत्ति पुरुषं प्रकृतिं च गुणैः सह |सर्वथा वर्तमानोऽपि न स भूयोऽभिजायते |,"He who thus knows the Purushaand Prakrtitogether with the Gunas,—even though performing his duties in every way, is never born again.",sanskrit,english
BG_13_24_en_sa,BG_13_24,"He who thus knows the Purushaand Prakrtitogether with the Gunas,—even though performing his duties in every way, is never born again.",य एवं वेत्ति पुरुषं प्रकृतिं च गुणैः सह |सर्वथा वर्तमानोऽपि न स भूयोऽभिजायते |,english,sanskrit
BG_13_25_sa_en,BG_13_25,ध्यानेनात्मनि पश्यन्ति केचिदात्मानमात्मना |अन्ये साङ्ख्येन योगेन कर्मयोगेन चापरे |,"Some by meditation behold the supreme Spirit in the heart with the help of their refined and sharp intellect; others realize It through the discipline of Knowledge, and others again, through the discipline of Action.",sanskrit,english
BG_13_25_en_sa,BG_13_25,"Some by meditation behold the supreme Spirit in the heart with the help of their refined and sharp intellect; others realize It through the discipline of Knowledge, and others again, through the discipline of Action.",ध्यानेनात्मनि पश्यन्ति केचिदात्मानमात्मना |अन्ये साङ्ख्येन योगेन कर्मयोगेन चापरे |,english,sanskrit
BG_13_27_sa_en,BG_13_27,यावत्सञ्जायते किञ्चित्सत्त्वं स्थावरजङ्गमम् |क्षेत्रक्षेत्रज्ञसंयोगात्तद्विद्धि भरतर्षभ |,"Arjuna, whatsoever being, animate or inanimate, is born, know it as emanated from the union of Ksetraand the ksetrajña.",sanskrit,english
BG_13_27_en_sa,BG_13_27,"Arjuna, whatsoever being, animate or inanimate, is born, know it as emanated from the union of Ksetraand the ksetrajña.",यावत्सञ्जायते किञ्चित्सत्त्वं स्थावरजङ्गमम् |क्षेत्रक्षेत्रज्ञसंयोगात्तद्विद्धि भरतर्षभ |,english,sanskrit
BG_13_28_sa_en,BG_13_28,समं सर्वेषु भूतेषु तिष्ठन्तं परमेश्वरम् |विनश्यत्स्वविनश्यन्तं यः पश्यति स पश्यति |,"He alone truly sees, who sees the supreme Lord as imperishable and abiding equally in all perishable beings, both animate and inanimate",sanskrit,english
BG_13_28_en_sa,BG_13_28,"He alone truly sees, who sees the supreme Lord as imperishable and abiding equally in all perishable beings, both animate and inanimate",समं सर्वेषु भूतेषु तिष्ठन्तं परमेश्वरम् |विनश्यत्स्वविनश्यन्तं यः पश्यति स पश्यति |,english,sanskrit
BG_13_29_sa_en,BG_13_29,समं पश्यन्हि सर्वत्र समवस्थितमीश्वरम् |न हिनस्त्यात्मनात्मानं ततो याति परां गतिम् |,"For, he who kills not himself by himself be seeing the supreme Lord, equally present in all, as one, thereby reaches the supreme state.",sanskrit,english
BG_13_29_en_sa,BG_13_29,"For, he who kills not himself by himself be seeing the supreme Lord, equally present in all, as one, thereby reaches the supreme state.",समं पश्यन्हि सर्वत्र समवस्थितमीश्वरम् |न हिनस्त्यात्मनात्मानं ततो याति परां गतिम् |,english,sanskrit
BG_13_31_sa_en,BG_13_31,यदा भूतपृथग्भावमेकस्थमनुपश्यति |तत एव च विस्तारं ब्रह्म सम्पद्यते तदा |,"The moment man perceives the diversified existence of beings as rooted in the one supreme Spirit, and the spreading forth of all beings from the same, that very moment he attains Brahma.",sanskrit,english
BG_13_31_en_sa,BG_13_31,"The moment man perceives the diversified existence of beings as rooted in the one supreme Spirit, and the spreading forth of all beings from the same, that very moment he attains Brahma.",यदा भूतपृथग्भावमेकस्थमनुपश्यति |तत एव च विस्तारं ब्रह्म सम्पद्यते तदा |,english,sanskrit
BG_13_32_sa_en,BG_13_32,अनादित्वान्निर्गुणत्वात्परमात्मायमव्ययः |शरीरस्थोऽपि कौन्तेय न करोति न लिप्यते |,"O Arjuna! Being without beginning and devoid of qualities, this imperishable Supreme Soul, though residing in the body, neither acts nor is affected.",sanskrit,english
BG_13_32_en_sa,BG_13_32,"O Arjuna! Being without beginning and devoid of qualities, this imperishable Supreme Soul, though residing in the body, neither acts nor is affected.",अनादित्वान्निर्गुणत्वात्परमात्मायमव्ययः |शरीरस्थोऽपि कौन्तेय न करोति न लिप्यते |,english,sanskrit
BG_13_34_sa_en,BG_13_34,यथा प्रकाशयत्येकः कृत्स्नं लोकमिमं रविः |क्षेत्रं क्षेत्री तथा कृत्स्नं प्रकाशयति भारत |,"O Arjuna! Just as the one sun illuminates the entire world, in the same way, the one Self illuminates the entire field.",sanskrit,english
BG_13_34_en_sa,BG_13_34,"O Arjuna! Just as the one sun illuminates the entire world, in the same way, the one Self illuminates the entire field.",यथा प्रकाशयत्येकः कृत्स्नं लोकमिमं रविः |क्षेत्रं क्षेत्री तथा कृत्स्नं प्रकाशयति भारत |,english,sanskrit
BG_13_35_sa_en,BG_13_35,क्षेत्रक्षेत्रज्ञयोरेवमन्तरं ज्ञानचक्षुषा |\nभूतप्रकृतिमोक्षं च ये विदुर्यान्ति ते परम्,"Arjuna, as the one sun illumines this entire universe, so the one Atmaillumines the whole Ksetra.",sanskrit,english
BG_13_35_en_sa,BG_13_35,"Arjuna, as the one sun illumines this entire universe, so the one Atmaillumines the whole Ksetra.",क्षेत्रक्षेत्रज्ञयोरेवमन्तरं ज्ञानचक्षुषा |\nभूतप्रकृतिमोक्षं च ये विदुर्यान्ति ते परम्,english,sanskrit
BG_14_2_sa_en,BG_14_2,इदं ज्ञानमुपाश्रित्य मम साधर्म्यमागताः |सर्गेऽपि नोपजायन्ते प्रलये न व्यथन्ति च |,"Those who, by practising this wisdom, have entered into My Being are not born again at the cosmic dawn nor feel disturbed even during the cosmic night.",sanskrit,english
BG_14_2_en_sa,BG_14_2,"Those who, by practising this wisdom, have entered into My Being are not born again at the cosmic dawn nor feel disturbed even during the cosmic night.",इदं ज्ञानमुपाश्रित्य मम साधर्म्यमागताः |सर्गेऽपि नोपजायन्ते प्रलये न व्यथन्ति च |,english,sanskrit
BG_14_3_sa_en,BG_14_3,मम योनिर्महद् ब्रह्म तस्मिन्गर्भं दधाम्यहम् |सम्भवः सर्वभूतानां ततो भवति भारत |,"My primordial Nature, known as the great Brahman, is the womb from which all beings are born, O Bharata. I place the seed of consciousness in that womb, and from the union of the inert and the conscious, all beings come into existence.",sanskrit,english
BG_14_3_en_sa,BG_14_3,"My primordial Nature, known as the great Brahman, is the womb from which all beings are born, O Bharata. I place the seed of consciousness in that womb, and from the union of the inert and the conscious, all beings come into existence.",मम योनिर्महद् ब्रह्म तस्मिन्गर्भं दधाम्यहम् |सम्भवः सर्वभूतानां ततो भवति भारत |,english,sanskrit
BG_14_4_sa_en,BG_14_4,सर्वयोनिषु कौन्तेय मूर्तयः सम्भवन्ति याः |तासां ब्रह्म महद्योनिरहं बीजप्रदः पिता |,"Of all embodied beings that appear in all the species of various kinds Arjuna, Prakrti, or Nature is the conceiving Mother, while I am the seed-giving Father.",sanskrit,english
BG_14_4_en_sa,BG_14_4,"Of all embodied beings that appear in all the species of various kinds Arjuna, Prakrti, or Nature is the conceiving Mother, while I am the seed-giving Father.",सर्वयोनिषु कौन्तेय मूर्तयः सम्भवन्ति याः |तासां ब्रह्म महद्योनिरहं बीजप्रदः पिता |,english,sanskrit
BG_14_5_sa_en,BG_14_5,सत्त्वं रजस्तम इति गुणाः प्रकृतिसम्भवाः |निबध्नन्ति महाबाहो देहे देहिनमव्ययम् |,"Sattva, Rajas and Tamas—these three qualities born of Prakriti bind the imperishable soul to the body, O mighty-armed Arjuna.",sanskrit,english
BG_14_5_en_sa,BG_14_5,"Sattva, Rajas and Tamas—these three qualities born of Prakriti bind the imperishable soul to the body, O mighty-armed Arjuna.",सत्त्वं रजस्तम इति गुणाः प्रकृतिसम्भवाः |निबध्नन्ति महाबाहो देहे देहिनमव्ययम् |,english,sanskrit
BG_14_6_sa_en,BG_14_6,तत्र सत्त्वं निर्मलत्वात्प्रकाशकमनामयम् |सुखसङ्गेन बध्नाति ज्ञानसङ्गेन चानघ |,"Of these Sattva, being immaculate, is illuminating and flawless, Arjuna; it binds through identification with joy and wisdom.",sanskrit,english
BG_14_6_en_sa,BG_14_6,"Of these Sattva, being immaculate, is illuminating and flawless, Arjuna; it binds through identification with joy and wisdom.",तत्र सत्त्वं निर्मलत्वात्प्रकाशकमनामयम् |सुखसङ्गेन बध्नाति ज्ञानसङ्गेन चानघ |,english,sanskrit
BG_14_7_sa_en,BG_14_7,रजो रागात्मकं विद्धि तृष्णासङ्गसमुद्भवम् |तन्निबध्नाति कौन्तेय कर्मसङ्गेन देहिनम् |,"Know that Rajas, which is passionate, born of desire and attachment, O son of Kunti, binds the embodied soul by attachment to actions and their fruits.",sanskrit,english
BG_14_7_en_sa,BG_14_7,"Know that Rajas, which is passionate, born of desire and attachment, O son of Kunti, binds the embodied soul by attachment to actions and their fruits.",रजो रागात्मकं विद्धि तृष्णासङ्गसमुद्भवम् |तन्निबध्नाति कौन्तेय कर्मसङ्गेन देहिनम् |,english,sanskrit
BG_14_9_sa_en,BG_14_9,सत्त्वं सुखे सञ्जयति रजः कर्मणि भारत |ज्ञानमावृत्य तु तमः प्रमादे सञ्जयत्युत |,"Sattva, O Bharata, is engaged in happiness; Rajas in action; and Tamas, born of ignorance, deludes all beings by causing error.",sanskrit,english
BG_14_9_en_sa,BG_14_9,"Sattva, O Bharata, is engaged in happiness; Rajas in action; and Tamas, born of ignorance, deludes all beings by causing error.",सत्त्वं सुखे सञ्जयति रजः कर्मणि भारत |ज्ञानमावृत्य तु तमः प्रमादे सञ्जयत्युत |,english,sanskrit
BG_14_13_sa_en,BG_14_13,अप्रकाशोऽप्रवृत्तिश्च प्रमादो मोह एव च |तमस्येतानि जायन्ते विवृद्धे कुरुनन्दन |,"With the growth of Tamas, Arjuna, obtuseness of the mind and senses, disinclination to perform one’s obligatory duties, frivolity and stupor—all these appear.",sanskrit,english
BG_14_13_en_sa,BG_14_13,"With the growth of Tamas, Arjuna, obtuseness of the mind and senses, disinclination to perform one’s obligatory duties, frivolity and stupor—all these appear.",अप्रकाशोऽप्रवृत्तिश्च प्रमादो मोह एव च |तमस्येतानि जायन्ते विवृद्धे कुरुनन्दन |,english,sanskrit
BG_14_14_sa_en,BG_14_14,यदा सत्त्वे प्रवृद्धे तु प्रलयं याति देहभृत् |तदोत्तमविदां लोकानमलान्प्रतिपद्यते |,"When a man dies during the preponderance of Sattva, he obtains the stainless ethereal worldattained by men of noble deeds.",sanskrit,english
BG_14_14_en_sa,BG_14_14,"When a man dies during the preponderance of Sattva, he obtains the stainless ethereal worldattained by men of noble deeds.",यदा सत्त्वे प्रवृद्धे तु प्रलयं याति देहभृत् |तदोत्तमविदां लोकानमलान्प्रतिपद्यते |,english,sanskrit
BG_14_15_sa_en,BG_14_15,रजसि प्रलयं गत्वा कर्मसङ्गिषु जायते |तथा प्रलीनस्तमसि मूढयोनिषु जायते |,"Dying when Rajas predominates, he is born among those attached to action; even so the man who has expired during the preponderance of Tamas is reborn in the species of stupid creatures, such as insects, and beasts etc.",sanskrit,english
BG_14_15_en_sa,BG_14_15,"Dying when Rajas predominates, he is born among those attached to action; even so the man who has expired during the preponderance of Tamas is reborn in the species of stupid creatures, such as insects, and beasts etc.",रजसि प्रलयं गत्वा कर्मसङ्गिषु जायते |तथा प्रलीनस्तमसि मूढयोनिषु जायते |,english,sanskrit
BG_14_16_sa_en,BG_14_16,कर्मणः सुकृतस्याहुः सात्त्विकं निर्मलं फलम् |रजसस्तु फलं दुःखमज्ञानं तमसः फलम् |,"The reward of a righteous act, they say, is Sattvika and faultless; sorrow is declared to be the fruit of a Rajasika act and ignorance, the fruit of a Tamasika act.",sanskrit,english
BG_14_16_en_sa,BG_14_16,"The reward of a righteous act, they say, is Sattvika and faultless; sorrow is declared to be the fruit of a Rajasika act and ignorance, the fruit of a Tamasika act.",कर्मणः सुकृतस्याहुः सात्त्विकं निर्मलं फलम् |रजसस्तु फलं दुःखमज्ञानं तमसः फलम् |,english,sanskrit
BG_14_17_sa_en,BG_14_17,सत्त्वात्सञ्जायते ज्ञानं रजसो लोभ एव च |प्रमादमोहौ तमसो भवतोऽज्ञानमेव च |,"Wisdom follows from Sattva, and greed, undoubtedly, from Rajas, likewise obstinate error, stupor and also ignorance follow from Tamas.",sanskrit,english
BG_14_17_en_sa,BG_14_17,"Wisdom follows from Sattva, and greed, undoubtedly, from Rajas, likewise obstinate error, stupor and also ignorance follow from Tamas.",सत्त्वात्सञ्जायते ज्ञानं रजसो लोभ एव च |प्रमादमोहौ तमसो भवतोऽज्ञानमेव च |,english,sanskrit
BG_14_18_sa_en,BG_14_18,ऊर्ध्वं गच्छन्ति सत्त्वस्था मध्ये तिष्ठन्ति राजसाः |जघन्यगुणवृत्तिस्था अधो गच्छन्ति तामसाः |,Those established in Sattva ascend upwards; those in Rajas remain in the middle; and those in Tamas go downwards.,sanskrit,english
BG_14_18_en_sa,BG_14_18,Those established in Sattva ascend upwards; those in Rajas remain in the middle; and those in Tamas go downwards.,ऊर्ध्वं गच्छन्ति सत्त्वस्था मध्ये तिष्ठन्ति राजसाः |जघन्यगुणवृत्तिस्था अधो गच्छन्ति तामसाः |,english,sanskrit
BG_14_19_sa_en,BG_14_19,नान्यं गुणेभ्यः कर्तारं यदा द्रष्टानुपश्यति |गुणेभ्यश्च परं वेत्ति मद्भावं सोऽधिगच्छति |,"When the seer perceives no agent other than the three Gunas; and realizes Me, the supreme Spirit standing entirely beyond these Gunas, he enters into My Being.",sanskrit,english
BG_14_19_en_sa,BG_14_19,"When the seer perceives no agent other than the three Gunas; and realizes Me, the supreme Spirit standing entirely beyond these Gunas, he enters into My Being.",नान्यं गुणेभ्यः कर्तारं यदा द्रष्टानुपश्यति |गुणेभ्यश्च परं वेत्ति मद्भावं सोऽधिगच्छति |,english,sanskrit
BG_14_20_sa_en,BG_14_20,गुणानेतानतीत्य त्रीन्देही देहसमुद्भवान् |जन्ममृत्युजरादुःखैर्विमुक्तोऽमृतमश्नुते |,"Having transcended the aforesaid three Gunas, which have caused the body, and freed from birth, death, old age and all kinds of sorrow, this soul attains supreme bliss.",sanskrit,english
BG_14_20_en_sa,BG_14_20,"Having transcended the aforesaid three Gunas, which have caused the body, and freed from birth, death, old age and all kinds of sorrow, this soul attains supreme bliss.",गुणानेतानतीत्य त्रीन्देही देहसमुद्भवान् |जन्ममृत्युजरादुःखैर्विमुक्तोऽमृतमश्नुते |,english,sanskrit
BG_14_21_sa_en,BG_14_21,अर्जुन उवाच |कैर्लिङ्गैस्त्रीन्गुणानेतानतीतो भवति प्रभो |किमाचारः कथं चैतांस्त्रीन्गुणानतिवर्तते |,"Arjuna said: What are the marks of him who has risen above the three Gunas, and what is his conduct? And how, Lord, does he rise above the three Gunas?",sanskrit,english
BG_14_21_en_sa,BG_14_21,"Arjuna said: What are the marks of him who has risen above the three Gunas, and what is his conduct? And how, Lord, does he rise above the three Gunas?",अर्जुन उवाच |कैर्लिङ्गैस्त्रीन्गुणानेतानतीतो भवति प्रभो |किमाचारः कथं चैतांस्त्रीन्गुणानतिवर्तते |,english,sanskrit
BG_14_22_sa_en,BG_14_22,श्रीभगवानुवाच |प्रकाशं च प्रवृत्तिं च मोहमेव च पाण्डव |न द्वेष्टि सम्प्रवृत्तानि न निवृत्तानि काङ्क्षति |,"Shree Bhagavan said: Arjuna, he who hates not lightand activityand even stupor, when prevalent, nor longs for them when they have ceased.",sanskrit,english
BG_14_22_en_sa,BG_14_22,"Shree Bhagavan said: Arjuna, he who hates not lightand activityand even stupor, when prevalent, nor longs for them when they have ceased.",श्रीभगवानुवाच |प्रकाशं च प्रवृत्तिं च मोहमेव च पाण्डव |न द्वेष्टि सम्प्रवृत्तानि न निवृत्तानि काङ्क्षति |,english,sanskrit
BG_14_23_sa_en,BG_14_23,उदासीनवदासीनो गुणैर्यो न विचाल्यते |गुणा वर्तन्त इत्येवं योऽवतिष्ठति नेङ्गते |,"He who is indifferent to the modes of nature, and who remains unshaken, knowing that the modes act on the modes, remains established in the Self and is never shaken.",sanskrit,english
BG_14_23_en_sa,BG_14_23,"He who is indifferent to the modes of nature, and who remains unshaken, knowing that the modes act on the modes, remains established in the Self and is never shaken.",उदासीनवदासीनो गुणैर्यो न विचाल्यते |गुणा वर्तन्त इत्येवं योऽवतिष्ठति नेङ्गते |,english,sanskrit
BG_14_24_sa_en,BG_14_24,समदुःखसुखः स्वस्थः समलोष्टाश्मकाञ्चनः |तुल्यप्रियाप्रियो धीरस्तुल्यनिन्दात्मसंस्तुतिः |,"He who is ever established in the Self, takes woe and joy alike, regards a clod of earth, a stone and a piece of gold as equal in value, is possessed of wisdom, perceives the pleasant as well as the unpleasant in the same spirit, and views censure and praise alike.",sanskrit,english
BG_14_24_en_sa,BG_14_24,"He who is ever established in the Self, takes woe and joy alike, regards a clod of earth, a stone and a piece of gold as equal in value, is possessed of wisdom, perceives the pleasant as well as the unpleasant in the same spirit, and views censure and praise alike.",समदुःखसुखः स्वस्थः समलोष्टाश्मकाञ्चनः |तुल्यप्रियाप्रियो धीरस्तुल्यनिन्दात्मसंस्तुतिः |,english,sanskrit
BG_14_25_sa_en,BG_14_25,मानापमानयोस्तुल्यस्तुल्यो मित्रारिपक्षयोः |सर्वारम्भपरित्यागी गुणातीतः स उच्यते |,"He who is indifferent to honour and ignominy; is alike to the cause of a friend as well as to that of an enemy, and has renounced the senses of doership in all undertakings, is said to have risen above the three Gunas.",sanskrit,english
BG_14_25_en_sa,BG_14_25,"He who is indifferent to honour and ignominy; is alike to the cause of a friend as well as to that of an enemy, and has renounced the senses of doership in all undertakings, is said to have risen above the three Gunas.",मानापमानयोस्तुल्यस्तुल्यो मित्रारिपक्षयोः |सर्वारम्भपरित्यागी गुणातीतः स उच्यते |,english,sanskrit
BG_14_26_sa_en,BG_14_26,मां च योऽव्यभिचारेण भक्तियोगेन सेवते |स गुणान्समतीत्यैतान्ब्रह्मभूयाय कल्पते |,"He too who constantly worships Me through the Yoga of exclusive devotion,—transcending these three Gunas, becomes eligible for attaining Brahma.",sanskrit,english
BG_14_26_en_sa,BG_14_26,"He too who constantly worships Me through the Yoga of exclusive devotion,—transcending these three Gunas, becomes eligible for attaining Brahma.",मां च योऽव्यभिचारेण भक्तियोगेन सेवते |स गुणान्समतीत्यैतान्ब्रह्मभूयाय कल्पते |,english,sanskrit
BG_14_27_sa_en,BG_14_27,ब्रह्मणो हि प्रतिष्ठाहममृतस्याव्ययस्य च |शाश्वतस्य च धर्मस्य सुखस्यैकान्तिकस्य च |,"For, I am the ground of the imperishable Brahma, of immortality, of the eternal virtue and of unending immutable bliss.",sanskrit,english
BG_14_27_en_sa,BG_14_27,"For, I am the ground of the imperishable Brahma, of immortality, of the eternal virtue and of unending immutable bliss.",ब्रह्मणो हि प्रतिष्ठाहममृतस्याव्ययस्य च |शाश्वतस्य च धर्मस्य सुखस्यैकान्तिकस्य च |,english,sanskrit
BG_15_1_sa_en,BG_15_1,श्रीभगवानुवाच |ऊर्ध्वमूलमधःशाखमश्वत्थं प्राहुरव्ययम् |छन्दांसि यस्य पर्णानि यस्तं वेद स वेदवित् |,"Shree Bhagavan said: He who knows the pipal tree; which is said to be imperishable, having its root above and branches below, and whose leaves are the Vedas—he alone knows the Vedas.",sanskrit,english
BG_15_1_en_sa,BG_15_1,"Shree Bhagavan said: He who knows the pipal tree; which is said to be imperishable, having its root above and branches below, and whose leaves are the Vedas—he alone knows the Vedas.",श्रीभगवानुवाच |ऊर्ध्वमूलमधःशाखमश्वत्थं प्राहुरव्ययम् |छन्दांसि यस्य पर्णानि यस्तं वेद स वेदवित् |,english,sanskrit
BG_15_2_sa_en,BG_15_2,अधश्चोर्ध्वं प्रसृतास्तस्य शाखागुणप्रवृद्धा विषयप्रवालाः |अधश्च मूलान्यनुसन्ततानिकर्मानुबन्धीनि मनुष्यलोके |,"Fed by the three Gunas and having sense-objects for their tender leaves, the branches of the aforesaid treeextend both downwards and upwards; and its roots, which bind the soul according to its action in the human body, are spread in all regions, higher as well as lower.",sanskrit,english
BG_15_2_en_sa,BG_15_2,"Fed by the three Gunas and having sense-objects for their tender leaves, the branches of the aforesaid treeextend both downwards and upwards; and its roots, which bind the soul according to its action in the human body, are spread in all regions, higher as well as lower.",अधश्चोर्ध्वं प्रसृतास्तस्य शाखागुणप्रवृद्धा विषयप्रवालाः |अधश्च मूलान्यनुसन्ततानिकर्मानुबन्धीनि मनुष्यलोके |,english,sanskrit
BG_15_3_sa_en,BG_15_3,न रूपमस्येह तथोपलभ्यतेनान्तो न चादिर्न च सम्प्रतिष्ठा |अश्वत्थमेनं सुविरूढमूलंअसङ्गशस्त्रेण दृढेन छित्त्वा |,"The nature of this tree of creation does not on mature thought turn out what it is represented to be; for it has neither beginning nor end, nor even stability. Therefore, felling this Pipal tree, which is most firmly rooted, with the formidable axe of dispassion.",sanskrit,english
BG_15_3_en_sa,BG_15_3,"The nature of this tree of creation does not on mature thought turn out what it is represented to be; for it has neither beginning nor end, nor even stability. Therefore, felling this Pipal tree, which is most firmly rooted, with the formidable axe of dispassion.",न रूपमस्येह तथोपलभ्यतेनान्तो न चादिर्न च सम्प्रतिष्ठा |अश्वत्थमेनं सुविरूढमूलंअसङ्गशस्त्रेण दृढेन छित्त्वा |,english,sanskrit
BG_15_5_sa_en,BG_15_5,निर्मानमोहा जितसङ्गदोषाअध्यात्मनित्या विनिवृत्तकामाः |द्वन्द्वैर्विमुक्ताः सुखदुःखसंज्ञैर्-गच्छन्त्यमूढाः पदमव्ययं तत् |,"Those who have conquered pride, attachment, and faults, who are always spiritual, who have renounced desires, who are free from dualities of pleasure and pain, who are free from delusion, and who are established in the imperishable state.",sanskrit,english
BG_15_5_en_sa,BG_15_5,"Those who have conquered pride, attachment, and faults, who are always spiritual, who have renounced desires, who are free from dualities of pleasure and pain, who are free from delusion, and who are established in the imperishable state.",निर्मानमोहा जितसङ्गदोषाअध्यात्मनित्या विनिवृत्तकामाः |द्वन्द्वैर्विमुक्ताः सुखदुःखसंज्ञैर्-गच्छन्त्यमूढाः पदमव्ययं तत् |,english,sanskrit
BG_15_6_sa_en,BG_15_6,न तद्भासयते सूर्यो न शशाङ्को न पावकः |यद्गत्वा न निवर्तन्ते तद्धाम परमं मम |,"Neither the sun nor the moon nor even fire can illumine that supreme self-effulgent state, attaining to which they never return to this world. That is My supreme Abode.",sanskrit,english
BG_15_6_en_sa,BG_15_6,"Neither the sun nor the moon nor even fire can illumine that supreme self-effulgent state, attaining to which they never return to this world. That is My supreme Abode.",न तद्भासयते सूर्यो न शशाङ्को न पावकः |यद्गत्वा न निवर्तन्ते तद्धाम परमं मम |,english,sanskrit
BG_15_7_sa_en,BG_15_7,ममैवांशो जीवलोके जीवभूतः सनातनः |मनःषष्ठानीन्द्रियाणि प्रकृतिस्थानि कर्षति |,"The eternal Jivatma in this body is a particle of My own being; and it is that alone which draws round itself the mind and the five senses, which rest in Prakrti.",sanskrit,english
BG_15_7_en_sa,BG_15_7,"The eternal Jivatma in this body is a particle of My own being; and it is that alone which draws round itself the mind and the five senses, which rest in Prakrti.",ममैवांशो जीवलोके जीवभूतः सनातनः |मनःषष्ठानीन्द्रियाणि प्रकृतिस्थानि कर्षति |,english,sanskrit
BG_15_8_sa_en,BG_15_8,शरीरं यदवाप्नोति यच्चाप्युत्क्रामतीश्वरः |गृहीत्वैतानि संयाति वायुर्गन्धानिवाशयात् |,"As the wind carries the scent from its source, so the living entity, who is the master of the body, leaves one body and takes hold of the senses with the mind and enters another body.",sanskrit,english
BG_15_8_en_sa,BG_15_8,"As the wind carries the scent from its source, so the living entity, who is the master of the body, leaves one body and takes hold of the senses with the mind and enters another body.",शरीरं यदवाप्नोति यच्चाप्युत्क्रामतीश्वरः |गृहीत्वैतानि संयाति वायुर्गन्धानिवाशयात् |,english,sanskrit
BG_15_9_sa_en,BG_15_9,श्रोत्रं चक्षुः स्पर्शनं च रसनं घ्राणमेव च |अधिष्ठाय मनश्चायं विषयानुपसेवते |,"It is while dwelling in the senses of hearing, sight, touch, taste and smell, as well as in the mind, Jivatma enjoys the objects of senses.",sanskrit,english
BG_15_9_en_sa,BG_15_9,"It is while dwelling in the senses of hearing, sight, touch, taste and smell, as well as in the mind, Jivatma enjoys the objects of senses.",श्रोत्रं चक्षुः स्पर्शनं च रसनं घ्राणमेव च |अधिष्ठाय मनश्चायं विषयानुपसेवते |,english,sanskrit
BG_15_12_sa_en,BG_15_12,यदादित्यगतं तेजो जगद्भासयतेऽखिलम् |यच्चन्द्रमसि यच्चाग्नौ तत्तेजो विद्धि मामकम् |,"The light in the sun, that illumines the entire solar world, and that which shines in the moon and that too which shines in the fire, know that light to be Mine.",sanskrit,english
BG_15_12_en_sa,BG_15_12,"The light in the sun, that illumines the entire solar world, and that which shines in the moon and that too which shines in the fire, know that light to be Mine.",यदादित्यगतं तेजो जगद्भासयतेऽखिलम् |यच्चन्द्रमसि यच्चाग्नौ तत्तेजो विद्धि मामकम् |,english,sanskrit
BG_15_13_sa_en,BG_15_13,गामाविश्य च भूतानि धारयाम्यहमोजसा |पुष्णामि चौषधीः सर्वाः सोमो भूत्वा रसात्मकः |,"And permeating the soil, it is I who support all creatures by My vital power; and becoming the nectarine moon, I nourish all pllants.",sanskrit,english
BG_15_13_en_sa,BG_15_13,"And permeating the soil, it is I who support all creatures by My vital power; and becoming the nectarine moon, I nourish all pllants.",गामाविश्य च भूतानि धारयाम्यहमोजसा |पुष्णामि चौषधीः सर्वाः सोमो भूत्वा रसात्मकः |,english,sanskrit
BG_15_14_sa_en,BG_15_14,अहं वैश्वानरो भूत्वा प्राणिनां देहमाश्रितः |प्राणापानसमायुक्तः पचाम्यन्नं चतुर्विधम् |,"Taking the form of fire lodged in the body of all creatures and united with the Pranaand Apanabreaths, it is I who consume the four kinds of food.",sanskrit,english
BG_15_14_en_sa,BG_15_14,"Taking the form of fire lodged in the body of all creatures and united with the Pranaand Apanabreaths, it is I who consume the four kinds of food.",अहं वैश्वानरो भूत्वा प्राणिनां देहमाश्रितः |प्राणापानसमायुक्तः पचाम्यन्नं चतुर्विधम् |,english,sanskrit
BG_15_15_sa_en,BG_15_15,सर्वस्य चाहं हृदि सन्निविष्टोमत्तः स्मृतिर्ज्ञानमपोहनञ्च |वेदैश्च सर्वैरहमेव वेद्योवेदान्तकृद्वेदविदेव चाहम् |,"I am seated in the hearts of all; I am the beginning, the middle and the end of knowledge. I am memory, knowledge and forgetfulness. I am indeed the knower of the Vedas, and the author of Vedanta, and the remover of doubts.",sanskrit,english
BG_15_15_en_sa,BG_15_15,"I am seated in the hearts of all; I am the beginning, the middle and the end of knowledge. I am memory, knowledge and forgetfulness. I am indeed the knower of the Vedas, and the author of Vedanta, and the remover of doubts.",सर्वस्य चाहं हृदि सन्निविष्टोमत्तः स्मृतिर्ज्ञानमपोहनञ्च |वेदैश्च सर्वैरहमेव वेद्योवेदान्तकृद्वेदविदेव चाहम् |,english,sanskrit
BG_15_16_sa_en,BG_15_16,द्वाविमौ पुरुषौ लोके क्षरश्चाक्षर एव च |क्षरः सर्वाणि भूतानि कूटस्थोऽक्षर उच्यते |,"The perishable and the imperishable too—these are the two kinds of Purushas in this world. Of these, the bodies of all beings are spoken of as the perishable; while the jivatma or the embodied soul is called imperishable.",sanskrit,english
BG_15_16_en_sa,BG_15_16,"The perishable and the imperishable too—these are the two kinds of Purushas in this world. Of these, the bodies of all beings are spoken of as the perishable; while the jivatma or the embodied soul is called imperishable.",द्वाविमौ पुरुषौ लोके क्षरश्चाक्षर एव च |क्षरः सर्वाणि भूतानि कूटस्थोऽक्षर उच्यते |,english,sanskrit
BG_15_17_sa_en,BG_15_17,उत्तमः पुरुषस्त्वन्यः परमात्मेत्युधाहृतः |यो लोकत्रयमाविश्य बिभर्त्यव्यय ईश्वरः |,"The Supreme Person is yet other than these, who, having entered all the three worlds, upholds and maintains all, and has been spoken of as the imperishable Lord and the supreme Spirit.",sanskrit,english
BG_15_17_en_sa,BG_15_17,"The Supreme Person is yet other than these, who, having entered all the three worlds, upholds and maintains all, and has been spoken of as the imperishable Lord and the supreme Spirit.",उत्तमः पुरुषस्त्वन्यः परमात्मेत्युधाहृतः |यो लोकत्रयमाविश्य बिभर्त्यव्यय ईश्वरः |,english,sanskrit
BG_15_18_sa_en,BG_15_18,यस्मात्क्षरमतीतोऽहमक्षरादपि चोत्तमः |अतोऽस्मि लोके वेदे च प्रथितः पुरुषोत्तमः |,"Since I am wholly beyond the perishable world of matter of Ksetra, and am superior even to the imperishable soul, hence I am well known in the world and in the Vedas as the Supreme Person.",sanskrit,english
BG_15_18_en_sa,BG_15_18,"Since I am wholly beyond the perishable world of matter of Ksetra, and am superior even to the imperishable soul, hence I am well known in the world and in the Vedas as the Supreme Person.",यस्मात्क्षरमतीतोऽहमक्षरादपि चोत्तमः |अतोऽस्मि लोके वेदे च प्रथितः पुरुषोत्तमः |,english,sanskrit
BG_15_20_sa_en,BG_15_20,इति गुह्यतमं शास्त्रमिदमुक्तं मयानघ |एतद्बुद्ध्वा बुद्धिमान्स्यात्कृतकृत्यश्च भारत |,"Arjuna, this most esoteric teaching has thus been imparted by Me; grasping it in essence man becomes wise and his mission in life is accomplished.",sanskrit,english
BG_15_20_en_sa,BG_15_20,"Arjuna, this most esoteric teaching has thus been imparted by Me; grasping it in essence man becomes wise and his mission in life is accomplished.",इति गुह्यतमं शास्त्रमिदमुक्तं मयानघ |एतद्बुद्ध्वा बुद्धिमान्स्यात्कृतकृत्यश्च भारत |,english,sanskrit
BG_16_1_sa_en,BG_16_1,श्रीभगवानुवाच |अभयं सत्त्वसंशुद्धिर्ज्ञानयोगव्यवस्थितिः |दानं दमश्च यज्ञश्च स्वाध्यायस्तप आर्जवम् |,"Absolute fearlessness, perfect purity of mind; constant fixity in the Yoga of meditation for the sake of Self-Realization, and even so charity in its Sattvika form, control of the senses, worship of god and other deities as well as of one’s elders including the performance of Agnihotraand other sacred duties, study and teaching of the Vedas and other sacred books as well as the chanting of God’s names and praises, suffering hardships for the discharge of one’s sacred obligations and straightness of mind as well as of the body and senses.",sanskrit,english
BG_16_1_en_sa,BG_16_1,"Absolute fearlessness, perfect purity of mind; constant fixity in the Yoga of meditation for the sake of Self-Realization, and even so charity in its Sattvika form, control of the senses, worship of god and other deities as well as of one’s elders including the performance of Agnihotraand other sacred duties, study and teaching of the Vedas and other sacred books as well as the chanting of God’s names and praises, suffering hardships for the discharge of one’s sacred obligations and straightness of mind as well as of the body and senses.",श्रीभगवानुवाच |अभयं सत्त्वसंशुद्धिर्ज्ञानयोगव्यवस्थितिः |दानं दमश्च यज्ञश्च स्वाध्यायस्तप आर्जवम् |,english,sanskrit
BG_16_2_sa_en,BG_16_2,अहिंसा सत्यमक्रोधस्त्यागः शान्तिरपैशुनम् |दया भूतेष्वलोलुप्त्वं मार्दवं ह्रीरचापलम् |,"Non-violence in thought, word and deed, truthfulness and geniality of speech, absence of anger even on provocation, disclaiming doership in respect of actions, quietude or composure of mind, abstaining from malicious gossip, compassion towards all creatures, absence of attachment to the objects of senses even during their contact with the senses, mildness, a sense of shame in transgressing against the scriptures or usage, and abstaining from frivolous pursuits.",sanskrit,english
BG_16_2_en_sa,BG_16_2,"Non-violence in thought, word and deed, truthfulness and geniality of speech, absence of anger even on provocation, disclaiming doership in respect of actions, quietude or composure of mind, abstaining from malicious gossip, compassion towards all creatures, absence of attachment to the objects of senses even during their contact with the senses, mildness, a sense of shame in transgressing against the scriptures or usage, and abstaining from frivolous pursuits.",अहिंसा सत्यमक्रोधस्त्यागः शान्तिरपैशुनम् |दया भूतेष्वलोलुप्त्वं मार्दवं ह्रीरचापलम् |,english,sanskrit
BG_16_4_sa_en,BG_16_4,दम्भो दर्पोऽभिमानश्च क्रोधः पारुष्यमेव च |अज्ञानं चाभिजातस्य पार्थ सम्पदमासुरीम् |,"Hypocrisy, arrogance and pride, and anger, sternness and ignorance too,—these are marks of him, who is born with demoniac properties.",sanskrit,english
BG_16_4_en_sa,BG_16_4,"Hypocrisy, arrogance and pride, and anger, sternness and ignorance too,—these are marks of him, who is born with demoniac properties.",दम्भो दर्पोऽभिमानश्च क्रोधः पारुष्यमेव च |अज्ञानं चाभिजातस्य पार्थ सम्पदमासुरीम् |,english,sanskrit
BG_16_5_sa_en,BG_16_5,दैवी सम्पद्विमोक्षाय निबन्धायासुरी मता |मा शुचः सम्पदं दैवीमभिजातोऽसि पाण्डव |,"The divine gift has been recognized as conducive to liberation, and the demoniac gift as conducive to bondage; Grieve not Arjuna, for you are born with the divine endowment.",sanskrit,english
BG_16_5_en_sa,BG_16_5,"The divine gift has been recognized as conducive to liberation, and the demoniac gift as conducive to bondage; Grieve not Arjuna, for you are born with the divine endowment.",दैवी सम्पद्विमोक्षाय निबन्धायासुरी मता |मा शुचः सम्पदं दैवीमभिजातोऽसि पाण्डव |,english,sanskrit
BG_16_6_sa_en,BG_16_6,द्वौ भूतसर्गौ लोकेऽस्मिन्दैव आसुर एव च |दैवो विस्तरशः प्रोक्त आसुरं पार्थ मे शृणु |,"There are only two types of men in this world, Arjuna,—the one possessing a divine nature and the other possessing a demoniac disposition. Of these, the type possessing a divine nature has been dealt with at length; now hear in detail from Me about the type possessing demoniac disposition. Clinging to this false view these slow-witted men of a vile disposition and terrible deeds, these enemies of mankind; prove equal only to the destruction of the universe.",sanskrit,english
BG_16_6_en_sa,BG_16_6,"There are only two types of men in this world, Arjuna,—the one possessing a divine nature and the other possessing a demoniac disposition. Of these, the type possessing a divine nature has been dealt with at length; now hear in detail from Me about the type possessing demoniac disposition. Clinging to this false view these slow-witted men of a vile disposition and terrible deeds, these enemies of mankind; prove equal only to the destruction of the universe.",द्वौ भूतसर्गौ लोकेऽस्मिन्दैव आसुर एव च |दैवो विस्तरशः प्रोक्त आसुरं पार्थ मे शृणु |,english,sanskrit
BG_16_7_sa_en,BG_16_7,प्रवृत्तिं च निवृत्तिं च जना न विदुरासुराः |न शौचं नापि चाचारो न सत्यं तेषु विद्यते |,Men possessing a demoniac disposition know not what is right activity and what is right abstinence from activity. Hence they possess neither puritynor good conduct nor even truthfulness.,sanskrit,english
BG_16_7_en_sa,BG_16_7,Men possessing a demoniac disposition know not what is right activity and what is right abstinence from activity. Hence they possess neither puritynor good conduct nor even truthfulness.,प्रवृत्तिं च निवृत्तिं च जना न विदुरासुराः |न शौचं नापि चाचारो न सत्यं तेषु विद्यते |,english,sanskrit
BG_16_8_sa_en,BG_16_8,असत्यमप्रतिष्ठं ते जगदाहुरनीश्वरम् |अपरस्परसम्भूतं किमन्यत्कामहैतुकम् |,"Men possessing a demoniac disposition say that the world is without foundation, without God, born of mutual union of male and female only; therefore, desire alone is its cause. What else can there be?",sanskrit,english
BG_16_8_en_sa,BG_16_8,"Men possessing a demoniac disposition say that the world is without foundation, without God, born of mutual union of male and female only; therefore, desire alone is its cause. What else can there be?",असत्यमप्रतिष्ठं ते जगदाहुरनीश्वरम् |अपरस्परसम्भूतं किमन्यत्कामहैतुकम् |,english,sanskrit
BG_16_10_sa_en,BG_16_10,काममाश्रित्य दुष्पूरं दम्भमानमदान्विताः |मोहाद्गृहीत्वासद्ग्राहान्प्रवर्तन्तेऽशुचिव्रताः |,"Clinging to desires, wicked, arrogant, and haughty, deluded by ignorance, they take refuge in false doctrines and engage in impure conduct in the world.",sanskrit,english
BG_16_10_en_sa,BG_16_10,"Clinging to desires, wicked, arrogant, and haughty, deluded by ignorance, they take refuge in false doctrines and engage in impure conduct in the world.",काममाश्रित्य दुष्पूरं दम्भमानमदान्विताः |मोहाद्गृहीत्वासद्ग्राहान्प्रवर्तन्तेऽशुचिव्रताः |,english,sanskrit
BG_16_11_sa_en,BG_16_11,चिन्तामपरिमेयां च प्रलयान्तामुपाश्रिताः |कामोपभोगपरमा एतावदिति निश्चिताः |,"Giving themselves up to innumerable cares ending only with death, they remain devoted to the enjoyment of sensuous pleasures and are positive in their belief that this is the highest limit of joy.",sanskrit,english
BG_16_11_en_sa,BG_16_11,"Giving themselves up to innumerable cares ending only with death, they remain devoted to the enjoyment of sensuous pleasures and are positive in their belief that this is the highest limit of joy.",चिन्तामपरिमेयां च प्रलयान्तामुपाश्रिताः |कामोपभोगपरमा एतावदिति निश्चिताः |,english,sanskrit
BG_16_12_sa_en,BG_16_12,आशापाशशतैर्बद्धाः कामक्रोधपरायणाः |ईहन्ते कामभोगार्थमन्यायेनार्थसञ्चयान् |,"Bound by hundreds of snares of desire, devoted to lust and anger, they unjustly accumulate wealth and other objects for the sake of sensuous enjoyment.",sanskrit,english
BG_16_12_en_sa,BG_16_12,"Bound by hundreds of snares of desire, devoted to lust and anger, they unjustly accumulate wealth and other objects for the sake of sensuous enjoyment.",आशापाशशतैर्बद्धाः कामक्रोधपरायणाः |ईहन्ते कामभोगार्थमन्यायेनार्थसञ्चयान् |,english,sanskrit
BG_16_14_sa_en,BG_16_14,असौ मया हतः शत्रुर्हनिष्ये चापरानपि |ईश्वरोऽहमहं भोगी सिद्धोऽहं बलवान्सुखी |,"That enemy has been slain by me and I shall kill those others too. I am the Lord of all, the enjoyer of all power; I am endowed with all supernatural powers, and am mighty and happy.",sanskrit,english
BG_16_14_en_sa,BG_16_14,"That enemy has been slain by me and I shall kill those others too. I am the Lord of all, the enjoyer of all power; I am endowed with all supernatural powers, and am mighty and happy.",असौ मया हतः शत्रुर्हनिष्ये चापरानपि |ईश्वरोऽहमहं भोगी सिद्धोऽहं बलवान्सुखी |,english,sanskrit
BG_16_15_sa_en,BG_16_15,आढ्योऽभिजनवानस्मि कोऽन्योऽस्ति सदृशो मया |यक्ष्ये दास्यामि मोदिष्य इत्यज्ञानविमोहिताः |,"I am wealthy and own a large family; who else is like unto me? I will sacrifice to gods, I will give alms, I will make merry.",sanskrit,english
BG_16_15_en_sa,BG_16_15,"I am wealthy and own a large family; who else is like unto me? I will sacrifice to gods, I will give alms, I will make merry.",आढ्योऽभिजनवानस्मि कोऽन्योऽस्ति सदृशो मया |यक्ष्ये दास्यामि मोदिष्य इत्यज्ञानविमोहिताः |,english,sanskrit
BG_16_16_sa_en,BG_16_16,अनेकचित्तविभ्रान्ता मोहजालसमावृताः |प्रसक्ताः कामभोगेषु पतन्ति नरकेऽशुचौ |,"Thus blinded by ignorance, enveloped in the mesh of delusion and addicted to the enjoyment of sensuous pleasures, their mind bewildered by numerous thoughts, these men of a devilish disposition fall into the foulest hell.",sanskrit,english
BG_16_16_en_sa,BG_16_16,"Thus blinded by ignorance, enveloped in the mesh of delusion and addicted to the enjoyment of sensuous pleasures, their mind bewildered by numerous thoughts, these men of a devilish disposition fall into the foulest hell.",अनेकचित्तविभ्रान्ता मोहजालसमावृताः |प्रसक्ताः कामभोगेषु पतन्ति नरकेऽशुचौ |,english,sanskrit
BG_16_18_sa_en,BG_16_18,अहंकारं बलं दर्पं कामं क्रोधं च संश्रिताः |मामात्मपरदेहेषु प्रद्विषन्तोऽभ्यसूयकाः |,"Given over to egotism, brute force, arrogance, lust and anger etc. and culminating others, they hate Medwelling in their own bodies as well as in those of others.",sanskrit,english
BG_16_18_en_sa,BG_16_18,"Given over to egotism, brute force, arrogance, lust and anger etc. and culminating others, they hate Medwelling in their own bodies as well as in those of others.",अहंकारं बलं दर्पं कामं क्रोधं च संश्रिताः |मामात्मपरदेहेषु प्रद्विषन्तोऽभ्यसूयकाः |,english,sanskrit
BG_16_19_sa_en,BG_16_19,तानहं द्विषतः क्रुरान्संसारेषु नराधमान् |क्षिपाम्यजस्रमशुभानासुरीष्वेव योनिषु |,"These haters, sinful, cruel and vilest among men, I cast again and again into demoniacal wombs in this world.",sanskrit,english
BG_16_19_en_sa,BG_16_19,"These haters, sinful, cruel and vilest among men, I cast again and again into demoniacal wombs in this world.",तानहं द्विषतः क्रुरान्संसारेषु नराधमान् |क्षिपाम्यजस्रमशुभानासुरीष्वेव योनिषु |,english,sanskrit
BG_16_20_sa_en,BG_16_20,आसुरीं योनिमापन्ना मूढा जन्मनि जन्मनि |मामप्राप्यैव कौन्तेय ततो यान्त्यधमां गतिम् |,"Failing to reach Me, Arjun, these stupid souls are born life after life in demoniac wombs and then verily sink down to a still lower plane.",sanskrit,english
BG_16_20_en_sa,BG_16_20,"Failing to reach Me, Arjun, these stupid souls are born life after life in demoniac wombs and then verily sink down to a still lower plane.",आसुरीं योनिमापन्ना मूढा जन्मनि जन्मनि |मामप्राप्यैव कौन्तेय ततो यान्त्यधमां गतिम् |,english,sanskrit
BG_16_21_sa_en,BG_16_21,त्रिविधं नरकस्येदं द्वारं नाशनमात्मनः |कामः क्रोधस्तथा लोभस्तस्मादेतत्त्रयं त्यजेत् |,"Desire, anger and greed— this triple gate of hell brings about the ruination of the soul. Therefore, one should, avoid all these three.",sanskrit,english
BG_16_21_en_sa,BG_16_21,"Desire, anger and greed— this triple gate of hell brings about the ruination of the soul. Therefore, one should, avoid all these three.",त्रिविधं नरकस्येदं द्वारं नाशनमात्मनः |कामः क्रोधस्तथा लोभस्तस्मादेतत्त्रयं त्यजेत् |,english,sanskrit
BG_16_22_sa_en,BG_16_22,एतैर्विमुक्तः कौन्तेय तमोद्वारैस्त्रिभिर्नरः |आचरत्यात्मनः श्रेयस्ततो याति परां गतिम् |,"Freed from these three gates of hell, man works his own salvation and thereby attains the supreme goal i.e., God.",sanskrit,english
BG_16_22_en_sa,BG_16_22,"Freed from these three gates of hell, man works his own salvation and thereby attains the supreme goal i.e., God.",एतैर्विमुक्तः कौन्तेय तमोद्वारैस्त्रिभिर्नरः |आचरत्यात्मनः श्रेयस्ततो याति परां गतिम् |,english,sanskrit
BG_16_24_sa_en,BG_16_24,तस्माच्छास्त्रं प्रमाणं ते कार्याकार्यव्यवस्थितौ |ज्ञात्वा शास्त्रविधानोक्तं कर्म कर्तुमिहार्हसि |,"Therefore, the scripture alone is your guide in determining what should be done and what should not be done. Knowing this, you ought to perform only such action as is ordained by the scriptures.",sanskrit,english
BG_16_24_en_sa,BG_16_24,"Therefore, the scripture alone is your guide in determining what should be done and what should not be done. Knowing this, you ought to perform only such action as is ordained by the scriptures.",तस्माच्छास्त्रं प्रमाणं ते कार्याकार्यव्यवस्थितौ |ज्ञात्वा शास्त्रविधानोक्तं कर्म कर्तुमिहार्हसि |,english,sanskrit
BG_17_1_sa_en,BG_17_1,अर्जुन उवाच |ये शास्त्रविधिमुत्सृज्य यजन्ते श्रद्धयान्विताः |तेषां निष्ठा तु का कृष्ण सत्त्वमाहो रजस्तमः |,"Arjuna said: Those who endowed with faith, worship gods and others casting aside the injunctions of the scriptures, where do they stand, Krishna,— in Sattva, Rajas or Tamas?",sanskrit,english
BG_17_1_en_sa,BG_17_1,"Arjuna said: Those who endowed with faith, worship gods and others casting aside the injunctions of the scriptures, where do they stand, Krishna,— in Sattva, Rajas or Tamas?",अर्जुन उवाच |ये शास्त्रविधिमुत्सृज्य यजन्ते श्रद्धयान्विताः |तेषां निष्ठा तु का कृष्ण सत्त्वमाहो रजस्तमः |,english,sanskrit
BG_17_2_sa_en,BG_17_2,श्रीभगवानुवाच |त्रिविधा भवति श्रद्धा देहिनां सा स्वभावजा |सात्त्विकी राजसी चैव तामसी चेति तां शृणु |,Shree Bhagavan said: that untutored innate faith of men is of three kinds—Sattvika and Rajasika and Tamasika. Hear of it from Me.,sanskrit,english
BG_17_2_en_sa,BG_17_2,Shree Bhagavan said: that untutored innate faith of men is of three kinds—Sattvika and Rajasika and Tamasika. Hear of it from Me.,श्रीभगवानुवाच |त्रिविधा भवति श्रद्धा देहिनां सा स्वभावजा |सात्त्विकी राजसी चैव तामसी चेति तां शृणु |,english,sanskrit
BG_17_4_sa_en,BG_17_4,यजन्ते सात्त्विका देवान्यक्षरक्षांसि राजसाः |प्रेतान्भूतगणांश्चान्ये यजन्ते तामसा जनाः |,"Men of a Sattvika disposition worship gods; those of Rajasika temperament worship demigods and demons; while others, who are men of a Tamasika disposition, worship the spirits of the dead and groups of ghosts.",sanskrit,english
BG_17_4_en_sa,BG_17_4,"Men of a Sattvika disposition worship gods; those of Rajasika temperament worship demigods and demons; while others, who are men of a Tamasika disposition, worship the spirits of the dead and groups of ghosts.",यजन्ते सात्त्विका देवान्यक्षरक्षांसि राजसाः |प्रेतान्भूतगणांश्चान्ये यजन्ते तामसा जनाः |,english,sanskrit
BG_17_6_sa_en,BG_17_6,कर्षयन्तः शरीरस्थं भूतग्राममचेतसः |मां चैवान्तःशरीरस्थं तान्विद्ध्यासुरनिश्चयान् |,"And who emaciate the elements constituting their body as well as Me, the supreme Spirit, dwelling in their heart,—know these senseless people to have a demoniac disposition.",sanskrit,english
BG_17_6_en_sa,BG_17_6,"And who emaciate the elements constituting their body as well as Me, the supreme Spirit, dwelling in their heart,—know these senseless people to have a demoniac disposition.",कर्षयन्तः शरीरस्थं भूतग्राममचेतसः |मां चैवान्तःशरीरस्थं तान्विद्ध्यासुरनिश्चयान् |,english,sanskrit
BG_17_7_sa_en,BG_17_7,आहारस्त्वपि सर्वस्य त्रिविधो भवति प्रियः |यज्ञस्तपस्तथा दानं तेषां भेदमिमं शृणु |,"Food also, which is agreeable to different men according to their innate disposition, is of three kinds. And likewise sacrifice, penance and charity too are of three kinds each; hear their distinction as follows.",sanskrit,english
BG_17_7_en_sa,BG_17_7,"Food also, which is agreeable to different men according to their innate disposition, is of three kinds. And likewise sacrifice, penance and charity too are of three kinds each; hear their distinction as follows.",आहारस्त्वपि सर्वस्य त्रिविधो भवति प्रियः |यज्ञस्तपस्तथा दानं तेषां भेदमिमं शृणु |,english,sanskrit
BG_17_8_sa_en,BG_17_8,आयुःसत्त्वबलारोग्यसुखप्रीतिविवर्धनाः |रस्याः स्निग्धाः स्थिरा हृद्या आहाराः सात्त्विकप्रियाः |,"Foods which promote longevity, intelligence, vigour, health, happiness and cheerfulness, and which are sweet, bland, substantial and naturally agreeable, are dear to the Sattvika type of men.",sanskrit,english
BG_17_8_en_sa,BG_17_8,"Foods which promote longevity, intelligence, vigour, health, happiness and cheerfulness, and which are sweet, bland, substantial and naturally agreeable, are dear to the Sattvika type of men.",आयुःसत्त्वबलारोग्यसुखप्रीतिविवर्धनाः |रस्याः स्निग्धाः स्थिरा हृद्या आहाराः सात्त्विकप्रियाः |,english,sanskrit
BG_17_9_sa_en,BG_17_9,कट्वम्ललवणात्युष्णतीक्ष्णरूक्षविदाहिनः |आहारा राजसस्येष्टा दुःखशोकामयप्रदाः |,"Foods which are bitter, acid, salty, overhot, pungent, dry and burning, and which cause suffering, grief and sickness, are dear to the Rajasika type of men.",sanskrit,english
BG_17_9_en_sa,BG_17_9,"Foods which are bitter, acid, salty, overhot, pungent, dry and burning, and which cause suffering, grief and sickness, are dear to the Rajasika type of men.",कट्वम्ललवणात्युष्णतीक्ष्णरूक्षविदाहिनः |आहारा राजसस्येष्टा दुःखशोकामयप्रदाः |,english,sanskrit
BG_17_10_sa_en,BG_17_10,यातयामं गतरसं पूति पर्युषितं च यत् |उच्छिष्टमपि चामेध्यं भोजनं तामसप्रियम् |,"Food which is half-cooked or half-ripe, insipid, putrid, stale and polluted, and which is impure too, is dear to men a Tamasika disposition.",sanskrit,english
BG_17_10_en_sa,BG_17_10,"Food which is half-cooked or half-ripe, insipid, putrid, stale and polluted, and which is impure too, is dear to men a Tamasika disposition.",यातयामं गतरसं पूति पर्युषितं च यत् |उच्छिष्टमपि चामेध्यं भोजनं तामसप्रियम् |,english,sanskrit
BG_17_11_sa_en,BG_17_11,अफलाङ्क्षिभिर्यज्ञो विधिदृष्टो य इज्यते |यष्टव्यमेवेति मनः समाधाय स सात्त्विकः |,"The sacrifice which is offered, as ordained by scriptural injunctions, by men who expect no return and who believe that such sacrifices must be performed, is Sattvika in character.",sanskrit,english
BG_17_11_en_sa,BG_17_11,"The sacrifice which is offered, as ordained by scriptural injunctions, by men who expect no return and who believe that such sacrifices must be performed, is Sattvika in character.",अफलाङ्क्षिभिर्यज्ञो विधिदृष्टो य इज्यते |यष्टव्यमेवेति मनः समाधाय स सात्त्विकः |,english,sanskrit
BG_17_13_sa_en,BG_17_13,विधिहीनमसृष्टान्नं मन्त्रहीनमदक्षिणम् |श्रद्धाविरहितं यज्ञं तामसं परिचक्षते |,"A sacrifice which has no respect for scriptural injunctions, in which no food is offered, and no sacrificial fees are paid, which is without sacred chant and devoid of faith, is said to be Tamasika.",sanskrit,english
BG_17_13_en_sa,BG_17_13,"A sacrifice which has no respect for scriptural injunctions, in which no food is offered, and no sacrificial fees are paid, which is without sacred chant and devoid of faith, is said to be Tamasika.",विधिहीनमसृष्टान्नं मन्त्रहीनमदक्षिणम् |श्रद्धाविरहितं यज्ञं तामसं परिचक्षते |,english,sanskrit
BG_17_14_sa_en,BG_17_14,देवद्विजगुरुप्राज्ञपूजनं शौचमार्जवम् |ब्रह्मचर्यमहिंसा च शारीरं तप उच्यते |,"Worship of gods, the Brahmanas, one’s elders and wise men, purity, straightness, continence and harmlessness—this is called bodily penance.",sanskrit,english
BG_17_14_en_sa,BG_17_14,"Worship of gods, the Brahmanas, one’s elders and wise men, purity, straightness, continence and harmlessness—this is called bodily penance.",देवद्विजगुरुप्राज्ञपूजनं शौचमार्जवम् |ब्रह्मचर्यमहिंसा च शारीरं तप उच्यते |,english,sanskrit
BG_17_15_sa_en,BG_17_15,अनुद्वेगकरं वाक्यं सत्यं प्रियहितं च यत् |स्वाध्यायाभ्यसनं चैव वाङ्मयं तप उच्यते |,"Words which cause no annoyance to others and are truthful, agreeable and wholesome, as well as the study of the Vedas and other Sastras and the practice of repetition of the Divine Name—this is known as the austerity of speech.",sanskrit,english
BG_17_15_en_sa,BG_17_15,"Words which cause no annoyance to others and are truthful, agreeable and wholesome, as well as the study of the Vedas and other Sastras and the practice of repetition of the Divine Name—this is known as the austerity of speech.",अनुद्वेगकरं वाक्यं सत्यं प्रियहितं च यत् |स्वाध्यायाभ्यसनं चैव वाङ्मयं तप उच्यते |,english,sanskrit
BG_17_17_sa_en,BG_17_17,श्रद्धया परया तप्तं तपस्तत्त्रिविधं नरैः |अफलाकाङ्क्षिभिर्युक्तैः सात्त्विकं परिचक्षते |,This threefold penance performed with supreme faith by Yogis expecting no return is called Sattvika.,sanskrit,english
BG_17_17_en_sa,BG_17_17,This threefold penance performed with supreme faith by Yogis expecting no return is called Sattvika.,श्रद्धया परया तप्तं तपस्तत्त्रिविधं नरैः |अफलाकाङ्क्षिभिर्युक्तैः सात्त्विकं परिचक्षते |,english,sanskrit
BG_17_18_sa_en,BG_17_18,सत्कारमानपूजार्थं तपो दम्भेन चैव यत् |क्रियते तदिह प्रोक्तं राजसं चलमध्रुवम् |,"The penance which is performed for the sake of show, honor, and worship, or for any other selfish purpose, either by nature or hypocrisy, is said to be Rajasic, producing uncertain and temporary results.",sanskrit,english
BG_17_18_en_sa,BG_17_18,"The penance which is performed for the sake of show, honor, and worship, or for any other selfish purpose, either by nature or hypocrisy, is said to be Rajasic, producing uncertain and temporary results.",सत्कारमानपूजार्थं तपो दम्भेन चैव यत् |क्रियते तदिह प्रोक्तं राजसं चलमध्रुवम् |,english,sanskrit
BG_17_19_sa_en,BG_17_19,मूढग्राहेणात्मनो यत्पीडया क्रियते तपः |परस्योत्सादनार्थं वा तत्तामसमुदाहृतम् |,"Austerity which is practised through perversity and is accompanied with self-mortification or is intended to harm others, such austerity has been declared as Tamasika.",sanskrit,english
BG_17_19_en_sa,BG_17_19,"Austerity which is practised through perversity and is accompanied with self-mortification or is intended to harm others, such austerity has been declared as Tamasika.",मूढग्राहेणात्मनो यत्पीडया क्रियते तपः |परस्योत्सादनार्थं वा तत्तामसमुदाहृतम् |,english,sanskrit
BG_17_22_sa_en,BG_17_22,अदेशकाले यद्दानमपात्रेभ्यश्च दीयते |असत्कृतमवज्ञातं तत्तामसमुदाहृतम् |,"A gift which is made without good grace and in a disdainful spirit out of time and place and to undeserving persons, is said to be Tamasika.",sanskrit,english
BG_17_22_en_sa,BG_17_22,"A gift which is made without good grace and in a disdainful spirit out of time and place and to undeserving persons, is said to be Tamasika.",अदेशकाले यद्दानमपात्रेभ्यश्च दीयते |असत्कृतमवज्ञातं तत्तामसमुदाहृतम् |,english,sanskrit
BG_17_23_sa_en,BG_17_23,ॐतत्सदिति निर्देशो ब्रह्मणस्त्रिविधः स्मृतः |ब्राह्मणास्तेन वेदाश्च यज्ञाश्च विहिताः पुरा |,"OM, TAT and SAT—This has been declared as the threefold appellation of the Absolute, who is Truth, Consciousness and Bliss solidified. By That the Brahmanas and the Vedas as well as sacrifices were created at the cosmic dawn.",sanskrit,english
BG_17_23_en_sa,BG_17_23,"OM, TAT and SAT—This has been declared as the threefold appellation of the Absolute, who is Truth, Consciousness and Bliss solidified. By That the Brahmanas and the Vedas as well as sacrifices were created at the cosmic dawn.",ॐतत्सदिति निर्देशो ब्रह्मणस्त्रिविधः स्मृतः |ब्राह्मणास्तेन वेदाश्च यज्ञाश्च विहिताः पुरा |,english,sanskrit
BG_17_24_sa_en,BG_17_24,तस्मादोमित्युदाहृत्य यज्ञदानतपःक्रियाः |प्रवर्तन्ते विधानोक्ताः सततं ब्रह्मवादिनाम् |,"Therefore, acts of sacrifice, charity and austerity as enjoined by sacred precepts are always commenced by noble souls given to the recitation of Vedic chants with utterance of the divine name OM.",sanskrit,english
BG_17_24_en_sa,BG_17_24,"Therefore, acts of sacrifice, charity and austerity as enjoined by sacred precepts are always commenced by noble souls given to the recitation of Vedic chants with utterance of the divine name OM.",तस्मादोमित्युदाहृत्य यज्ञदानतपःक्रियाः |प्रवर्तन्ते विधानोक्ताः सततं ब्रह्मवादिनाम् |,english,sanskrit
BG_17_25_sa_en,BG_17_25,तदित्यनभिसन्धाय फलं यज्ञतपःक्रियाः |दानक्रियाश्च विविधाः क्रियन्ते मोक्षकाङ्क्षिभिः |,"With the idea that all this belongs to that Supreme Being, various acts of sacrifice, austerity and charity are performed by men desiring welfare, without attachment to the fruits.",sanskrit,english
BG_17_25_en_sa,BG_17_25,"With the idea that all this belongs to that Supreme Being, various acts of sacrifice, austerity and charity are performed by men desiring welfare, without attachment to the fruits.",तदित्यनभिसन्धाय फलं यज्ञतपःक्रियाः |दानक्रियाश्च विविधाः क्रियन्ते मोक्षकाङ्क्षिभिः |,english,sanskrit
BG_17_26_sa_en,BG_17_26,सद्भावे साधुभावे च सदित्येतत्प्रयुज्यते |प्रशस्ते कर्मणि तथा सच्छब्दः पार्थ युज्यते |,"The name of God, SAT, is employed in the sense of truth and goodness. And the word SAT is also used in the sense of a praiseworthy act, Arjuna.",sanskrit,english
BG_17_26_en_sa,BG_17_26,"The name of God, SAT, is employed in the sense of truth and goodness. And the word SAT is also used in the sense of a praiseworthy act, Arjuna.",सद्भावे साधुभावे च सदित्येतत्प्रयुज्यते |प्रशस्ते कर्मणि तथा सच्छब्दः पार्थ युज्यते |,english,sanskrit
BG_17_27_sa_en,BG_17_27,यज्ञे तपसि दाने च स्थितिः सदिति चोच्यते |कर्म चैव तदर्थीयं सदित्येवाभिधीयते |,"And the steadfastness in sacrifice, austerity, and charity is also called 'Sat,' and action done for the sake of the Supreme is also designated as 'Sat'.",sanskrit,english
BG_17_27_en_sa,BG_17_27,"And the steadfastness in sacrifice, austerity, and charity is also called 'Sat,' and action done for the sake of the Supreme is also designated as 'Sat'.",यज्ञे तपसि दाने च स्थितिः सदिति चोच्यते |कर्म चैव तदर्थीयं सदित्येवाभिधीयते |,english,sanskrit
BG_17_28_sa_en,BG_17_28,अश्रद्धया हुतं दत्तं तपस्तप्तं कृतं च यत् |असदित्युच्यते पार्थ न च तत्प्रेत्य नो इह |,"O Arjuna! Sacrifice performed without faith, charity given without faith, austerity performed without faith, and any action done without faith are all said to be 'Asat'; such actions are neither beneficial in this world nor after death.",sanskrit,english
BG_17_28_en_sa,BG_17_28,"O Arjuna! Sacrifice performed without faith, charity given without faith, austerity performed without faith, and any action done without faith are all said to be 'Asat'; such actions are neither beneficial in this world nor after death.",अश्रद्धया हुतं दत्तं तपस्तप्तं कृतं च यत् |असदित्युच्यते पार्थ न च तत्प्रेत्य नो इह |,english,sanskrit
BG_18_1_sa_en,BG_18_1,अर्जुन उवाच |संन्यासस्य महाबाहो तत्त्वमिच्छामि वेदितुम् |त्यागस्य च हृषीकेश पृथक्केशिनिषूदन |,"Arjuna said: O mighty-armed Shree Krishna, O inner controller of all, O Slayer of Kesi, I wish to know severally the truth of Samnyasa and Tyaga.",sanskrit,english
BG_18_1_en_sa,BG_18_1,"Arjuna said: O mighty-armed Shree Krishna, O inner controller of all, O Slayer of Kesi, I wish to know severally the truth of Samnyasa and Tyaga.",अर्जुन उवाच |संन्यासस्य महाबाहो तत्त्वमिच्छामि वेदितुम् |त्यागस्य च हृषीकेश पृथक्केशिनिषूदन |,english,sanskrit
BG_18_2_sa_en,BG_18_2,श्रीभगवानुवाच |काम्यानां कर्मणां न्यासं संन्यासं कवयो विदुः |सर्वकर्मफलत्यागं प्राहुस्त्यागं विचक्षणाः |,Shree Bhagavan said: Some sages understand Samnyasa as the giving up of all actions motivated by desire; and other thinkers declare that Tyaga consists in relinquishing the fruit of all actions.,sanskrit,english
BG_18_2_en_sa,BG_18_2,Shree Bhagavan said: Some sages understand Samnyasa as the giving up of all actions motivated by desire; and other thinkers declare that Tyaga consists in relinquishing the fruit of all actions.,श्रीभगवानुवाच |काम्यानां कर्मणां न्यासं संन्यासं कवयो विदुः |सर्वकर्मफलत्यागं प्राहुस्त्यागं विचक्षणाः |,english,sanskrit
BG_18_3_sa_en,BG_18_3,त्याज्यं दोषवदित्येके कर्म प्राहुर्मनीषिणः |यज्ञदानतपःकर्म न त्याज्यमिति चापरे |,"Some wise men declare that all actions contain a measure of evil, and are therefore worth giving up, while others say that acts of sacrifice, charity and penance are not to be given up.",sanskrit,english
BG_18_3_en_sa,BG_18_3,"Some wise men declare that all actions contain a measure of evil, and are therefore worth giving up, while others say that acts of sacrifice, charity and penance are not to be given up.",त्याज्यं दोषवदित्येके कर्म प्राहुर्मनीषिणः |यज्ञदानतपःकर्म न त्याज्यमिति चापरे |,english,sanskrit
BG_18_4_sa_en,BG_18_4,निश्चयं शृणु मे तत्र त्यागे भरतसत्तम |त्यागो हि पुरुषव्याघ्र त्रिविधः सम्प्रकीर्तितः |,"Of Samnyasa and Tyaga, first hear My conclusion on the subject of Tyaga, Arjuna; for Tyaga, O tiger among men, has been declared to be of three kinds—Sattvika, Rajasika and Tamasika.",sanskrit,english
BG_18_4_en_sa,BG_18_4,"Of Samnyasa and Tyaga, first hear My conclusion on the subject of Tyaga, Arjuna; for Tyaga, O tiger among men, has been declared to be of three kinds—Sattvika, Rajasika and Tamasika.",निश्चयं शृणु मे तत्र त्यागे भरतसत्तम |त्यागो हि पुरुषव्याघ्र त्रिविधः सम्प्रकीर्तितः |,english,sanskrit
BG_18_6_sa_en,BG_18_6,एतान्यपि तु कर्माणि सङ्गं त्यक्त्वा फलानि च |कर्तव्यानीति मे पार्थ निश्चितं मतमुत्तमम् |,"Hence these acts of sacrifice, charity and penance, and all other acts too, must be performed without attachment and hope of reward: this is My considered and supreme verdict, Arjuna. A prescribed duty which is performed simply because it has to be performed, giving up attachment and fruit, that alone has been recognized as the Sattvika form of renunciation.",sanskrit,english
BG_18_6_en_sa,BG_18_6,"Hence these acts of sacrifice, charity and penance, and all other acts too, must be performed without attachment and hope of reward: this is My considered and supreme verdict, Arjuna. A prescribed duty which is performed simply because it has to be performed, giving up attachment and fruit, that alone has been recognized as the Sattvika form of renunciation.",एतान्यपि तु कर्माणि सङ्गं त्यक्त्वा फलानि च |कर्तव्यानीति मे पार्थ निश्चितं मतमुत्तमम् |,english,sanskrit
BG_18_10_sa_en,BG_18_10,न द्वेष्ट्यकुशलं कर्म कुशले नानुषज्जते |त्यागी सत्त्वसमाविष्टो मेधावी छिन्नसंशयः |,"One who does not look with desire upon the unskilled work and is not attached to the skilled work, that man is a true renunciant, endowed with pure goodness, free from doubt, and wise.",sanskrit,english
BG_18_10_en_sa,BG_18_10,"One who does not look with desire upon the unskilled work and is not attached to the skilled work, that man is a true renunciant, endowed with pure goodness, free from doubt, and wise.",न द्वेष्ट्यकुशलं कर्म कुशले नानुषज्जते |त्यागी सत्त्वसमाविष्टो मेधावी छिन्नसंशयः |,english,sanskrit
BG_18_11_sa_en,BG_18_11,न हि देहभृता शक्यं त्यक्तुं कर्माण्यशेषतः |यस्तु कर्मफलत्यागी स त्यागीत्यभिधीयते |,"Since all actions cannot be given up in their entirety by anyone possessing a body, he alone who renounces the fruit of actions is called a man of renunciation.",sanskrit,english
BG_18_11_en_sa,BG_18_11,"Since all actions cannot be given up in their entirety by anyone possessing a body, he alone who renounces the fruit of actions is called a man of renunciation.",न हि देहभृता शक्यं त्यक्तुं कर्माण्यशेषतः |यस्तु कर्मफलत्यागी स त्यागीत्यभिधीयते |,english,sanskrit
BG_18_12_sa_en,BG_18_12,अनिष्टमिष्टं मिश्रं च त्रिविधं कर्मणः फलम् |भवत्यत्यागिनां प्रेत्य न तु संन्यासिनां क्वचित् |,"Welcome, unwelcome and mixed-threefold, indeed, is the fruit that accrues hereafter from the actions of the unrenouncing. But there is none ever for those who have renounced.",sanskrit,english
BG_18_12_en_sa,BG_18_12,"Welcome, unwelcome and mixed-threefold, indeed, is the fruit that accrues hereafter from the actions of the unrenouncing. But there is none ever for those who have renounced.",अनिष्टमिष्टं मिश्रं च त्रिविधं कर्मणः फलम् |भवत्यत्यागिनां प्रेत्य न तु संन्यासिनां क्वचित् |,english,sanskrit
BG_18_14_sa_en,BG_18_14,अधिष्ठानं तथा कर्ता करणं च पृथग्विधम् |विविधाश्च पृथक्चेष्टा दैवं चैवात्र पञ्चमम् |,"The following are the factors operating towards the accomplishment of actions, viz., the seat of action and the agent, the organs of different kinds and the separate movements of divergent types; and the fifth is Daiva or destiny.",sanskrit,english
BG_18_14_en_sa,BG_18_14,"The following are the factors operating towards the accomplishment of actions, viz., the seat of action and the agent, the organs of different kinds and the separate movements of divergent types; and the fifth is Daiva or destiny.",अधिष्ठानं तथा कर्ता करणं च पृथग्विधम् |विविधाश्च पृथक्चेष्टा दैवं चैवात्र पञ्चमम् |,english,sanskrit
BG_18_15_sa_en,BG_18_15,शरीरवाङ्मनोभिर्यत्कर्म प्रारभते नरः |न्याय्यं वा विपरीतं वा पञ्चैते तस्य हेतवः |,"These five are the contributory causes of whatever actions, right or wrong man performs with the mind, speech and body.",sanskrit,english
BG_18_15_en_sa,BG_18_15,"These five are the contributory causes of whatever actions, right or wrong man performs with the mind, speech and body.",शरीरवाङ्मनोभिर्यत्कर्म प्रारभते नरः |न्याय्यं वा विपरीतं वा पञ्चैते तस्य हेतवः |,english,sanskrit
BG_18_16_sa_en,BG_18_16,तत्रैवं सति कर्तारमात्मानं केवलं तु यः |पश्यत्यकृतबुद्धित्वान्न स पश्यति दुर्मतिः |,"Notwithstanding this, however, he who, having an impure mind, regards the absolute, taintless Self alone as the doer, that man of perverse understanding does not view aright.",sanskrit,english
BG_18_16_en_sa,BG_18_16,"Notwithstanding this, however, he who, having an impure mind, regards the absolute, taintless Self alone as the doer, that man of perverse understanding does not view aright.",तत्रैवं सति कर्तारमात्मानं केवलं तु यः |पश्यत्यकृतबुद्धित्वान्न स पश्यति दुर्मतिः |,english,sanskrit
BG_18_17_sa_en,BG_18_17,यस्य नाहंकृतो भावो बुद्धिर्यस्य न लिप्यते |हत्वाऽपि स इमाँल्लोकान्न हन्ति न निबध्यते |,"He whose mind is free from the sense of doership, and whose reason is not tainted by worldly objects and activities, does not really slay, even having slaughtered all these creatures, nor is bound by sin.",sanskrit,english
BG_18_17_en_sa,BG_18_17,"He whose mind is free from the sense of doership, and whose reason is not tainted by worldly objects and activities, does not really slay, even having slaughtered all these creatures, nor is bound by sin.",यस्य नाहंकृतो भावो बुद्धिर्यस्य न लिप्यते |हत्वाऽपि स इमाँल्लोकान्न हन्ति न निबध्यते |,english,sanskrit
BG_18_18_sa_en,BG_18_18,ज्ञानं ज्ञेयं परिज्ञाता त्रिविधा कर्मचोदना |करणं कर्म कर्तेति त्रिविधः कर्मसंग्रहः |,"The knower, knowledge and the object of knowledge—these three are the causes of action; the agent, the instrument and the action—these three constitute the collection of actions.",sanskrit,english
BG_18_18_en_sa,BG_18_18,"The knower, knowledge and the object of knowledge—these three are the causes of action; the agent, the instrument and the action—these three constitute the collection of actions.",ज्ञानं ज्ञेयं परिज्ञाता त्रिविधा कर्मचोदना |करणं कर्म कर्तेति त्रिविधः कर्मसंग्रहः |,english,sanskrit
BG_18_19_sa_en,BG_18_19,ज्ञानं कर्म च कर्ताच त्रिधैव गुणभेदतः |प्रोच्यते गुणसङ्ख्याने यथावच्छृणु तान्यपि |,"In the branch of knowledge dealing with the Gunas or modes of Prakrti, knowledge and action as well as the doer have been declared to be of three kinds according to the Guna which predominates in each; hear them too duly from Me.",sanskrit,english
BG_18_19_en_sa,BG_18_19,"In the branch of knowledge dealing with the Gunas or modes of Prakrti, knowledge and action as well as the doer have been declared to be of three kinds according to the Guna which predominates in each; hear them too duly from Me.",ज्ञानं कर्म च कर्ताच त्रिधैव गुणभेदतः |प्रोच्यते गुणसङ्ख्याने यथावच्छृणु तान्यपि |,english,sanskrit
BG_18_20_sa_en,BG_18_20,सर्वभूतेषु येनैकं भावमव्ययमीक्षते |अविभक्तं विभक्तेषु तज्ज्ञानं विद्धि सात्त्विकम् |,"That by which man perceives one imperishable divine existence as undivided and equally present in all individual beings, know that knowledge to be Sattvika.",sanskrit,english
BG_18_20_en_sa,BG_18_20,"That by which man perceives one imperishable divine existence as undivided and equally present in all individual beings, know that knowledge to be Sattvika.",सर्वभूतेषु येनैकं भावमव्ययमीक्षते |अविभक्तं विभक्तेषु तज्ज्ञानं विद्धि सात्त्विकम् |,english,sanskrit
BG_18_21_sa_en,BG_18_21,पृथक्त्वेन तु यज्ज्ञानं नानाभावान्पृथग्विधान् |वेत्ति सर्वेषु भूतेषु तज्ज्ञानं विद्धि राजसम् |,"That, however, by which man cognize many existences of various kinds as apart from one another in all beings, know that knowledge to be Rajasika.",sanskrit,english
BG_18_21_en_sa,BG_18_21,"That, however, by which man cognize many existences of various kinds as apart from one another in all beings, know that knowledge to be Rajasika.",पृथक्त्वेन तु यज्ज्ञानं नानाभावान्पृथग्विधान् |वेत्ति सर्वेषु भूतेषु तज्ज्ञानं विद्धि राजसम् |,english,sanskrit
BG_18_22_sa_en,BG_18_22,यत्तु कृत्स्नवदेकस्मिन्कार्ये सक्तमहैतुकम् |अतत्त्वार्थवदल्पं च तत्तामसमुदाहृतम् |,"Again, that knowledge which clings to one body as if it were the whole, and which is irrational, has no real object and is trivial, has been declared as Tamasika.",sanskrit,english
BG_18_22_en_sa,BG_18_22,"Again, that knowledge which clings to one body as if it were the whole, and which is irrational, has no real object and is trivial, has been declared as Tamasika.",यत्तु कृत्स्नवदेकस्मिन्कार्ये सक्तमहैतुकम् |अतत्त्वार्थवदल्पं च तत्तामसमुदाहृतम् |,english,sanskrit
BG_18_23_sa_en,BG_18_23,नियतं सङ्गरहितमरागद्वेषतः कृतम् |अफलप्रेप्सुना कर्म यत्तत्सात्त्विकमुच्यते |,"That action which is ordained by the scriptures and is not accompanied by the sense of doership, and has been done without any partiality or prejudice by one who seeks no return, is called Sattvika.",sanskrit,english
BG_18_23_en_sa,BG_18_23,"That action which is ordained by the scriptures and is not accompanied by the sense of doership, and has been done without any partiality or prejudice by one who seeks no return, is called Sattvika.",नियतं सङ्गरहितमरागद्वेषतः कृतम् |अफलप्रेप्सुना कर्म यत्तत्सात्त्विकमुच्यते |,english,sanskrit
BG_18_24_sa_en,BG_18_24,यत्तु कामेप्सुना कर्म साहंकारेण वा पुनः |क्रियते बहुलायासं तद्राजसमुदाहृतम् |,"That action, however, which involves much strain and is performed by one who seeks enjoyments or by a man full of egotism, has been spoken of as Rajasika.",sanskrit,english
BG_18_24_en_sa,BG_18_24,"That action, however, which involves much strain and is performed by one who seeks enjoyments or by a man full of egotism, has been spoken of as Rajasika.",यत्तु कामेप्सुना कर्म साहंकारेण वा पुनः |क्रियते बहुलायासं तद्राजसमुदाहृतम् |,english,sanskrit
BG_18_25_sa_en,BG_18_25,अनुबन्धं क्षयं हिंसामनपेक्ष्य च पौरुषम् |मोहादारभ्यते कर्म यत्तत्तामसमुच्यते |,"That action which is undertaken through sheer ignorance, without counting the upshot, loss to oneself, injury to others and one’s own capacity, is declared as Tamasika.",sanskrit,english
BG_18_25_en_sa,BG_18_25,"That action which is undertaken through sheer ignorance, without counting the upshot, loss to oneself, injury to others and one’s own capacity, is declared as Tamasika.",अनुबन्धं क्षयं हिंसामनपेक्ष्य च पौरुषम् |मोहादारभ्यते कर्म यत्तत्तामसमुच्यते |,english,sanskrit
BG_18_26_sa_en,BG_18_26,मुक्तसङ्गोऽनहंवादी धृत्युत्साहसमन्वितः |सिद्ध्यसिद्ध्योर्निर्विकारः कर्ता सात्त्विक उच्यते |,"Free from attachment, unegoistic, endowed with firmness and vigour and unswayed by success and failure—such a doer is said to be Sattvika.",sanskrit,english
BG_18_26_en_sa,BG_18_26,"Free from attachment, unegoistic, endowed with firmness and vigour and unswayed by success and failure—such a doer is said to be Sattvika.",मुक्तसङ्गोऽनहंवादी धृत्युत्साहसमन्वितः |सिद्ध्यसिद्ध्योर्निर्विकारः कर्ता सात्त्विक उच्यते |,english,sanskrit
BG_18_28_sa_en,BG_18_28,अयुक्तः प्राकृतः स्तब्धः शठो नैष्कृतिकोऽलसः |विषादी दीर्घसूत्री च कर्ता तामस उच्यते |,"Lacking piety and self-control, uncultured, arrogant, deceitful, inclined to rob others of their livelihood, slothful, down-hearted and procrastinating, such a doer is called Tamasika.",sanskrit,english
BG_18_28_en_sa,BG_18_28,"Lacking piety and self-control, uncultured, arrogant, deceitful, inclined to rob others of their livelihood, slothful, down-hearted and procrastinating, such a doer is called Tamasika.",अयुक्तः प्राकृतः स्तब्धः शठो नैष्कृतिकोऽलसः |विषादी दीर्घसूत्री च कर्ता तामस उच्यते |,english,sanskrit
BG_18_30_sa_en,BG_18_30,प्रवृत्तिं च निवृत्तिं च कार्याकार्ये भयाभये |बन्धं मोक्षं च या वेत्ति बुद्धिः सा पार्थ सात्त्विकी |,"The intellect which correctly determines the paths of activity and renunciation, what ought to be done and what should not be done, what is fear and what is fearlessness, and what is bondage and what is liberation, that intellect is Sattvika.",sanskrit,english
BG_18_30_en_sa,BG_18_30,"The intellect which correctly determines the paths of activity and renunciation, what ought to be done and what should not be done, what is fear and what is fearlessness, and what is bondage and what is liberation, that intellect is Sattvika.",प्रवृत्तिं च निवृत्तिं च कार्याकार्ये भयाभये |बन्धं मोक्षं च या वेत्ति बुद्धिः सा पार्थ सात्त्विकी |,english,sanskrit
BG_18_31_sa_en,BG_18_31,यया धर्ममधर्मं च कार्यं चाकार्यमेव च |अयथावत्प्रजानाति बुद्धिः सा पार्थ राजसी |,"By which a person knows what is duty and what is not duty, what is action and what is inaction, that intellect, O Partha, is Rajasic. The intellect by which man does not truly perceive what is Dharma and what is Adharma, what ought to be done and what should not be done,—that intellect is Rajasika.",sanskrit,english
BG_18_31_en_sa,BG_18_31,"By which a person knows what is duty and what is not duty, what is action and what is inaction, that intellect, O Partha, is Rajasic. The intellect by which man does not truly perceive what is Dharma and what is Adharma, what ought to be done and what should not be done,—that intellect is Rajasika.",यया धर्ममधर्मं च कार्यं चाकार्यमेव च |अयथावत्प्रजानाति बुद्धिः सा पार्थ राजसी |,english,sanskrit
BG_18_32_sa_en,BG_18_32,अधर्मं धर्ममिति या मन्यते तमसावृता |सर्वार्थान्विपरीतांश्च बुद्धिः सा पार्थ तामसी |,"The intellect which imagines even Adharma to be Dharma, and sees all other things upside-down,—wrapped in ignorance, that intellect is Tamasika, Arjuna.",sanskrit,english
BG_18_32_en_sa,BG_18_32,"The intellect which imagines even Adharma to be Dharma, and sees all other things upside-down,—wrapped in ignorance, that intellect is Tamasika, Arjuna.",अधर्मं धर्ममिति या मन्यते तमसावृता |सर्वार्थान्विपरीतांश्च बुद्धिः सा पार्थ तामसी |,english,sanskrit
BG_18_33_sa_en,BG_18_33,धृत्या यया धारयते मनःप्राणेन्द्रियक्रियाः |योगेनाव्यभिचारिण्या धृतिः सा पार्थ सात्त्विकी |,"The unwavering firmness by which man controls through the Yoga of meditation the functions of the mind, the vital airs and the senses—that firmness, Arjuna, is Sattvika.",sanskrit,english
BG_18_33_en_sa,BG_18_33,"The unwavering firmness by which man controls through the Yoga of meditation the functions of the mind, the vital airs and the senses—that firmness, Arjuna, is Sattvika.",धृत्या यया धारयते मनःप्राणेन्द्रियक्रियाः |योगेनाव्यभिचारिण्या धृतिः सा पार्थ सात्त्विकी |,english,sanskrit
BG_18_34_sa_en,BG_18_34,यया तु धर्मकामार्थान्धृत्या धारयतेऽर्जुन |प्रसङ्गेन फलाकाङ्क्षी धृतिः सा पार्थ राजसी |,"The Dhrti, however, by which the man seeking a reward for his actions, clutches with extreme fondness virtues, earthly possessions and worldly enjoyments,—that Dhrti is Rajasika, Arjuna.",sanskrit,english
BG_18_34_en_sa,BG_18_34,"The Dhrti, however, by which the man seeking a reward for his actions, clutches with extreme fondness virtues, earthly possessions and worldly enjoyments,—that Dhrti is Rajasika, Arjuna.",यया तु धर्मकामार्थान्धृत्या धारयतेऽर्जुन |प्रसङ्गेन फलाकाङ्क्षी धृतिः सा पार्थ राजसी |,english,sanskrit
BG_18_35_sa_en,BG_18_35,यया स्वप्नं भयं शोकं विषादं मदमेव च |न विमुञ्चति दुर्मेधा धृतिः सा पार्थ तामसी |,"The firmness by which a foolish person does not give up sleep, fear, grief, despondency, and pride — that firmness, O Partha, is Tāmasika",sanskrit,english
BG_18_35_en_sa,BG_18_35,"The firmness by which a foolish person does not give up sleep, fear, grief, despondency, and pride — that firmness, O Partha, is Tāmasika",यया स्वप्नं भयं शोकं विषादं मदमेव च |न विमुञ्चति दुर्मेधा धृतिः सा पार्थ तामसी |,english,sanskrit
BG_18_36_sa_en,BG_18_36,सुखं त्विदानीं त्रिविधं शृणु मे भरतर्षभ |अभ्यासाद्रमते यत्र दुःखान्तं च निगच्छति |,"Now hear from Me the threefold joy too. That is which the striver finds enjoyments through practice of adoration, meditation and service to God etc., and whereby he reaches the end of sorrow.",sanskrit,english
BG_18_36_en_sa,BG_18_36,"Now hear from Me the threefold joy too. That is which the striver finds enjoyments through practice of adoration, meditation and service to God etc., and whereby he reaches the end of sorrow.",सुखं त्विदानीं त्रिविधं शृणु मे भरतर्षभ |अभ्यासाद्रमते यत्र दुःखान्तं च निगच्छति |,english,sanskrit
BG_18_39_sa_en,BG_18_39,यदग्रे चानुबन्धे च सुखं मोहनमात्मनः |निद्रालस्यप्रमादोत्थं तत्तामसमुदाहृतम् |,"That which stupefies the self during its enjoyment as well as in the end, derived from sleep, indolence and obstinate error; such delight has been called Tamasika.",sanskrit,english
BG_18_39_en_sa,BG_18_39,"That which stupefies the self during its enjoyment as well as in the end, derived from sleep, indolence and obstinate error; such delight has been called Tamasika.",यदग्रे चानुबन्धे च सुखं मोहनमात्मनः |निद्रालस्यप्रमादोत्थं तत्तामसमुदाहृतम् |,english,sanskrit
BG_18_41_sa_en,BG_18_41,ब्राह्मणक्षत्रियविशां शूद्राणां च परन्तप |कर्माणि प्रविभक्तानि स्वभावप्रभवैर्गुणैः |,"The duties of the Brahmanas, the Ksatriyas and the Vaisyas, as well as of the Sudras, have been divided according to their inborn qualities, Arjuna.",sanskrit,english
BG_18_41_en_sa,BG_18_41,"The duties of the Brahmanas, the Ksatriyas and the Vaisyas, as well as of the Sudras, have been divided according to their inborn qualities, Arjuna.",ब्राह्मणक्षत्रियविशां शूद्राणां च परन्तप |कर्माणि प्रविभक्तानि स्वभावप्रभवैर्गुणैः |,english,sanskrit
BG_18_43_sa_en,BG_18_43,शौर्यं तेजो धृतिर्दाक्ष्यं युद्धे चाप्यपलायनम् |दानमीश्वरभावश्च क्षात्रं कर्म स्वभावजम् |,"Exhibition of valour, fearlessness, firmness, cleverness and steadiness in battle, bestowing gifts, and lordliness—all these constitute the natural duty of a Ksatriya.",sanskrit,english
BG_18_43_en_sa,BG_18_43,"Exhibition of valour, fearlessness, firmness, cleverness and steadiness in battle, bestowing gifts, and lordliness—all these constitute the natural duty of a Ksatriya.",शौर्यं तेजो धृतिर्दाक्ष्यं युद्धे चाप्यपलायनम् |दानमीश्वरभावश्च क्षात्रं कर्म स्वभावजम् |,english,sanskrit
BG_18_44_sa_en,BG_18_44,कृषिगौरक्ष्यवाणिज्यं वैश्यकर्म स्वभावजम् |परिचर्यात्मकं कर्म शूद्रस्यापि स्वभावजम् |,"Agriculture, rearing of cows and honest exchange of merchandise—these constitute the natural duty of a Vaisya. And service of the other classes in the natural duty of a Sudra.",sanskrit,english
BG_18_44_en_sa,BG_18_44,"Agriculture, rearing of cows and honest exchange of merchandise—these constitute the natural duty of a Vaisya. And service of the other classes in the natural duty of a Sudra.",कृषिगौरक्ष्यवाणिज्यं वैश्यकर्म स्वभावजम् |परिचर्यात्मकं कर्म शूद्रस्यापि स्वभावजम् |,english,sanskrit
BG_18_47_sa_en,BG_18_47,श्रेयान्स्वधर्मो विगुणः परधर्मात्स्वनुष्ठितात् |स्वभावनियतं कर्म कुर्वन्नाप्नोति किल्बिषम् |,"Better is one’s own duty, though devoid of merit, than the duty of another well-performed; for performing the duty ordained by his own nature man does not incur sin.",sanskrit,english
BG_18_47_en_sa,BG_18_47,"Better is one’s own duty, though devoid of merit, than the duty of another well-performed; for performing the duty ordained by his own nature man does not incur sin.",श्रेयान्स्वधर्मो विगुणः परधर्मात्स्वनुष्ठितात् |स्वभावनियतं कर्म कुर्वन्नाप्नोति किल्बिषम् |,english,sanskrit
BG_18_49_sa_en,BG_18_49,असक्तबुद्धिः सर्वत्र जितात्मा विगतस्पृहः |नैष्कर्म्यसिद्धिं परमां संन्यासेनाधिगच्छति |,"He whose intellect is unattached everywhere, whose thirst for enjoyments has altogether disappeared and who has subdued his mind, reaches through Sankhyayogathe consummation of actionlessness.",sanskrit,english
BG_18_49_en_sa,BG_18_49,"He whose intellect is unattached everywhere, whose thirst for enjoyments has altogether disappeared and who has subdued his mind, reaches through Sankhyayogathe consummation of actionlessness.",असक्तबुद्धिः सर्वत्र जितात्मा विगतस्पृहः |नैष्कर्म्यसिद्धिं परमां संन्यासेनाधिगच्छति |,english,sanskrit
BG_18_51_sa_en,BG_18_51,बुद्ध्या विशुद्धया युक्तो धृत्यात्मानं नियम्य च |शब्दादीन्विषयांस्त्यक्त्वा रागद्वेषौ व्युदस्य च |,"Endowed with an untarnished intellect and partaking of a light, Sattvika and regulated diet, having rejected sound and other objects of sense, and having completely got rid of attraction and aversion.",sanskrit,english
BG_18_51_en_sa,BG_18_51,"Endowed with an untarnished intellect and partaking of a light, Sattvika and regulated diet, having rejected sound and other objects of sense, and having completely got rid of attraction and aversion.",बुद्ध्या विशुद्धया युक्तो धृत्यात्मानं नियम्य च |शब्दादीन्विषयांस्त्यक्त्वा रागद्वेषौ व्युदस्य च |,english,sanskrit
BG_18_52_sa_en,BG_18_52,विविक्तसेवी लघ्वाशी यतवाक्कायमानसः |ध्यानयोगपरो नित्यं वैराग्यं समुपाश्रितः |,"Living in a lonely and undefiled place, partaking of light food, controlling speech, body and mind, remaining ever devoted to meditation, taking constant recourse to dispassion.",sanskrit,english
BG_18_52_en_sa,BG_18_52,"Living in a lonely and undefiled place, partaking of light food, controlling speech, body and mind, remaining ever devoted to meditation, taking constant recourse to dispassion.",विविक्तसेवी लघ्वाशी यतवाक्कायमानसः |ध्यानयोगपरो नित्यं वैराग्यं समुपाश्रितः |,english,sanskrit
BG_18_53_sa_en,BG_18_53,अहंकारं बलं दर्पं कामं क्रोधं परिग्रहम् |विमुच्य निर्ममः शान्तो ब्रह्मभूयाय कल्पते |,"Having given up egotism, strength, arrogance, desire, anger and possessions, devoid of ‘mineness,’ tranquil in heart, the man becomes qualified for oneness with Brahma.",sanskrit,english
BG_18_53_en_sa,BG_18_53,"Having given up egotism, strength, arrogance, desire, anger and possessions, devoid of ‘mineness,’ tranquil in heart, the man becomes qualified for oneness with Brahma.",अहंकारं बलं दर्पं कामं क्रोधं परिग्रहम् |विमुच्य निर्ममः शान्तो ब्रह्मभूयाय कल्पते |,english,sanskrit
BG_18_54_sa_en,BG_18_54,ब्रह्मभूतः प्रसन्नात्मा न शोचति न काङ्क्षति |समः सर्वेषु भूतेषु मद्भक्तिं लभते पराम् |,"Endowed with an untarnished intellect and partaking of a light, Sattvika and regulated diet, living in a lonely and undefiled place having rejected sound and other objects of sense, having controlled the mind, speech and body by restraining the mind and senses through firmness of a Sattvika type, taking a resolute stand on dispassion, after having completely got rid of attraction and aversion and remaining ever devoted to the Yoga of meditation having given up egotism, violence, arrogance, lust, anger and luxuries, devoid of the feeling of meum and tranquil of hear,—such a man becomes qualified for oneness with Brahma, who is Truth Consciousness and Bliss.",sanskrit,english
BG_18_54_en_sa,BG_18_54,"Endowed with an untarnished intellect and partaking of a light, Sattvika and regulated diet, living in a lonely and undefiled place having rejected sound and other objects of sense, having controlled the mind, speech and body by restraining the mind and senses through firmness of a Sattvika type, taking a resolute stand on dispassion, after having completely got rid of attraction and aversion and remaining ever devoted to the Yoga of meditation having given up egotism, violence, arrogance, lust, anger and luxuries, devoid of the feeling of meum and tranquil of hear,—such a man becomes qualified for oneness with Brahma, who is Truth Consciousness and Bliss.",ब्रह्मभूतः प्रसन्नात्मा न शोचति न काङ्क्षति |समः सर्वेषु भूतेषु मद्भक्तिं लभते पराम् |,english,sanskrit
BG_18_55_sa_en,BG_18_55,भक्त्या मामभिजानाति यावान्यश्चास्मि तत्त्वतः |ततो मां तत्त्वतो ज्ञात्वा विशते तदनन्तरम् |,"Through that supreme devotion he comes to know Me in reality, what and how great I am; and thereby knowing Me in essence he forthwith enters into My being.",sanskrit,english
BG_18_55_en_sa,BG_18_55,"Through that supreme devotion he comes to know Me in reality, what and how great I am; and thereby knowing Me in essence he forthwith enters into My being.",भक्त्या मामभिजानाति यावान्यश्चास्मि तत्त्वतः |ततो मां तत्त्वतो ज्ञात्वा विशते तदनन्तरम् |,english,sanskrit
BG_18_56_sa_en,BG_18_56,सर्वकर्माण्यपि सदा कुर्वाणो मद्व्यपाश्रयः |मत्प्रसादादवाप्नोति शाश्वतं पदमव्ययम् |,"The Karmayogi, however, who depends on Me, attains by My grace the eternal, imperishable state, even though performing all actions.",sanskrit,english
BG_18_56_en_sa,BG_18_56,"The Karmayogi, however, who depends on Me, attains by My grace the eternal, imperishable state, even though performing all actions.",सर्वकर्माण्यपि सदा कुर्वाणो मद्व्यपाश्रयः |मत्प्रसादादवाप्नोति शाश्वतं पदमव्ययम् |,english,sanskrit
BG_18_57_sa_en,BG_18_57,चेतसा सर्वकर्माणि मयि संन्यस्य मत्परः |बुद्धियोगमुपाश्रित्य मच्चित्तः सततं भव |,"Mentally resigning all your duties to Me, and taking recourse to Yoga in the form of even-mindedness, be solely devoted to Me and constantly give your mind to Me.",sanskrit,english
BG_18_57_en_sa,BG_18_57,"Mentally resigning all your duties to Me, and taking recourse to Yoga in the form of even-mindedness, be solely devoted to Me and constantly give your mind to Me.",चेतसा सर्वकर्माणि मयि संन्यस्य मत्परः |बुद्धियोगमुपाश्रित्य मच्चित्तः सततं भव |,english,sanskrit
BG_18_58_sa_en,BG_18_58,मच्चित्तः सर्वदुर्गाणि मत्प्रसादात्तरिष्यसि |अथ चेत्त्वमहंकारान्न श्रोष्यसि विनङ्क्ष्यसि |,"With your mind thus given to Me, you shall tide over all difficulties by My grace. And if, from egotism, you will not listen, you will be lost.",sanskrit,english
BG_18_58_en_sa,BG_18_58,"With your mind thus given to Me, you shall tide over all difficulties by My grace. And if, from egotism, you will not listen, you will be lost.",मच्चित्तः सर्वदुर्गाणि मत्प्रसादात्तरिष्यसि |अथ चेत्त्वमहंकारान्न श्रोष्यसि विनङ्क्ष्यसि |,english,sanskrit
BG_18_59_sa_en,BG_18_59,यदहंकारमाश्रित्य न योत्स्य इति मन्यसे |मिथ्यैष व्यवसायस्ते प्रकृतिस्त्वां नियोक्ष्यति |,"If you think, 'I will not fight,' taking shelter in egoism, your determination is false, for your nature will compel you to engage in battle.",sanskrit,english
BG_18_59_en_sa,BG_18_59,"If you think, 'I will not fight,' taking shelter in egoism, your determination is false, for your nature will compel you to engage in battle.",यदहंकारमाश्रित्य न योत्स्य इति मन्यसे |मिथ्यैष व्यवसायस्ते प्रकृतिस्त्वां नियोक्ष्यति |,english,sanskrit
BG_18_60_sa_en,BG_18_60,स्वभावजेन कौन्तेय निबद्धः स्वेन कर्मणा |कर्तुं नेच्छसि यन्मोहात्करिष्यस्यवशोपि तत् |,"That action too which you are not willing to undertake through ignorance,—bound by your own duty born of your nature, you will helplessly perform.",sanskrit,english
BG_18_60_en_sa,BG_18_60,"That action too which you are not willing to undertake through ignorance,—bound by your own duty born of your nature, you will helplessly perform.",स्वभावजेन कौन्तेय निबद्धः स्वेन कर्मणा |कर्तुं नेच्छसि यन्मोहात्करिष्यस्यवशोपि तत् |,english,sanskrit
BG_18_61_sa_en,BG_18_61,ईश्वरः सर्वभूतानां हृद्देशेऽर्जुन तिष्ठति |भ्रामयन्सर्वभूतानि यन्त्रारूढानि मायया |,"The Supreme Lord is situated in the hearts of all beings, O Arjuna, and is directing the wanderings of all living entities, who are seated as on a machine, made of the material energy.",sanskrit,english
BG_18_61_en_sa,BG_18_61,"The Supreme Lord is situated in the hearts of all beings, O Arjuna, and is directing the wanderings of all living entities, who are seated as on a machine, made of the material energy.",ईश्वरः सर्वभूतानां हृद्देशेऽर्जुन तिष्ठति |भ्रामयन्सर्वभूतानि यन्त्रारूढानि मायया |,english,sanskrit
BG_18_62_sa_en,BG_18_62,तमेव शरणं गच्छ सर्वभावेन भारत |तत्प्रसादात्परां शान्तिं स्थानं प्राप्स्यसि शाश्वतम् |,"Take shelter in Him alone, with all your being, Arjuna. By His mere grace you shall attain supreme peace and the eternal state.",sanskrit,english
BG_18_62_en_sa,BG_18_62,"Take shelter in Him alone, with all your being, Arjuna. By His mere grace you shall attain supreme peace and the eternal state.",तमेव शरणं गच्छ सर्वभावेन भारत |तत्प्रसादात्परां शान्तिं स्थानं प्राप्स्यसि शाश्वतम् |,english,sanskrit
BG_18_63_sa_en,BG_18_63,इति ते ज्ञानमाख्यातं गुह्याद्गुह्यतरं मया |विमृश्यैतदशेषेण यथेच्छसि तथा कुरु |,"Thus I have explained to you knowledge, more secret than all secrets. Reflect on this fully and then do as you wish.",sanskrit,english
BG_18_63_en_sa,BG_18_63,"Thus I have explained to you knowledge, more secret than all secrets. Reflect on this fully and then do as you wish.",इति ते ज्ञानमाख्यातं गुह्याद्गुह्यतरं मया |विमृश्यैतदशेषेण यथेच्छसि तथा कुरु |,english,sanskrit
BG_18_64_sa_en,BG_18_64,सर्वगुह्यतमं भूयः शृणु मे परमं वचः |इष्टोऽसि मे दृढमिति ततो वक्ष्यामि ते हितम् |,"Hear, again, My supremely secret word, the most esoteric of all truths. You are extremely dear to Me; therefore, I shall offer you this salutary advice.",sanskrit,english
BG_18_64_en_sa,BG_18_64,"Hear, again, My supremely secret word, the most esoteric of all truths. You are extremely dear to Me; therefore, I shall offer you this salutary advice.",सर्वगुह्यतमं भूयः शृणु मे परमं वचः |इष्टोऽसि मे दृढमिति ततो वक्ष्यामि ते हितम् |,english,sanskrit
BG_18_65_sa_en,BG_18_65,मन्मना भव मद्भक्तो मद्याजी मां नमस्कुरु |मामेवैष्यसि सत्यं ते प्रतिजाने प्रियोऽसि मे |,"Be devoted to Me, worship Me, bow down to Me. You shall come to Me alone; this is My promise to you. You are dear to Me. Give your mind to Me, be devoted to Me, worship Me and bow to Me. Doing so you will come to Me alone, I truly promise you; for you are exceptionally dear to Me.",sanskrit,english
BG_18_65_en_sa,BG_18_65,"Be devoted to Me, worship Me, bow down to Me. You shall come to Me alone; this is My promise to you. You are dear to Me. Give your mind to Me, be devoted to Me, worship Me and bow to Me. Doing so you will come to Me alone, I truly promise you; for you are exceptionally dear to Me.",मन्मना भव मद्भक्तो मद्याजी मां नमस्कुरु |मामेवैष्यसि सत्यं ते प्रतिजाने प्रियोऽसि मे |,english,sanskrit
BG_18_67_sa_en,BG_18_67,इदं ते नातपस्काय नाभक्ताय कदाचन |न चाशुश्रूषवे वाच्यं न च मां योऽभ्यसूयति |,"This secret gospel of the Gita should never be imparted to a man who lacks penance, nor to him who is wanting in devotion, nor even to him who lends not a willing ear; and in no case to him who finds fault with Me.",sanskrit,english
BG_18_67_en_sa,BG_18_67,"This secret gospel of the Gita should never be imparted to a man who lacks penance, nor to him who is wanting in devotion, nor even to him who lends not a willing ear; and in no case to him who finds fault with Me.",इदं ते नातपस्काय नाभक्ताय कदाचन |न चाशुश्रूषवे वाच्यं न च मां योऽभ्यसूयति |,english,sanskrit
BG_18_68_sa_en,BG_18_68,य इदं परमं गुह्यं मद्भक्तेष्वभिधास्यति |भक्तिं मयि परां कृत्वा मामेवैष्यत्यसंशयः |,"He who, offering the highest love to Me, preaches the most profound gospel of the gita among my devotees, shall come to me alone, there is no doubt about it.",sanskrit,english
BG_18_68_en_sa,BG_18_68,"He who, offering the highest love to Me, preaches the most profound gospel of the gita among my devotees, shall come to me alone, there is no doubt about it.",य इदं परमं गुह्यं मद्भक्तेष्वभिधास्यति |भक्तिं मयि परां कृत्वा मामेवैष्यत्यसंशयः |,english,sanskrit
BG_18_69_sa_en,BG_18_69,न च तस्मान्मनुष्येषु कश्चिन्मे प्रियकृत्तमः |भविता न च मे तस्मादन्यः प्रियतरो भुवि |,"Among men there is none who does me a more loving service than he, nor shall anyone be dearer to me on the entire globe than he.",sanskrit,english
BG_18_69_en_sa,BG_18_69,"Among men there is none who does me a more loving service than he, nor shall anyone be dearer to me on the entire globe than he.",न च तस्मान्मनुष्येषु कश्चिन्मे प्रियकृत्तमः |भविता न च मे तस्मादन्यः प्रियतरो भुवि |,english,sanskrit
BG_18_70_sa_en,BG_18_70,अध्येष्यते च य इमं धर्म्यं संवादमावयोः |ज्ञानयज्ञेन तेनाहमिष्टः स्यामिति मे मतिः |,"Whosoever studies this sacred dialogue of ours in the form of the Gita, by him too shall I be worshipped through the sacrifice of knowledge—such is my opinion.",sanskrit,english
BG_18_70_en_sa,BG_18_70,"Whosoever studies this sacred dialogue of ours in the form of the Gita, by him too shall I be worshipped through the sacrifice of knowledge—such is my opinion.",अध्येष्यते च य इमं धर्म्यं संवादमावयोः |ज्ञानयज्ञेन तेनाहमिष्टः स्यामिति मे मतिः |,english,sanskrit
BG_18_71_sa_en,BG_18_71,श्रद्धावाननसूयश्च शृणुयादपि यो नरः |सोऽपि मुक्तः शुभाँल्लोकान्प्राप्नुयात्पुण्यकर्मणाम् |,"The man who hears the holy Gita with reverence and in an uncarping spirit,—liberated from sin, he too shall reach the happy worlds of the virtuous.",sanskrit,english
BG_18_71_en_sa,BG_18_71,"The man who hears the holy Gita with reverence and in an uncarping spirit,—liberated from sin, he too shall reach the happy worlds of the virtuous.",श्रद्धावाननसूयश्च शृणुयादपि यो नरः |सोऽपि मुक्तः शुभाँल्लोकान्प्राप्नुयात्पुण्यकर्मणाम् |,english,sanskrit
BG_18_72_sa_en,BG_18_72,कच्चिदेतच्छ्रुतं पार्थ त्वयैकाग्रेण चेतसा |कच्चिदज्ञानसम्मोहः प्रनष्टस्ते धनञ्जय |,"O Partha, have you listened to this with concentrated mind? And O Dhananjaya, has your delusion born of ignorance been dispelled?",sanskrit,english
BG_18_72_en_sa,BG_18_72,"O Partha, have you listened to this with concentrated mind? And O Dhananjaya, has your delusion born of ignorance been dispelled?",कच्चिदेतच्छ्रुतं पार्थ त्वयैकाग्रेण चेतसा |कच्चिदज्ञानसम्मोहः प्रनष्टस्ते धनञ्जय |,english,sanskrit
BG_18_73_sa_en,BG_18_73,अर्जुन उवाच |नष्टो मोहः स्मृतिर्लब्धा त्वत्प्रसादान्मयाच्युत |स्थितोऽस्मि गतसन्देहः करिष्ये वचनं तव |,"Arjuna said: Krishna, by Your grace my delusion has fled and wisdom has been gained by me. I stand shorn of all doubts. I will do your bidding.",sanskrit,english
BG_18_73_en_sa,BG_18_73,"Arjuna said: Krishna, by Your grace my delusion has fled and wisdom has been gained by me. I stand shorn of all doubts. I will do your bidding.",अर्जुन उवाच |नष्टो मोहः स्मृतिर्लब्धा त्वत्प्रसादान्मयाच्युत |स्थितोऽस्मि गतसन्देहः करिष्ये वचनं तव |,english,sanskrit
BG_18_74_sa_en,BG_18_74,सञ्जय उवाच |इत्यहं वासुदेवस्य पार्थस्य च महात्मनः |संवादमिममश्रौषमद्भुतं रोमहर्षणम् |,"Sanjaya said: Thus I heard the mysterious and thrilling conversation between Shree Krishna and the high-souled Arjuna, son of Kunti.",sanskrit,english
BG_18_74_en_sa,BG_18_74,"Sanjaya said: Thus I heard the mysterious and thrilling conversation between Shree Krishna and the high-souled Arjuna, son of Kunti.",सञ्जय उवाच |इत्यहं वासुदेवस्य पार्थस्य च महात्मनः |संवादमिममश्रौषमद्भुतं रोमहर्षणम् |,english,sanskrit
BG_18_75_sa_en,BG_18_75,व्यासप्रसादाच्छ्रुतवानेतद्गुह्यमहं परम् |योगं योगेश्वरात्कृष्णात्साक्षात्कथयतः स्वयम् |,"Having been blessed with the divine vision by the grace of Shree Vyasa, I heard this supremely esoteric gospel from the Lord of Yoga, Shree Krishna Himself, imparting it to Arjuna before my very eyes.",sanskrit,english
BG_18_75_en_sa,BG_18_75,"Having been blessed with the divine vision by the grace of Shree Vyasa, I heard this supremely esoteric gospel from the Lord of Yoga, Shree Krishna Himself, imparting it to Arjuna before my very eyes.",व्यासप्रसादाच्छ्रुतवानेतद्गुह्यमहं परम् |योगं योगेश्वरात्कृष्णात्साक्षात्कथयतः स्वयम् |,english,sanskrit
BG_18_76_sa_en,BG_18_76,राजन्संस्मृत्य संस्मृत्य संवादमिममद्भुतम् |केशवार्जुनयोः पुण्यं हृष्यामि च मुहुर्मुहुः |,"Remembering, over and over, that sacred and mystic conversation between Bhagavan Shree Krishna and Arjuna, O King! I rejoice again and yet again.",sanskrit,english
BG_18_76_en_sa,BG_18_76,"Remembering, over and over, that sacred and mystic conversation between Bhagavan Shree Krishna and Arjuna, O King! I rejoice again and yet again.",राजन्संस्मृत्य संस्मृत्य संवादमिममद्भुतम् |केशवार्जुनयोः पुण्यं हृष्यामि च मुहुर्मुहुः |,english,sanskrit
BG_18_77_sa_en,BG_18_77,तच्च संस्मृत्य संस्मृत्य रूपमत्यद्भुतं हरेः |विस्मयो मे महान् राजन्हृष्यामि च पुनः पुनः |,"Remembering also, again and again, that most wonderful Form of Shree Krishna, great is my wonder and I rejoice over and over again.",sanskrit,english
BG_18_77_en_sa,BG_18_77,"Remembering also, again and again, that most wonderful Form of Shree Krishna, great is my wonder and I rejoice over and over again.",तच्च संस्मृत्य संस्मृत्य रूपमत्यद्भुतं हरेः |विस्मयो मे महान् राजन्हृष्यामि च पुनः पुनः |,english,sanskrit
BG_18_78_sa_en,BG_18_78,यत्र योगेश्वरः कृष्णो यत्र पार्थो धनुर्धरः |तत्र श्रीर्विजयो भूतिर्ध्रुवा नीतिर्मतिर्मम |,"Wherever there is Bhagavan Shree Krishna, the Lord of Yoga, and wherever there is Arjuna, the wielder of the Gandiva bow, goodness, victory, glory and unfailing righteousness are there: such is my conviction.",sanskrit,english
BG_18_78_en_sa,BG_18_78,"Wherever there is Bhagavan Shree Krishna, the Lord of Yoga, and wherever there is Arjuna, the wielder of the Gandiva bow, goodness, victory, glory and unfailing righteousness are there: such is my conviction.",यत्र योगेश्वरः कृष्णो यत्र पार्थो धनुर्धरः |तत्र श्रीर्विजयो भूतिर्ध्रुवा नीतिर्मतिर्मम |,english,sanskrit
